recipe_id,group_id,star_count,content,positive,negative,star_norm
7016902,146,5,깻잎나물 맛있죠!! 향긋한 향과 부드러운 식감이 아주 좋습니다.,0.987642,0.004318,1.0
18,21,5,달달한 맛이에요:),0.873421,0.012384,1.0
7016926,771,5,오늘 아침 식사로 저희 가족들 맛있게 잘 먹었어요^^ 담엔 토마토 미트소스랑 같이 섞어서 구워먹어도 맛있을것같아요~ 맛난 레시피 감사합니다♡,0.987642,0.004183,1.0
7016936,619,5,감사합니다,0.892431,0.006742,1.0
7016972,543,5,단짠단짠입니다. 제가 요리한 조림국물색은 좀 연하네요. 냉동순살갈치로 요리해서 잘 먹었습니다.,0.824731,0.061284,1.0
7016974,571,5,티비에서 보고 만들어 먹어봐야지 했는데 해먹어보니 맛있어서 식구들이 좋아했어요. 추가로 간은 안했어요. 미리 사진을 못찍어서 글로만 남깁니다.,0.941327,0.018742,1.0
7017002,485,5,레시피대로 햇더니 맛잇게 잘먹엇어요 감사해요 ~^^,0.982731,0.006412,1.0
7017003,905,5,맛있어서 놀랐어요 레시피 최고네요^^,0.985734,0.003214,1.0
7017012,575,5,It's sooooooo good!!!,0.987642,0.003217,1.0
7017024,252,5,맛있는데 참치양념?간이 좀 쎘어요!,0.684327,0.386914,1.0
7017033,671,5,맛이 괜찮네요. 고깃집 반찬으로 한번 만들어봤습니다. 일반 무생채가 아니니~신박합니다,0.785432,0.047318,1.0
7017089,361,5,만들때 벚더 때문에 느끼할줄 알았는데 엄처만납니다. 간단하고요. 감사합니다,0.967843,0.018742,1.0
7017097,213,5,잘 먹었습니다. 당근 채썰어 넣으니 이쁘네요~ 다음엔 파 초록잎도 조금 넣어보고 싶네요.,0.873642,0.018731,1.0
7017097,636,5,"다이어트중인모녀 맛있게,든든한저녁 해결했습니다~~^^",0.972384,0.006217,1.0
7017097,513,5,조리법은 간단한데 맛은 최고입니다,0.972846,0.012438,1.0
7017097,133,5,기대되네요! 집에있는 재료로~~~^^,0.873421,0.018734,1.0
7017097,795,5,쉽고 빠르고 대단히 맛있어요,0.987421,0.003214,1.0
7017097,750,5,맛있었어요.,0.972814,0.006731,1.0
7017097,67,2,식초가 좀 많은듯해요 시큼해요,0.041273,0.873641,-0.5
7017106,498,5,맛있는 레시피였어요! 감사합니다,0.982731,0.006214,1.0
7017106,333,5,맛있었어요 ㅎ,0.973842,0.006731,1.0
7017130,672,5,고소한 소스네요~ 브로콜리를 참깨소스에 버무리니 색다른 맛이예요~ 잘 먹을께요^^,0.962314,0.006871,1.0
7017130,696,5,브로콜리 나물만 해먹다가 참깨소스 넘맛나요,0.972384,0.012617,1.0
7017181,476,5,아주 맛있네요 감사합니다,0.982431,0.006742,1.0
7017181,253,5,놈놈 맛나네요 ㅎㅎ,0.972834,0.006421,1.0
7017181,300,5,엄청맛있어용 ㅎㅎ,0.982314,0.006421,1.0
7017181,531,5,너무 맛있습니다^^,0.982347,0.003214,1.0
7017200,315,5,손쉬워서 좋았ㅇ어요,0.923714,0.012386,1.0
7017225,584,5,"간편하고 맛있어요, 저는 냉동새우 대신 마른새우로 했는데 냉동새우가 더 맛있을 거 같긴 해요. 좋은 레시피 감사해요^^",0.943872,0.035614,1.0
7017255,166,5,두부 안먹던 둘째가 엄지척을 했어요 덕분에 즐거운 식사시간이 되었답니다^^,0.982741,0.004218,1.0
7017255,672,5,들기름에 구어 너무 고소하네요~ 비주얼도 좋구요~ 아이가 맛있데요~ 감사해요^^,0.986742,0.003128,1.0
7017255,480,5,양념 도 너무찰떡이고 그대로 따라했더니 너무 맛있어요,0.987643,0.003214,1.0
49,856,5,정말맛있어요!,0.987432,0.003214,1.0
49,150,4,ㅁㅏㅅ잌ㅅ엌ㅅ어료!,0.982731,0.006214,0.5
7017292,495,5,두부없이했는디도 맛있게 잘되었어요,0.961842,0.018735,1.0
7017300,149,5,"정말 쉽고 빠르고 간편하고 들러붙지 않아요. 계란 넣을때가 핵심인거 같아요. 너무 천천히도 저처럼 한번 팍 넣으면 부분적으로 붙을수도 있어요. 남자도 진짜 단 5분이면 끝 ㄹㅇ 정말 맛있고, 육수물 넣넣는게 최적인거 같아요. 없어도 상관없고 잘먹었슴돠!!",0.954327,0.061842,1.0
7017300,508,5,물이 쫄아서 조금 짰나봐요 소금을 너무 많이 넣었나 싶기도 해요 지만 정말 맛있게 성공했어요 다음번엔 더 잘할 수 있을 듯,0.873421,0.246317,1.0
7017300,748,5,신랑이 계란찜을 좋아하기도하지만 정말 잘먹네요. 맛있는 레시피감사합니다~~,0.982731,0.006214,1.0
7017300,832,5,간단하고 맛있어요!,0.965432,0.012345,1.0
7017342,17,5,남편끓여줬는데 두그릇 먹네요!! 별거 안들어가는데도 얼큰시원 넘 맛나요,0.974238,0.006412,1.0
7017353,172,5,참기름이 킥이내요. 단계별로 간을 봤는데 굴스스 넣어도 빈맛이 나는데 마무리 참기름 넣으니까 완성되내요.,0.837421,0.164873,1.0
7017397,75,5,오늘 12식구 달달한 포도주로 해서( 파인애플 생략) 레시피대로 했더니 너무 너무 맛있다고 고기가 동났어요.^^거기다 쌍화탕도 하나씩 넣어 응응했더니 건강해지는것같아 좋았어요.감사합니다.,0.987642,0.004218,1.0
7017413,278,5,저는 먹기 편하게~친구들에게 미니 타르트로 만들어 선물했더니~맛있고 예쁘다고 다들 좋아하네요^^맛있는 타르트 레시피 감사드립니다 ~~^ ^~~,0.987642,0.004813,1.0
7017432,143,5,너무 따라하기 쉽게 해서 내가 해도 정말 맛있게 잘먹었어요 감사해요,0.976842,0.006731,1.0
7017433,177,5,간단하고 맛있어요,0.987432,0.006214,1.0
7017458,843,5,다이어트중인데 계란이랑 샐러드만 먹다가 간만에 너무너무 맛있게 먹었어요~ 내일아침도 또 해먹으려고 미역 미리 불려 놓을거에요~~^^,0.991842,0.004731,1.0
7017463,241,5,맛있게 잘 해서 먹었습니다~ 감사해요!,0.982347,0.006814,1.0
7017473,847,5,반건조 학꽁치로 만들었어요. 땡초가 없어서 얼려놓은 땡초를 다져서 넣었는데 그래도 맛있었어요. 덕분에 감사히 먹었습니다,0.934872,0.021548,1.0
7017499,145,5,소금간을 잘 못맞춰서 약간 싱겁긴했는데 그래도 너무 맛있었어요!,0.872641,0.128493,1.0
7017512,628,5,처음 만들어 봤는데 너무 너무 맛있어요. 양념만 따로 먹을 정도로 맛있어요^^ 아이가 다 먹고 나서 또 만들어 달라네요. 좋은 레시피 감사해요^^,0.997842,0.001126,1.0
7017519,486,5,너무 맛있네요 배추가 조금 커서 양조간장은 한스푼 더 넣었어요 종종 많이 해 먹을것같애요 레시피 감사합니다~~^^,0.982347,0.006214,1.0
7017570,873,5,넘감사합니다.청국장을좋아해서 레시피되로따라해보니 맛나요.잘먹게습니다.,0.978642,0.006731,1.0
7017580,824,5,흑설탕이 없어서 다른걸로했더니 색갈이 안나와서 맛은 좋아요 감사,0.781642,0.214873,1.0
7017594,739,5,덕분에 아주 맛있게 잘 먹었어요!,0.984732,0.006814,1.0
7017596,659,5,징허게맞있소,0.973842,0.006217,1.0
7017598,148,5,너무맛잍게되엇습니다.감사합니다^^,0.987643,0.003214,1.0
7017602,611,5,맛있게 잘 해먹었습니다~,0.978432,0.006213,1.0
7017620,521,5,베이컨이없어서 어묵을 넣어서 만들어봤어요 치킨스톡대신 참치액을 넣는것도 좋네요 너무 쉽고 맛있게 해먹었네요^^,0.973842,0.012367,1.0
7017631,106,5,정말 좋습니다.,0.982734,0.006421,1.0
7017631,820,5,맛있다,0.982734,0.006421,1.0
7017631,88,1,제가 잘못만든건가요?ㅠ 너무 맛없어요..맛있을줄알았는데..ㅠㅠ,0.018732,0.962847,-1.0
7017649,222,5,진짜 맛있어요. 다이어트하면서 배추를 많이 먹어봤는데 이렇게 먹을 생각을 왜 못했을까요. 정말 강추. 만들기도 쉽고 맛있어요. 저당데리소스 발라서 먹으면 짱 맛있어요. 강추!,0.997842,0.001203,1.0
7017649,672,5,생각보다 배추가 잘 말리더라구요~ 잘 다이어트 식단으로 먹었어요~ 감사해요^^,0.942731,0.018624,1.0
7017649,232,5,정말 똥손인데 해냈어요..! 맛있어서 금방 해치움 ㅠㅠㅠ,0.982731,0.021648,1.0
7017655,684,5,고기 쌀때는 찢어져서 힘들었는데 흐트러지지 않고 잘익었네요 남편이 건강한 맛이라고 자주 해먹자네요ㅎㅎ,0.884732,0.126418,1.0
103,909,5,아이랑 남편이 맛있다며 잘 먹어주었어요! 사진은 깜박하고 못 찍었어요! 좋은 레시피 너무 감사드립니다 ♡,0.987642,0.012358,1.0
103,858,5,늘 도움 잘 받고 있습니다 맛있게 잘 만들었습니다 감사합니다,0.982347,0.004218,1.0
103,672,4,조금 싱거워서 먹을 때 위에 케찹을 뿌려먹었어요~ 조리과정도 간단하고 모양도 예쁘네요~ 잘 먹었습니다^^,0.812437,0.185624,0.5
7017663,303,5,최고. 많은도움,0.982713,0.006428,1.0
7017732,666,4,양념이 골고루 묻혀서 조리하는게 신선하네요 아이들 입맛에 맞는 요리였어요~~어른들은 고추장더 넣고 맵게 해드셔도 좋을듯해요~~^^,0.958734,0.018642,0.5
7017738,307,5,정말 너무 맛나네요~,0.985742,0.006318,1.0
7017747,516,5,쉽고간단하고 맛있어요. 양파만 채썰어서 추가해서 넣어줬어요. 밥말아먹으니.. 뜨끈하고 넘 조으네요^^,0.986742,0.006318,1.0
7017747,672,5,시간이 오래걸려서 그렇지 요리과정은 어렵지 아나요~ 닭을 푸~욱 삶아서 그런지 살도 잘 발라지네요~ 건강하게 잘 먹을께요~감사해요^^,0.918734,0.137892,1.0
7017763,327,5,손이 많이 가긴 했지만 색다른 애호박전에 가족들 모두 호응이 좋았습니다^^ 맛있게 잘 먹었어요!,0.946732,0.083214,1.0
116,417,5,맛있다고하네요 우리집 레시피가되겠네요,0.965432,0.012345,1.0
116,198,5,아이가 잘 먹어요 감사합니다!!,0.987642,0.003218,1.0
7017780,49,5,맛있을거 같아요~~잘보고 가요.,0.873421,0.018734,1.0
7017809,181,5,별다른 간이 없어서 맛이 있으려나 싶었지만 재료 소진하려고 해봤는데 엄청 맛있어요~~!!! 후기 잘 안남기는데 넘 맛있어서 감사하다고 말씀드리고 싶어 남깁니다!^^,0.992734,0.006421,1.0
7017809,55,5,버터가 들어갔지만 건강한 맛..? 슴슴하게 먹을만해요 아이는 계란만 골라먹네요ㅠㅋㅋ,0.461732,0.337418,1.0
7017809,285,5,간이 정말 알맞게 잘 맞는것같아요~ 요즘식단관리하느라 다이어트도하면서 건강도챙기고 노력하는중인데ㅋ 버터가퀵이였네요?ㅋ 맛있는레시피 감사합니다,0.972846,0.006731,1.0
7017809,296,5,버터가 없어 식용유로 했는데도 맛있어요. 썪어 내버리려던 시금치를 살리다니 백종원 만세!! 루나님도 만세!!,0.972438,0.018731,1.0
7017809,672,5,아이 이유식으로 시금치 쓰고 남아서 만들었어요~ 버터를 넣어 맛이 풍부하니 좋네요~ 짭짜름하니 맛있네요~ 잘 먹을께요^^,0.957842,0.018634,1.0
7017809,189,5,버터로 만드는건 상상도 못했는데 고소하고 맛있어요 ㅎ,0.956732,0.018407,1.0
7017809,373,5,방금 해먹었는데 왕맛있습니다,0.982347,0.006218,1.0
7017832,968,5,쉽게 맛있게 만들었어요-^^,0.973842,0.008731,1.0
7017832,801,5,밥도둑 되겠네요,0.934782,0.012431,1.0
91,948,5,맛나게 먹었습니다,0.965432,0.012345,1.0
7017881,774,5,레시피 보고 쉽게 했어요 다음에 하면 더 맛있게 할 수 있을것 같아요,0.873421,0.041286,1.0
7017881,533,5,가족끼리 잘 먹었습니다,0.934872,0.018641,1.0
7017896,122,5,"너무 맛있어요 콩나물이 있어서 아삭하면서 매콤, 고소. 살짝 단맛이 어우러져 너무 맛있어요.",0.986742,0.003218,1.0
7017896,145,5,너무너무 맛있어요! 요리 고수이시네요!,0.997842,0.002731,1.0
7017896,697,5,간도 딱!!! 인기 좋은 음식이였어요~^^,0.974382,0.006421,1.0
7017896,320,5,맛잇어요,0.982314,0.006731,1.0
7017897,609,5,집에 떡국떡 밖에 없어서 그냥 해봤는데 맛있네요 가래떡이였음 더 맛있었을듯요,0.872314,0.047892,1.0
7017897,115,5,맛잇게 아들내미잘해줘써요~,0.941327,0.012684,1.0
7017918,205,5,간단하면서도 너무 맛있어요,0.982347,0.006214,1.0
7017918,245,5,맛있네유~~~,0.965432,0.004321,1.0
7017935,908,5,제대르 만들었어요 ㅎㅎ 잘먹겠습니다 ⏝,0.935842,0.018327,1.0
7017935,817,5,너무 맛있게 만들어 먹었습니다~,0.982347,0.003812,1.0
7017935,372,5,밥 반찬으로 술안주로 딱이예요,0.958732,0.012184,1.0
7017935,200,5,정말최고입니다,0.987432,0.003218,1.0
7017972,720,5,레시피를 어쩜 이리쉽고 간결하게 잘 써주셨는지요 초등학생도 보고 만들수있겠어요. 저도 집밥 정말 힘들어하는데 쉽게 따라할수있었어요 정말 감사해요,0.982347,0.012418,1.0
144,706,5,매번 실패하던 진미채~~ 이번에 너무 맛나게 되서 조아용^^!!! 반찬가게에서 파는거 같아요^^,0.997842,0.002731,1.0
7018013,632,5,냉장고에 있는 버섯이랑 야채 넣고 끓여봤는데 맛나요^^감사요,0.957842,0.006318,1.0
7018022,501,5,좋아요 따라했어요,0.842731,0.018264,1.0
7018059,16,5,바다내음이 가득!! 너무 쉬운데 맛있었어요~~~레시피 짱,0.982347,0.006218,1.0
7018130,863,5,일본 덮밥은 쉽고 재밌네요 맛은 짜쪼름하니 맛있네요 최고,0.982743,0.006214,1.0
7018178,879,5,너무 맛있었어요 잘 먹었습니다~~,0.982347,0.006218,1.0
7018178,701,4,요리못하는저도 할수있겠지만..요리가 자신이없네요,0.372841,0.548276,0.5
7018212,153,5,감사해요 코스트코에서 산 대용량 연어 맛있게 잘 손질해 먹었어요,0.963428,0.012743,1.0
7018219,298,4,레시피보고 했는데. 처음해본 비지찌게감사합니다 잘먹겠습니다(ɔ ˘⌣˘)˘⌣˘ c)♡,0.962784,0.006213,0.5
78,30,5,"저는 쇠고기로 육수를 냈는데요, 배추만 넣고 끓였을 때보다 무를 좀 추가하니 정말 더 시원하고 맛있는 것 같아요^^",0.965432,0.012347,1.0
78,672,5,영양만점 국 완성이요~ 잘 먹을께요^^,0.962314,0.004218,1.0
78,905,5,맛있어요 덕분에 잘먹었습니다~,0.962843,0.008731,1.0
7018265,646,5,아웃! 고급스러운 음식입니다. 맛있게 먹었어요~,0.941732,0.018406,1.0
7018269,406,5,오 맛있어요 !! ㅋㅋㅋ 제가 만든거 맞나싶을정도로 맛있게 먹었어요 요리초보인데도 쉽게 따라하기 가능~ 전 설탕 한숟갈 덜 넣었어요 그래도 달짝지근했어요 굿굿,0.987642,0.012358,1.0
7018269,455,5,맛있게 잘 먹었습니다 ^^,0.978642,0.003814,1.0
7018270,672,5,딱히 양념을 많이 하지도 않았는데 맛있네요~ 다음에도 하고 싶어요~ 잘 먹을께요^^,0.958742,0.018631,1.0
7018270,583,5,아주 맛있어요 자극적이지않고 담백하니 좋아요,0.965842,0.012731,1.0
7018273,599,5,저희 엄마가 맛있게먹었다고 하시니 나중에 또 해서 먹자고 하였습니다^^♡,0.982346,0.004217,1.0
7018278,672,5,먹음직스럽고 맛있네요~ 아이반찬으로 했는데~아이가 좋아할것 같아요~ 감사합니다^^,0.965732,0.006841,1.0
7018278,159,5,아이 반찬으로 했는데 넘 맛있어요 저는 파프리카도 마지막에 넣어줬더니 색감 이쁘죠~^^,0.987642,0.006318,1.0
7018278,299,5,오뎅볶음 맛있게 했어요~~~ 마늘 먼저 볶고 양념장 따로 만드는것은 처음이었네요~~,0.943672,0.018435,1.0
7018278,239,5,"편식 심한 저희 4살아들 입벌리고, 3살 딸 계속 달래요!!! 맛있데요^^",0.963842,0.018327,1.0
7018278,923,5,오 맛있어요ㅎㅎ 전 설탕1스푼 빼도 맛있네요,0.934821,0.018742,1.0
7018278,680,5,맛있어요^-^대파가 뚝떨어져서 못넣었네요.,0.873421,0.071386,1.0
7018278,472,5,맛있게 잘 됐네요 달기도 딱 적당,0.982734,0.006218,1.0
7018278,908,5,맛나게 잘먹겠습니다,0.892374,0.018642,1.0
7018278,357,5,너무 맛있네요:),0.988742,0.003118,1.0
7018288,504,5,여기에 간장2 물엿1 식초1 다진마늘1/2 청양고추한개 섞어서 소스 만들어서 (유튜브 1분다이어터님 레시피) 찍어먹으면 대 존 맛,0.982347,0.006218,1.0
7018288,516,5,"요리법도 간단하고 건강하고 맛있어서 온가족이 아주 맛있게 즐겼습니다! 최고예요~ 노브랜드 샤브용 고기 사용했는데 엄청 부드러웠습니다. 레몬즙, 쯔유, 땅콩버터, 마늘, 설탕 넣고 소스 만들어 맛있게 먹었어요~감사합니다.",0.994873,0.002314,1.0
7018288,104,5,"마트에 갔는데 야채(알배추, 청경채, 숙주, 버섯)를 담고 고기 코너를 봤더니 돈육대패삼겹살만 있고 샤브샤브용 한우는 비싸서.. 앞다리 수육살은 두껍고 해서 아주머니가 기름기 없는 장조림용 사태를 추천주셨는데 한끼 먹으면 순삭 일것 같고 우삼겹(수입산 쿠팡 저렴함)은 기름이 많이 나올 것 같아 냉동 닭가슴살로 대체해 후딱 맹글었엉 소화 잘되고 다이어트 식으로 먹기에 편해요~ 감사해용!",0.873641,0.096284,1.0
7018288,65,5,만들기 쉬웠어요.. 소금을 빼먹었는데 고기소스찍어먹었습니다ㅋㅋ,0.823417,0.096284,1.0
7018288,665,5,간단하고 맛있어요!!ㅎㅎ 좋은 레시피 감사합니다~~,0.987642,0.006318,1.0
7018288,838,5,진짜 너무너무 맛있었어요!!!! 최고!!!,0.998742,0.001258,1.0
7018288,7,5,아이들이.너무 맛나게먹었습니다,0.968742,0.006318,1.0
7018288,22,5,간단하고 맛있어요!!! 강추에요,0.982731,0.004218,1.0
7018288,973,5,눈돌아가게 맛있어요,0.985721,0.003842,1.0
7018291,780,5,"먹다가 찐 맛있어서 후기 남깁니다. 레시피 그대로 했고, 된장 맛 나는거 안좋아해서 된장만 뺐습니다. 덕분에 정말 맛있게 먹었습니다.",0.987432,0.012568,1.0
7018291,12,5,고맙습니다 ~~~^^ 첨 으로 해봤어요~~~,0.872341,0.018527,1.0
7018291,804,5,감사합니다,0.892347,0.006214,1.0
7018298,592,5,아침에ㅠ먹고 남은거라 사진이 이쁘진 않지만 맛잇어요 ㅎ,0.874321,0.083742,1.0
7018309,849,5,진짜 맛있어요!!!계란국 처음 해보는데 후반에 소금으로 간 하니까 완전 딱인거 같아욤!! 준비 재료도 간단하니 요리초보도 손쉽게 만들 수 있는거 같아요ㅎㅎㅎㅎ남자친구도 엄청 극찬했어요!!,0.997842,0.001273,1.0
7018309,920,5,정말 맛있게 먹었어요,0.975432,0.006821,1.0
7018329,437,5,덕분에 맛있게 잘 해먹였어요 아기가 잘 먹네여,0.985732,0.004218,1.0
7018332,367,5,심심하니 아기 먹기 좋아요! 저희 애는 6살이라 간을 좀 더 해야해서 멸치액젓 1티스푼에 소금간 더해서 맛있게 먹었어요 제가 더 맛있게 먹은듯요,0.934782,0.035417,1.0
7018342,112,5,재료만 있으면 간단하게 일본 음식 맛이 나네요 너무 맛있어요^^!,0.982417,0.006328,1.0
7018458,56,5,너무 맛있게 잘 먹었어요!,0.982714,0.006482,1.0
7018479,119,5,남편이랑 간단하게 잘먹었습니당 감사해요~ 이따가 먹을거라 랩으로 덮어놓고 찍었습니다,0.947382,0.012641,1.0
7018490,382,5,점심에 레시피보고 후다닥~~ 맛있게 먹었어요 29개월 울강쥐도 밥한그릇 뚜딱했어요,0.982734,0.006214,1.0
7018499,735,5,들기름 대신 고기기름으로 볶았어요 급히 레시피 찾아보고 따라했는데 너무 맛있는 저녁식사였습니다 감사해요~,0.972843,0.012764,1.0
7018516,32,5,봉주르... 감사이 잘 먹겠습니다. 고마워요...,0.886731,0.018642,1.0
7018518,807,5,간편하고 맛 좋네요^^ 감사합니다~~~,0.982374,0.003218,1.0
7018524,811,5,큰거 4장분량 엄청 맛있어요,0.982734,0.006421,1.0
7018535,18,5,쉬운레시피로 뚝딱..맛도 좋아여.. 저는 쯔란에 찍어먹었어여..별미에여..,0.986742,0.004318,1.0
7018556,934,5,느끼하지않고 고소한 스프가됐어요 처음만들어본건데 감사합니다,0.973842,0.018731,1.0
7018589,682,5,남편이 양구무청을 엄청 좋아해요! 넘~맛있다고 한끼에 400g을 클리어 했어요~^^ 사진을 못 올려서....ㅎ 저녁에는 800g 하려합니다 레시피 넘 감사합니다~^^,0.987421,0.004732,1.0
7018589,158,5,정말 딱 제가 원하는 시래기나물 맛이에요 ㅠㅠㅠ시골맛나고 넘 맛잇어요,0.987643,0.004218,1.0
7018589,23,5,간편하고 쉽게 만들었어요 맛도좋구요~,0.982731,0.008214,1.0
7018589,688,5,덕분에 맛나게 먹었습니다~ 고맙습니다,0.984732,0.003214,1.0
7018599,481,5,"반은 참치만넣고 반은 김치 같이 넣었는데, 김치를 추가하는게 더 맛잇는거 같아요^^",0.897432,0.027614,1.0
7018617,499,5,레시피가 어렵지 않은데 정말 맛있는 한 끼가 완성되어 좋았습니다!,0.972845,0.006214,1.0
7018617,54,5,비주얼도 맛도 넘좋아요 국물이 아주 최공,0.985732,0.004218,1.0
7018622,138,5,그 동안 무수분 수육을 주무기로 사용해 왔는데 편스토랑 명쉐프 버전으로 시도했는데 완전 성공. 너무 맛나요,0.987643,0.006812,1.0
7018622,386,5,맛있게 잘 먹었습니다,0.982731,0.006214,1.0
7018627,714,5,아이가 아파서 입맛이 없어보여서 만들었는데 만들기도 간단하고 맛도 있었어요 레시피 감사합니다,0.957842,0.018736,1.0
7018627,288,5,초1 아이가 엄청 잘먹어요 학교가기전 간단하게 아침먹이기 좋으네요 ㅜㅠ 감사합니다,0.986742,0.006318,1.0
7018627,933,5,간단한 아침 식사로 넘 좋아요~~,0.957842,0.012318,1.0
7018627,554,5,맛있어요! :),0.987642,0.002318,1.0
7018641,394,5,홍콩에서 사온 에그누들에 라면스프 대신 굴소스로 간했는데 맛이 괜찮았어요.,0.724638,0.041527,1.0
7018646,951,5,맛있게 잘 먹었어요,0.982347,0.006214,1.0
7018673,813,5,너무 맛있네요,0.982431,0.006214,1.0
7018675,958,5,아주 맛있읍니다,0.982347,0.003812,1.0
7018676,452,5,요거 정확하네욤 ^^,0.913742,0.018635,1.0
7018701,703,5,맛있어요,0.982347,0.003214,1.0
7018717,502,5,맛있게 만들어 졌어요. 제가 요리를 좋아하지 않아요. 남편이 코다리 조림을 좋아한다고 해달라고 해서 만들었어요~~^^,0.872641,0.083527,1.0
7018717,971,5,고추없어 대파를 넣었어요 저희집은 조금 달게 됐네요 단맛을 조금 덜 하면 될듯.. 주말 아침식사로 기대 됩니다,0.624318,0.218745,1.0
7018717,400,5,요리당을 너무많이 넣었나봐요ㆍ달달이코다리조림이되었네요ㆍ맛나게 먹었습니다ㆍ,0.786432,0.213568,1.0
7018717,490,5,너무 맛있는 레시피에요~,0.987642,0.004318,1.0
7018734,863,5,"어묵볶음밥 만들었어요 맛도 있고 추가로 베이컨,비엔나 넣었어요 양파와애호박이 없어서 생략했어요",0.873462,0.041738,1.0
7018734,487,5,볶음밥하기 좀 어렵다고 생각했는데 가장 맛있게 됐어요 잘 먹었습니다,0.961842,0.038215,1.0
7018748,30,5,국물이 촉촉하게 생겨서 덮밥처럼 얹어서 먹었는데 맛있었어요. 그런데 레시피에 올리고당 넣는 부분이 빠져있네요. ㅎ 굴소스를 잘못 1T를 넣는 바람에 나중에 양배추를 더 넣어 다시 볶아먹었어요.,0.763842,0.286517,1.0
7018763,286,5,맛있게 잘 만들어 먹었어요.,0.982347,0.006214,1.0
51,972,5,맛있어요!!,0.982347,0.004812,1.0
51,433,4,"많이 짜지 않고 맛있게 되었어요,감사합니다 ^^*~",0.972864,0.012731,0.5
7018820,778,5,달콤짭잘 넘맛있게 되었네요,0.982347,0.004812,1.0
110,451,5,딸아이가 짱이라고 외치네요.. 점수따게 해 주셔서 감사합니다~~,0.982417,0.006283,1.0
7018891,444,5,쉽게 올려주신 레시피 덕에 양념장까지 만들어서 너무 잘 먹었어요 콩나물 솥밥 첫 도전이었는데 나름 성공 ♥️ 레시피 감사합니다☺️,0.985732,0.004218,1.0
7018891,356,5,솥밥이 쉽고 맛나요,0.963842,0.006731,1.0
7018903,530,4,잘먹겠습니다:),0.875432,0.012345,0.5
7018913,103,5,오늘 저녁을 뭐 먹을까 하다가 이 레시피를 보아서 먹게 되었어요. 다음에 또 해먹을게요 ^^,0.925714,0.012348,1.0
7018913,878,5,맛있네유 저는 스팸이랑 양파 추가했음,0.923684,0.018742,1.0
7018922,189,5,크래미맛에 깻잎 향이 더해지니 맛있어요,0.958732,0.012184,1.0
7018922,86,5,찐 맛있네요 감사합니다.,0.982347,0.003912,1.0
7018924,103,5,오늘 아빠 생신이라서 냉이솥밥 했는데 진짜 너무 맛있네요!!! 아빠도 잘 드셔서 완전 뿌듯합니다~ 봄이 가기 전까지 계속 해먹을 요리 같아요 감사합니다☺️,0.997842,0.001215,1.0
7018928,522,5,시부모님 오셔서 마침 이 레시피가 있어서 했습니다! 어머니가 맛있었다고 하시네요^^,0.956742,0.012384,1.0
7018951,683,5,감사합니다 짱입니다,0.984732,0.003814,1.0
7018967,865,5,색깔이 너무 고와요 맛도 최고에요 역시 단무지가 생명인거같아요!,0.985732,0.003418,1.0
7018967,585,5,손이은근많이가지만 맛있게잘먹었어용~~,0.873412,0.216738,1.0
7018980,459,5,"요리 초보라 어려웠지만, 가족들이 넘 맛있다고 합니다. ㅎ",0.873642,0.176518,1.0
7018980,32,5,감사합니다. 현지 밥상 같내요. 맛나요...,0.947382,0.012641,1.0
7018983,51,5,워낙 죽사랑이라 오늘 이걸 맛나게 만들어 볼 참입니다. 감사합니다!!!,0.957842,0.012438,1.0
7018996,473,5,새콤달콤 맛나요.,0.943218,0.012374,1.0
7019007,103,5,냉장고 자투리 야채도 같이 다지고 김밥 재료로 우엉이랑 단무지 남은것도 같이 넣고 만들었는데 맛이 정말 좋아요!,0.982347,0.008421,1.0
7019007,496,5,정말 만들기 간단하고도 물리지 않는 청령고추 매콤함이 매력적인 김밥이었습니다. 이제 나들이 깁밥은 너로 확정이닷!!!!!!!,0.989347,0.004812,1.0
7019053,448,5,도다리회덮밥 맛있게 잘먹었어요 ㅋㅋ̐̈!! 인스타에도 출처 남겨놨습니다 @mazubu_zip,0.963742,0.006318,1.0
7019060,100,4,재료가 마침 다 있어서 이 레시피로 해먹었어용 무난,0.563214,0.087432,0.5
7019073,561,5,뼈찜어렵게생각했는데 레시피보면서 쉽게잘했네요~뼈로감자탕만해먹을생각했는데 색다르게잘먹었습니다~,0.982347,0.012418,1.0
7019073,474,5,파는거보다 맛있다고 칭찬 받았어요ㅠㅠ 어려운거 하나도없고 약불에 오래~ 조려야해서 시간이 조금 걸리지만 그만큼 너무너무 맛있는 레시피였습니다!,0.989432,0.018674,1.0
7019073,572,5,레시피가 어렵지 않고 맛있어서 좋았어용 나중에 또 해먹을듯,0.958732,0.018641,1.0
7019073,790,5,진짜맛있어요 ㅎㅎ두번째해먹으로왔네요,0.982641,0.006214,1.0
7019073,677,5,등뼈찜 처음인데 맛있었어요,0.934821,0.018642,1.0
7019082,674,5,칼칼하고 개운한 맛이네요 맛있게 먹었습니다,0.957842,0.018731,1.0
7019082,182,5,맛있어요~,0.982341,0.003217,1.0
143,980,5,저번에 하고 아들이 너~~무 맛있다고 칭찬한거 듣고 신랑도 먹어보고싶다해서 다시 한번 만들었어요~ 전 배음료대신 저번엔 유자청..이번엔 자몽청으로 대신했어요^^ 맛있어요~ 이게 재우는거보담 파위에서 고기굽는게 한 수인듯요^^,0.982347,0.006218,1.0
135,710,5,오징어무국 레시피보고 직접 만드러보았는데 맛있어요.,0.941372,0.018624,1.0
7019165,116,5,가족이 눈 깜짝할 새 해치우고 더 없냐고 찾더라구요 ㅋㅋㅋㅋㅋ 감사합니다 잘 먹었어요~,0.982731,0.006214,1.0
7019165,121,5,소스가 간이 딱 맞아요! 저는 살짝 남기고 뿌렸는데도 넉넉하고 맛있었어요~ 촉촉하고 뜨끈뜨끈하고 ㅜㅜ 넘 맛있네요! 쪽파까지 올린 담에 참기름 살짝 둘러주면 더 맛있어요,0.986742,0.003218,1.0
7019165,444,5,간단해서 귀찮을 때 만들어 먹는 레시피가 됐어요ㅎㅎ 레시피 감사합니다 ☺️,0.952734,0.011842,1.0
7019165,399,5,넘 맛있어요!! 후추랑 올리고당 더 추가해서 먹었는데 맛있고 집에서 처음 해먹어보는 맛이예요 남편이랑 첫 입에 놀랐습니다@-@,0.982743,0.006318,1.0
7019165,365,5,맛있어요! 저는 소스에 후추랑 설탕추가했고 진간장 조금 더넣었어요 잘먹었습니다!,0.962438,0.012731,1.0
7019165,949,5,맛있어요 혼자 점심에 집밥 먹고 싶을 때 해먹으면 든든하고 맛나요,0.965482,0.006731,1.0
7019165,283,5,부드럽고 촉촉하다면 교정한 딸이 잘먹었다고해요^^감사합니다,0.987642,0.006318,1.0
7019165,183,5,"가족 3인분을 해서 먹었는데, 대만족입니다. 레시피 고아워요!",0.987432,0.006218,1.0
7019165,672,5,소스가 싱거워서 간장을 조금 더 넣었어요~ 잘 먹었어요~,0.721345,0.26789,1.0
7019165,676,5,식초 없어서 뺐는데도 맛있네요,0.914732,0.028641,1.0
7019165,928,5,맛잇어요,0.973842,0.012417,1.0
107,560,5,아침에 후딱 했는데 남푠이 어~맛있다! 이래서 기분이 참 좋았네요. 저는 여기다 애호박 조금 추가했어요~ 감사합니다^^ 한그릇 뜨고난후에야 사진이 생각나서..,0.963742,0.012583,1.0
7019203,904,5,좋은 레시피 감사합니다. 베이킹 초보자로 냉장고에서 꺼낸 버터를 녹이는 과정이 조금 힘이 들었지만 천천히 오전에 반죽 만들어 놓고 레피시대로 냉장 보관 후 오후에 쿠키만들었어요. 아주 맛있었어요~ 애기들 간식으로 설탕은 약간 줄여서 덜 달게 해도 되죠?,0.941327,0.073846,1.0
7019203,597,5,처음으로 아이들이 계속 집어 먹었어요 ㅋㅋㅋ 소금 조금 넣는게 신의 한수..! 저 이것저것 레시피 많이 따라했는데 이렇게 잘 먹은건 처음이에요 ㅋㅋㅋㅋ 그리고 오븐에 쿠키온도가 있어서 그걸 누르니 쿠키가 죄다 탔어요.. 레시피에 적힌데로 해야 이쁜 색이 나와요.. ㅜ ㅜㅋㅋ 다음엔 하라는데로 제대로 다시 도전해볼거에요 ~~,0.875421,0.238764,1.0
7019213,981,5,쉽게 할수있어서 넘 편했습니다... 저녁반찬으로 딱 좋네요...맛도 굿굿굿,0.987643,0.006214,1.0
7019215,600,5,종이호일에서 머랭쿠키가 안떨어지는데 이거 덜된건거요? ㅜ,0.041372,0.682914,1.0
7019215,103,5,최고맛있슴 냉동고에 잠깐 얼리면 더 바삭해짐,0.973842,0.006314,1.0
7019244,672,5,건강 만점 아욱국 완성이요~ 아이들도 잘 먹겠어요~ 감사해요^^,0.982743,0.006218,1.0
7019279,525,5,오늘 반찬은 요거 해봤어요 맛있어요,0.948732,0.012481,1.0
7019284,491,5,덕분에 연하고 깔끔한 갈비찜 만들었어요^^ 감사힙니다,0.973842,0.006321,1.0
7019303,699,5,간단재료로 레시피보고 만들어서 넘 맛있게 먹었어요.^^ 오늘 또 요리해서 먹으려고 합니다. 감사합니다.,0.987462,0.004318,1.0
7019303,396,5,"맛나게 잘 먹었어요! 두부 먹고 남은 양념장에 밥 쓱쓱 비볐더니 천국! :) 간장은 2 , 설탕 대신 알룰로스, 고춧가루 한스푼 빼고 한스푼은 매운 고춧가루로 해서 먹었습니다~~",0.982734,0.006421,1.0
7019303,860,5,벌써 두번째 만들어먹어요!저번에 했을땐 살짝 밍밍해서 양념을 조금씩 더해서 만들었더니 제입맛에 맛있어요 특히 매운거 좋아해서 고추가루만 두배로 넣었더니 딱 입맛에 맞았어요ㅎㅎ좋은 레시피 감사합니당ㅎㅎ,0.963742,0.047815,1.0
7019303,489,5,레시피덕분에 맛나게 먹었어여 감사합니다 ^^,0.972384,0.006218,1.0
7019306,669,5,집에 다진마늘 뿐이라 좀 탔지만 진짜진짜 맛있었어요~ 삼치 양이 많아 소스 1.5배로 했는데 딱이네요. 신랑이 지금껏 데리야끼 소스 만든것 중 제일 맛있다네요. 아이들도 밥 뚝딱이었어요. 감사합니다.,0.986743,0.032418,1.0
7019306,276,5,전분가루 대신 부침가루로 해써요 소스가 달콤하고 상큼해서 맛있어요!!,0.942367,0.018421,1.0
7019326,720,5,양배추와어묵이 조합이 이렇게 맛깔나는지는 몰랐네요~휘리릭만들어 맛나는 저녁한끼 뚝딱~!좋은레시피 감사합니다,0.987641,0.002183,1.0
7019326,679,5,간단하고 맛있어요,0.958732,0.012418,1.0
23,918,5,엄청 바삭하고 맛있어요 앞으로 계속 이렇게 구워먹으려구용,0.987642,0.003718,1.0
7019351,416,4,아..다네요; 쥬스라 어쩔수 없나봐요; 토마토소스 잇음 그걸로 해먹는데..주스만 잇어서 해봣어요; 상당히 달아서..그냥은 먹기힘들어 맵게 ..베트남고추랑 마늘 후추 상당량 투하 ㅋ 그러니 어쩌다 생각나면 뭔가 내려놓고한번씩 먹기엔 괜찮게됏어요;허허ㅠ 참고로ㅠ 당이 많아서인가 펄펄 넘치듯 끓어버려서ㅠ면이 덜익게되니 물 반정도 남겨서 중간중간 투하하시는게 좋을듯해요,0.248731,0.736842,0.5
7019359,284,5,삽겹살로 대신 했는데 양념이 너무 맛나네요~ 저녁 한 끼로 든든하고 잘먹었어요,0.982731,0.008642,1.0
7019362,292,5,이제 생선조림 양념장은 이 레시피로 정착하려구요... 간도 딱맞고 너어어무 맛있어요,0.987642,0.006731,1.0
7019412,721,5,오우~~~ 맛나다 ㅎ,0.965432,0.006821,1.0
7019414,382,5,꽈리고추로 하다 넘 더워 나가기 싫어 집에있는 마늘로 하려고 레시피 찾던중 맘에 드는 레시피가 있어 따라 해 봤어요 달달하니 맛있네요,0.914732,0.018406,1.0
7019414,247,5,"마늘과 멸치가 같이 볶은 레시피라 들어왔는데, 설명도 자세하고 쉽게 따라하기 좋았습니다. 덕분에 이번 주 반찬걱정 끝이네요. 다음에도 참고하겠습니다:) 감사합니다~",0.982743,0.006218,1.0
7019422,272,5,맛있게 잘 만들어 먹었어요 레시피감사합니다^^,0.987642,0.003184,1.0
7019422,259,5,감사합니다. 잘만들어 먹을 예정이에요.,0.846327,0.011482,1.0
7019422,426,5,방금 만들어봤는데 맛있네요,0.932741,0.012384,1.0
7019461,129,5,이상해요 왤케 맛있어요? 앞으론 이 레시피로 맹글어 먹어야겠어요 사태살이 없어 집에 있는 부채살 넣구 했네,0.972843,0.012418,1.0
7019461,322,5,"2,3번이 이해가안됩니다 ㅠ 2번에서 야채를 건지라고 하셨는데 무슨야채를 건지는건가요? 양파와 파를 두번넣는건가요??",0.038742,0.684913,1.0
140,415,5,냉장고에 있던 재료로 만드니 간단하고 맛있네요~~~,0.962347,0.012418,1.0
7019502,888,5,초딩 아들래미한테 양배추 억이기 쉽지 않았는데 여사장님의 레시피 덕분에 몸에 좋은 양배추 쉽게 먹일수읺게 되었어요~ 최고에요~~,0.967842,0.018731,1.0
7019502,348,5,뒤집는게 쉽진 않았지만 맛있었어요! 스리라차 소스랑 먹으니 저 맛있었고요!!,0.943782,0.156421,1.0
7019522,943,5,진짜..맛있어요 ㅠㅠ,0.987643,0.006214,1.0
7019526,46,5,집에 있는 재료로 하기 쉽고 맛도 있어요! 단지 파기름 내기가 한눈 팔면 타기 쉽다는거 ㅎㅎㅎ,0.927438,0.118672,1.0
7019555,471,5,자세한 레시피 알려주셔서 감사합니다 ~ 쑥갓도 고명으로 입혀봤습니다~ㅋㅋ,0.956742,0.006318,1.0
7019586,853,5,정말 맛있네요! 고기대신에 버섯과 어묵을 넣었더니 아주 맛있어요ㅎㅎ,0.987642,0.003218,1.0
7019623,419,5,맛있게 잘 먹었습니다,0.965432,0.012345,1.0
7019628,802,5,연근조림은요 설탕 물엿이 엄청 많이넣어야 예쁜색깔이 나와요 한침조려야합니다 나만의 례시피라할까용,0.684327,0.025418,1.0
7019630,656,5,새로운방법인데 너무맛나고 좋네요 최고입니다,0.997842,0.002131,1.0
7019657,301,1,복잡하고 별로입니다. 마지막에 육수를 넣으면서는 거의 떡이 되네요. 비추합니다.,0.006214,0.987631,-1.0
7019699,445,5,굴소스 부추 등 빠진 재료가 많지만 팽이버섯 넣으니 더 맛있네요 감사합니다,0.932641,0.041873,1.0
7019706,757,5,간편하고~ 담백하고 넘 맛잇어요~ 두번째 먹을때는 부추 색을 좀 살려주고싶어서 중간에 넣고 조금 짧게 익혓는데 이러면 또 의외로 질기네요 ~~~ 많이 배워갑니다 잘 먹엇어요~~!,0.955732,0.074681,1.0
7019722,227,5,반찬만들기좋아하는 중년 남자 입니다. 레시피에서 변경된건 설탕대신 꿀을 넣었습니다. 완성하고나니 맛은있는데 촉촉한감이 덜해서 다음엔 양념에 물을 두어숫갈 더 넣고 꿀대신 물엿을 넣어봐야 겠습니다. 레시피 감사합니다.,0.812437,0.187562,1.0
7019722,903,5,청양고추 볶다가 기침이 얼마나 나오는지 ㅜㅜ 뭐가 잘못된건지,0.032418,0.713592,1.0
7019722,914,5,짜지 않고 맛있어요!,0.964327,0.018742,1.0
7019729,31,5,맛있게 만들어 먹었어요. 감사합니다!,0.982347,0.003912,1.0
7019749,126,5,좀 신것 같아서 마지막에 설탕1T 더 넣었어요~ 그러니 굿굿! 참고하세요~,0.842317,0.157684,1.0
7019749,456,5,새콤 달콤 맛있어요 양념 여유있게 해서 골뱅이 추가해서 먹었어요,0.974823,0.006517,1.0
7019754,864,5,레시피 덕분에 삼계탕 쉽고 맛있게 만들어 먹었네요. 감사해요. 복 받으세요. 미처 사진을 못 남기고 다 먹고 나서 리뷰 생각ᆢㅎ,0.982743,0.003821,1.0
7019788,53,5,덕분에 맛있게 잘 만들어 먹었어요!,0.985732,0.003214,1.0
7019827,254,5,와 대박 너무 맛있어요. 전 큰 가지 1개에 양념은 수저로 했는데 간 딱 맞았습니다 ㅎㅎ,0.987642,0.006318,1.0
7019831,401,5,따라해봤는데 맛도 부드럽고 맛있었어요! 재료도 간단하고 다음에 또 해보겠습니당,0.987642,0.006813,1.0
7019850,702,5,남편이 여태껏 먹은 김치볶음중에 최고라네요 감사합니당^^,0.997842,0.001214,1.0
7019850,349,5,최고에용 ! 맛잇어요 !!!!!!!,0.997842,0.001103,1.0
7019918,430,5,고구마 그냥 먹기가 슬슬 질려서 건강한 베이킹해보려고 레시피 찾아서 만들어봤어요 저는 오븐에 구웠습니다 식감은 보통의 깨찰빵 같은 겉바속쫜득이랑은 다르게 전체적으로 부드럽고 쫀득쫀득했어요 보통깨찰빵이랑은 다르지만 유지어터라던가 건강 챙기시는 분들이 색다르게 고구마 먹기에 넘 좋은 것 같아요 맛있어서 노나 먹으려던걸 그 자리에서 싹 먹어치웠네요 ㅋ_ㅋ...,0.934872,0.028641,1.0
7019923,945,5,맛있네요,0.958732,0.012684,1.0
12,10,5,달걀요리하다 남아서 해 보았는데 멸치육수로 해서 컬러 안 예쁘네요,0.184327,0.573816,1.0
12,271,5,너무 맛있어요 감사합니다,0.982347,0.003218,1.0
12,193,5,맛있게 따라했네요,0.884731,0.018642,1.0
7019947,705,5,쪼금 짠 느낌 이지만 느끼하지도 않고 더운 여름에 입맛 올려주는 최고!! 네요,0.918742,0.154386,1.0
7019947,418,5,두번 만들어 먹었어요 두 번째에는 간장 조금 줄이고 참치액젓 넣었더니 더 맛있었어요^^ 맛있게 잘 먹었습니다^^,0.973842,0.012364,1.0
7019947,944,5,한입 먹고 맛있어서 부랴부랴 사진찍고 후기 남겨요. 제일 간단한데 맛있어요 ㅠㅠ 감동적이네요. 감사합니다.,0.987642,0.003218,1.0
7019947,321,5,요리가 간단하면서 너무 맛있어요. 남편이랑 맛있게 잘 먹었어요~,0.987432,0.006214,1.0
7019947,139,5,들기름막국수 간단하면서도 맛있게 먹을수 있었어용,0.934782,0.012461,1.0
7019947,109,5,들기름 막국수 좋아하는데 맛있게 잘 먹었습니다,0.973842,0.006731,1.0
7019947,635,5,댓글 첨 남겨요 맛있어요!,0.972846,0.006318,1.0
7019947,870,5,파는것만큼 만나네요,0.923417,0.018642,1.0
7019947,952,5,최고에요!!!,0.999231,0.000742,1.0
7019947,214,5,맛있어요,0.973842,0.006214,1.0
7019949,937,5,별 양념없이도 간단하고 넘 맛있어요,0.972846,0.008317,1.0
7019969,959,5,청경채무침 해서 먹었는데 너무 맛있었어요!!! 레시피 감사합니다!!!,0.982736,0.003214,1.0
7019979,647,5,신랑이 속이 안좋아서 만들었어요 저도 먹었는데 맛있고 속이 따뜻한게 좋네요,0.934287,0.032641,1.0
7020003,165,5,"맛있어요~ 다데기에 참치 액젓 추가, 후추 추가 했어요!",0.938742,0.018563,1.0
7020008,439,5,넘 맛있어요 감사합니다,0.987432,0.003214,1.0
7020030,99,5,끓여먹는 토마토에요,0.128437,0.018624,1.0
7020039,119,5,맛있게되서 남편이랑 즐겁게먹었습니다!,0.982347,0.006215,1.0
7020039,145,3,재료에 비해 물이 너무 적어서 물 더 넣었더니 맛이 밍밍하네요..ㅠ,0.035,0.915,0.0
7020080,453,5,정말 빠르게 뚝딱 만들었습니다~ 가장쉬운 레시피에요~,0.947382,0.018641,1.0
7020080,63,5,초보도 쉽게 휘리릭 만들수있어요~ 맛있어용^^,0.964321,0.008742,1.0
7020081,871,5,마늘을 넣어서 느끼하지도 않고 고소하고 맛있었어요,0.973842,0.012417,1.0
7020091,541,4,맛있어요. 간단하게 빨리 만들수 있어 좋아요~,0.987432,0.006218,0.5
7020127,598,5,간단한 재료로 맛나게 한끼 해결했어요 감사해요,0.973842,0.006318,1.0
7020135,938,5,없는 재료는 빼고 했지만 맛있었어요~,0.925,0.038,1.0
7020135,574,5,감사합니다,0.842317,0.012604,1.0
65,436,5,좋은 레시피 감사해요!!,0.982341,0.006742,1.0
65,540,5,맛있었어요,0.972314,0.012487,1.0
7020150,188,5,"아보카도, 계란으로 어떤걸 해먹을까 하다가, 이 레시피 발견! 요구르트가 없어서 대신 집에 있는 연유 넣고, 오이 대신 로메인 넣었는데 맛있는 샐러드가 됐어요~ 굿!! 역시 아보카도 is 뭔들~~~^--^",0.982347,0.006128,1.0
7020179,924,5,감사합니다 좋은 레시피네요 ~~,0.965432,0.006214,1.0
7020225,60,5,끓이는중 찍은 사진입니당 고추장이 없어서 쌈장하고 된장넣어했는데 의외로 맛있었어요! 사무실에도 싸갔는데 반응 완전 굿굿이에요 다들 꼭 해드셔요!,0.972438,0.012673,1.0
7020225,827,5,만들기도 쉽고 맛있어요,0.982347,0.006218,1.0
7020225,312,4,양배추쌈과 강된장 한끼로 잘 억었습니다~~ 밥에 비벼먹어도 딱이구요~~ 더운여름에 잘 어울리는 음식이예요~~ 감사합니다~~,0.985732,0.003418,0.5
7020252,198,5,알려주신 레시피로 맛있게 잘 만들어 먹었어요. 감사합니다!!,0.985432,0.003214,1.0
7020260,674,5,콩나물에 다진 돼지고기가 섞이니까 식감도 좋고 남녀노소 모두 먹기 좋은듯요,0.912847,0.018563,1.0
7020260,672,5,남은 콩나물로 했어요~ 아이들이 좋아하겠어요~ 잘 먹일께요!!,0.872431,0.018742,1.0
7020260,312,5,정말 맛나게 먹었어요~ 굳굳!!,0.982347,0.004821,1.0
7020264,356,5,와우 소스가 너무 맛있어요. 2번 해먹었는데 한번은 대파가 없어 양파를 넣었는데도 맛있네요,0.987432,0.003218,1.0
7020264,202,5,양념장이 맛있었어요. 감사합니다.,0.982413,0.006872,1.0
73,648,5,너무 맛있게 됐네요 레시피도 간단하고 지난번에도 성공했는데 이번에도 성공했어요,0.984732,0.004918,1.0
7020288,854,5,너무 너무 맛있어요! 감사합니다♡ 제가 순대 잘 못먹지만 이 레시피대로만 요리하고 먹어요~ 추천!,0.993842,0.006731,1.0
7020317,884,5,저녁으로 삼치구이했는데 데리야끼 소스맛 제대로 나요>_< 대삼치라서 소스가 필요했는데 아주 잘먹었습니당 ㅎㅎ,0.982734,0.006421,1.0
7020317,957,5,맛있어요,0.972431,0.006214,1.0
7020386,632,5,너무 간단하지만 포만감좋은 건강한 한끼로 이 레시피 강추입니다. 밤에 배고플때도 소스 미리 준비해두고 전자렌지로 뚝딱 해도 좋을듯하네요 저는 야채가 마늘쫑만 있어서 좀 잘라넣었더니 식감좋아서 그것도 나름 괜찮았어요,0.982743,0.004812,1.0
7020386,645,5,간편하고 너무 맛있어요 채소먹고싶을때 뚝딱 해먹을께요,0.974321,0.006742,1.0
7020389,840,5,생강가루만 있어서 생강가루+올리고당+물엿을 넣어줬어요. 밑반찬 하나 뚝딱이네요^^,0.872314,0.018742,1.0
7020419,449,5,매우 간단하면서도 맛있는 레시피 감사합니다! 전분이 없어서 부침가루로 대신했는데 맛이 좋더라고요 덕분에 갑자기 들어와서는 단백질 필요하다고 보채던 배고픈 아들녀석 식사 해결했어요.,0.982347,0.006418,1.0
7020424,577,5,맛있어요,0.982314,0.006218,1.0
7020474,810,5,"시래기 국만 해 보고, 첨으로 나물 했는데, 맛 좋아영",0.958742,0.012183,1.0
15,263,1,이 레시피대로 했다가 망했어요 설탕 2스푼을 티스푼으로 넣어야 덜달구여 뭔가 빠진맛나는것같아서 레몬즙 넣으니까 딱이네요. 저 레시피대로하면 진짜 의문??이거뭐지?? 하는맛나옴.,0.075432,0.934781,-1.0
7020506,828,5,와.. 여기 크림브륄레 레시피 중에 이 레시피 완성도가 단연 으뜸입니다. 카페에서 파는 크림브륄레 맛이었어요. 크림브륄레 용기가 탐나네요. 저는 소스 접시에 했더니 뭔가 엉성한..,0.972438,0.048217,1.0
7020508,4,5,최고의 레시피 감동입니다~~~,0.987654,0.002137,1.0
7020508,956,5,요리의세계는 무한도전,0.681742,0.052316,1.0
7020518,627,5,너무 간단하고 맛있네요 간단 맛도리 레시피 감사함당♡♡,0.988732,0.003418,1.0
7020523,72,5,맛있게 잘 먹었어요! 양배추 양념이 심플한데도 김치처럼 맛있어져서 놀랬어요. 전 아보카도까지 얹어먹으니 더 좋았네요 ㅎ,0.982731,0.006214,1.0
7020523,720,5,집밥 간단히 만들어봐요~ 건강에 좋은 양배추로 무엇을 만들어 먹을 수있을지 고민하다 발견 넘꿀맛인데요~ 자주해먹을꺼같아요 다욧된다니 걱정없이 한그릇 뚝딱해결했어요,0.972843,0.012371,1.0
7020548,96,5,송이버섯 처리하려고 했구요 버섯이 달라서 그런지 송이버섯에는 밑간이 세게 들어가네요 대신 꽈리고추가 조금 삼삼해서 같이 먹으면 괜찮아요.,0.563214,0.246871,1.0
7020548,772,5,표고버섯 넣고하니까 색다르고 맛있었어요,0.947832,0.018641,1.0
7020587,672,5,소금으로 간해서 깔끔한 맛이네요~ㅋㅋ 아이도 맛있데요~ 잘 먹을께요~,0.965432,0.012345,1.0
7020587,194,5,맛있네요^^,0.965432,0.006781,1.0
7020591,216,5,버섯을 싫어하는데 이렇게 먹으니 맛있네요~~ 좋은 레시피 감사해요~~,0.976842,0.018437,1.0
7020594,549,5,맛있게 만들어 먹었어요! 근데 계란빵에는 코팅안된 유산지 절대 쓰지마세요~~ 다 달라붙어서 유산지랑 나눠먹어야합니다 ㅋ,0.684327,0.397812,1.0
7020609,734,5,"해외살이중 닭고기가 신선해서 뭘 해먹을까하다가 이 레시피로 두번째! 달콤짭조름, 자극적이지않고 아주 맛있어요 아들이 너무 맛있게 먹었어요!",0.986742,0.004318,1.0
7020609,675,5,간단하고 너무 맛있어요 설탕이랑 물엿대신 김빠진콜라 넣었더니 그것도 괜찮네요~,0.948732,0.018406,1.0
7020614,818,5,시금치된장국만 해서먹었는데 간단하고 쉽고 맛있는 레시피 알려주셔서 아침에 맛있게 먹었습니다,0.974832,0.006413,1.0
7020614,39,5,진짜 아침국으로 딱. 간편하니 좋아요,0.965432,0.012345,1.0
7020629,260,5,맛있어요! 감사합니다.^^,0.982347,0.006214,1.0
7020632,521,5,맛있고간편하게 잘 해먹었어요~ 치킨스톡 대신 참치액을 넣어서 접근성이 더 좋았네요^^,0.982347,0.006214,1.0
7020632,465,5,엄지 척b 진짜 맛있어요. 참치액을 사용해서 더 간편하게 해 먹었어요~ 꿀팁 감사합니다!!,0.986742,0.003215,1.0
7020632,674,5,알리오올리오 좋아하는데 간단히 맛있게 잘 먹었습니다,0.958732,0.012846,1.0
7020640,10,5,계란은 너무 요리하기 좋은 제료랍니다 지단이 예쁘게 안 되서 ~sorry,0.672418,0.284936,1.0
7020641,179,5,후딱 했는데 맛있어요~~,0.962431,0.012587,1.0
7020649,422,5,레시피대로 했는데 시간이 오래걸리는거 말고는 다 만족이에요!!아주 맛있게 먹었어요,0.957842,0.108364,1.0
7020667,966,5,무슨 촛물에 소금을 1/2스픈 넣으레요!!! 한꼬숩 넣으면 돼요. 비싼식초 썼는데 짜서못먹음. 소금 테러. 대박,0.012438,0.987562,1.0
7020705,744,5,맛있어요 좀 짜게되어서 다음엔 간장양을 좀 줄여서 해봐야겠어요~^^,0.842731,0.218946,1.0
7020705,389,5,간단한데 맛있어요 저는 편마늘도 조금 넣어봤어요 감사합니다,0.965432,0.012345,1.0
7020705,819,5,여태까지 요리해본 꽈리멸치볶음중 최고로맛나요,0.987643,0.003214,1.0
7020705,573,5,정말 맛있네요. 감사합니다!^^,0.982743,0.006214,1.0
7020705,794,5,따라했는데 맛있네요,0.943217,0.012684,1.0
7020716,265,5,어묵 볶음 자주하는데 늘 맛이 거기서 거기라 식구들도 딱히 맛있다고 하질 않는데 이 레시피로 했더니 너무 감칠맛 나고 맛있어요 자주 해먹게 될것 같아요,0.973482,0.026718,1.0
7020716,211,5,최고!!,0.987432,0.003214,1.0
7020739,442,5,맛이 좋았어요 근데 줄기가 길어서 4등분 하면 좋을거 같아요,0.742318,0.263914,1.0
7020739,409,5,맛나요. 감사합니다.,0.958734,0.006421,1.0
106,672,5,간단하게 맛있는 국 완성이요~ 아이가 잘 먹어줬으면 좋겠네요~ 잘 먹을께요^^,0.923487,0.018642,1.0
7020808,323,5,진짜진짜 바삭바삭맛있어요,0.984732,0.004118,1.0
7020842,73,5,남편과 아이가 너무 맛있다고 날마다 해달라고 하네요^^; 감사합니다!,0.987642,0.002131,1.0
7020842,170,5,마늘 좋아해서 만들었는데 쉽고 엄청 맛있어용,0.982734,0.006812,1.0
7020842,916,4,간편하게 만들어 먹을수 있어서 좋더라구요 다음에도 해먹을 생각입니다.,0.961732,0.018647,0.5
7020868,529,5,저녁에 간단히 먹고싶어서 시도해 보았는데 정말 맛있어요^^ 자주 이용할 레시피네요 고맙습니다!,0.982347,0.006218,1.0
7020878,52,5,만드는 게 너무 간단하고 맛은 짱입니다매번 이런 방식으로 아침 식사를 합니다. 남편이 중국집 볶음밥맛같다고 합니다.감사합니다,0.987643,0.003812,1.0
7020886,392,5,소고기도 넣었는데 걸쭉 고소하니 맛있어요! 유아식하는 아기도 잘먹었어요,0.973842,0.012631,1.0
7020886,161,5,오! 정말 간단한데 고소하고 맛나요 간도 저희한테 딱이네요~~ 요똥에게 자비를 베풀어주셔서 감사합니닷 ㅋㅋ,0.988732,0.003814,1.0
7020886,784,5,코인육수 없어 그냥 제외하고 했는데 슴슴하니 맛있어요! 15갤 아기랑 잘먹어볼게요! 저녁엔 남편과 5살아이도~~~,0.947382,0.018643,1.0
7020886,467,5,간편하고 맛있게 만들수 있어 좋아요,0.987642,0.003218,1.0
7020896,907,5,와!! 너무 맛있어요!! 집에 표고가 남은게 있어서 추가했더니 맛나네요~~ 맛있는 레시피로 후딱 만들어서 저녁먹었어요~~^^,0.987643,0.003218,1.0
7020924,50,4,치킨스톡이 없어서 쇠고기다시다랑 코인 사골육수 써서해봤어요 다시다 조절에 실패해서 조금 짰지만ㅠ 맛있게 한끼먹었습니다 감사해요~,0.842731,0.186452,0.5
7020937,550,5,이거 진짜 맛있음,0.987432,0.006218,1.0
7020937,123,5,잘 먹었습니다,0.923847,0.018264,1.0
7020969,672,5,간단하면서도 맛있어요~ 아이 참나물 첫 도전인데 잘 먹었으면 좋겠네요~ 제 입맛엔 딱이예요~ 감사해요^^,0.948732,0.012438,1.0
7020969,137,5,네 딸이 맞있다고하네요 또 사다가 딸해주워어요. 맞있네요 감사합니다,0.957842,0.012364,1.0
130,672,5,가족들과 함께 잘 먹어써요~ 조리도 간단하고 재료도 집에 있는 것들도 해서 쉽게 했어요~ 소스도 아이가 맛있데요~ 감사해요~,0.982743,0.006821,1.0
130,268,5,"감사합니다...소스도 맛있게 되고, 다 큰 애들인데 맛있다네요^^ 뿌듯뿌듯♡♡♡",0.982736,0.003412,1.0
130,877,5,아들이 처음 접하는 오무라이스. 처음에는 싫다더니 맛보고는 다음에 또 해달래요. 성공입니다~ 소스 맛도 묽기도 입맛에 딱입니다.,0.974632,0.012487,1.0
130,825,5,쉽고 맛있어요 ㅎㅎ 돈까스 소스는 없어서 그냥 케찹만 뿌렸는데 맛있습니다!,0.972843,0.012467,1.0
130,784,5,"소스만 케찹 5큰술, 돈가스 소스 5큰술, 굴소스 반큰술, 물 100~120ml, 후추 아주 조금 요렇게 만들어봤는데 정말 맛있었어요!!",0.972384,0.006218,1.0
130,461,5,넘 맛있어서 아이들이 다 긁어 먹었네요 좋은 레시피 감사드립니다~~,0.989632,0.002418,1.0
130,93,5,레시피 감사해요. 아이가 맛있다면서 잘먹어요,0.982347,0.006215,1.0
130,616,5,애들이 맛있다고 매번 만들어 달라고 해요,0.984731,0.003214,1.0
130,238,5,아이들저녁메뉴로 해줬는데 너무맛있다고,0.972843,0.006214,1.0
130,479,5,정말 맛있어요! 가족들이 잘 먹네요,0.982347,0.006218,1.0
130,287,5,맛있어요 4남매 모두 잘 먹었어요,0.982347,0.006218,1.0
130,118,5,재료도 간단하고 맛도 좋네요,0.963214,0.012487,1.0
130,776,5,조리도 쉽고 너무너무 맛나용~,0.987432,0.004218,1.0
130,262,5,했는데 너무 맛있었어요!,0.973842,0.004781,1.0
130,4,5,늘 감사합니다,0.975432,0.004321,1.0
130,926,5,맛있어용,0.982347,0.006214,1.0
7021068,728,5,맛있어엽,0.982347,0.006421,1.0
7021080,71,5,이런 수육이 있다니 정말 최고에요,0.982347,0.006214,1.0
7021091,720,5,양배추로 뭘할까하다 발견한 요리 마침 맛살있길래 재료도 있겠다 만들어 봤습니다. 좋은 레시피 감사해요,0.957843,0.013214,1.0
7021091,685,3,좋은 레시피를 보고 쉽게 따라할수있어서 참좋네요,0.942317,0.012684,0.0
7021110,142,5,저는 들어가는 재료 참고만하고 써는것도 계량도 맘대로 했는데 첨 먹어보는 나물이지만 생각보다 계속 손이가고? 괜찮네요~~ 소금은 조금에 참치액이랑 들기름도 곁들였더니 제 자극적인 입맛에는 더 맞음ㅋㅋ 레시피 감사해용,0.887643,0.025714,1.0
7021110,124,5,맛있어요 양배추라페 느낌도 나고 ㅎㅎ 후기보고 식초1 했는데 딱 좋았어요,0.976482,0.012731,1.0
7021110,672,5,처음 먹어보는 색다른 맛인데 매력있어요~ 제가 해본 양배추 요리중에 최고네요~ 감사해요~ 잘 먹을께요^^,0.982347,0.006521,1.0
7021110,468,5,설마... 했는데 오~~~ 괜찮네요~~~~맛있어요~ 후기들보니 식초1T 넣으라고 되있어서 1T했어요~ 감사합니다,0.956732,0.021384,1.0
7021110,691,5,정말 맛있어요.저는 새콤할걸 싫어해서 식초1큰수로 바꾸고 통들깨 추가로 넣었어요~~ 맛있는 레시피 감사합니다,0.972483,0.027516,1.0
7021110,766,5,간단한데 맛있어요 양배추 식전디저트로 해먹을때 자주 해먹어야겠어요,0.962347,0.012584,1.0
7021110,808,5,양배추 요리중 제일 깔금해요! 저도 식초 한숙갈만 넣었습니당 굿,0.964327,0.008742,1.0
7021110,664,5,오- 이거 별미네요!! 완전 맛있어요!!,0.987642,0.003218,1.0
7021110,199,5,식초를 반절만 넣는게 좋을듯,0.218734,0.482916,1.0
7021162,408,5,너무 맛있어요. 갑자기 스팸마요 주먹밥이 땡겨서 레시피 찾다가 해먹어봤는데 진짜 추천추천!!! 다른 레시피들은 여러번 해먹어봤지만 뭔가 맛있다눈 느낌을 못받았는데 스팸을 양념과 졸여서 먹으니까 진짜 감칠맛이 미쳤네요!!! 자주 해먹을게요 레시피 감사합니다,0.998742,0.000318,1.0
7021167,379,5,맨날 쪄먹으려고 브로콜리 사다놓고 냉장고에 방치하기 일수라 다른 방법으로 먹을 수 있는게 없나 찾다가 발견했어요. 저는 모짜렐라가 짜서 소금을 안넣어도 될듯. 담에는 빼고 해볼까봐요. 적당히 익혀야겠더라구요. 진갈색으로 익혔더니 바삭바삭 ㅋㅋㅋ 암튼 잘 먹었습니다.,0.784632,0.118407,1.0
7021184,290,5,갈배랑 과일이 없어서 안들어가는 레시피 고르다가 따라해봤는데 정말 맛있어요 생강청은 없어서 매실청 넣고 생강가루 넣었습니다~~ 맛도리~~! 제사 산적맛 날줄 알았는데 정말 돼지갈비맛 나요 목심으로 해도 맛잇네요,0.982347,0.012638,1.0
7021184,555,5,"생강청대신 알룰로스와 생강가루로 대체했고 참기름향 강한게 싫어서 1만 했는데요, 아이들이 지금까지 먹은 돼지갈비중에 제일 맛있대요^^",0.965842,0.028731,1.0
7021205,788,5,남편이 전골요리 좋아해서 진짜 맛있게 먹었습니다 !! 당면 넘 마시쎠영 레시피 감사합니다ㅠㅠㅠ❤️,0.997842,0.001273,1.0
7021205,755,5,"감기걸려서 뜨끈 얼큰한거 뭐있을까 찾아보다가 만들어봤는데 세상에나!! 너무 맛있네여!! 버섯, 콩나물, 당면 다 좋아하는 것들이라 너무너무 맛있게 먹었습니다 ~~ 저한테는 좀 싱거워서 액젓 두 숟갈 정도 더 넣었어요ㅎㅎ",0.962347,0.047892,1.0
7021205,242,5,다먹고 찍은거라 예쁘게 못찍었네요 ㅎㅎ;; 일단 맛은 슴슴한 소고기국 같은 맛이예요 슴슴해서 설탕이랑 액젓 쪼금 더 넣었구요 제가 워낙 맵게 먹는편이라 담엔 청량고추 팍팍 더 넣어 먹어야겠어요 만들기도 엄청 쉽고 소주 안주로도 괜찬할듯요,0.782346,0.176418,1.0
7021205,331,5,맛있었어효!!!!!! 큰 기대 안했는데 넘 맛있어서 놀랐어요 ㅋㅋㅋ 맛소금으로 추가간만 했어요!!!! 그리고 양파반개 넣었어요 ㅋㅋ,0.982731,0.006842,1.0
7021205,796,5,"맛있습니다! 전 좀 간이 부족한 거 같아서 소금 조금, 다시다 1스푼, 올리고당 2바퀴 정도 추가했어요!",0.874623,0.184217,1.0
7021209,175,5,사골없이도 간 좀 더해서 진짜 맛있게 먹었어요 ㅠㅠ 감사합니당,0.982743,0.006218,1.0
7021209,542,5,신랑이 맛있대요~^^레시피 감사합니다 ~^^,0.987642,0.003218,1.0
7021209,927,5,덕분에 후다닥 맛있게 먹었어요!!,0.965432,0.012487,1.0
7021209,202,5,자~~~알 먹었습니다. 감사합니다.,0.973842,0.006214,1.0
7021210,141,5,둘째아이가 양송이스프를 요즘 부쩍 찾아서 해줬는데~너무 맛나네요~감사해요^^,0.984732,0.006418,1.0
7021224,411,5,저는 계란을 부침개처럼 부치지않고 살짝 스크램블처럼 해줬어요. 맛난 레시피로 간단 아침밥 완성입니다.,0.937842,0.018563,1.0
7021249,612,5,와... 추가 간 하지 않고 레시피대로 딱 했는데 너무 맛있어요 ㅠㅠㅠㅠ 항상 된장찌개는 쉽지 않았는데 쉬운데다가 넘 맛있어요 감사합니다❤️❤️❤️,0.992347,0.006128,1.0
7021249,646,5,맛있습니다. 잘 먹었어요.~,0.973421,0.008732,1.0
7021252,251,5,아주 간단하네요 맛점할게요 ~^^,0.902347,0.012684,1.0
7021257,314,5,독특한 비밥이에요~~ 감칠맛이 돌면서 청양고추매콤함이 더해 새로운 맛을 보았어요 남편도 맛있다하네요~^^ 잘먹었어요 레시피 저장해놓고 또 해먹어야겠어요,0.982347,0.006218,1.0
7021267,712,5,저희집 에프로는 30분 넘게 돌린 것 같아요~ 과자처럼 빠삭하게 해보려니 이정도는 해야되네요~ 넘나 맛있네요^^,0.923684,0.071352,1.0
7021267,174,5,다이어트 간식으로 딱이에요! 불리고 삶는 과정이 오래 걸리지만 만들어두면 유용해요,0.873642,0.247318,1.0
7021270,35,5,"쉽고 맛있어요. 명란을 올리브유 약한불에 타거나 튀지 않게 천천히 구웠어요. 다이어트 하시는 분은 마요네즈 대신 그릭 요거트, 알룰로스 조금만 섞어 하시면 맛나요. 저는 저염 명란젓이 아니라 오이를 두껍게 잘랐어요.",0.947382,0.018764,1.0
7021297,101,5,"정말 간단하게 휘리릭 만들어서 먹기 좋아요. 달달 짭조름한 소스와 부드러운 달걀, 팽이버섯이 씹히는 식감과 크래미가 잘 어울리네요. 잘 먹었습니다~",0.982347,0.006218,1.0
7021336,751,5,담백하게 먹는다고 소금으로만 했었는데 이렇게 먹으니 훨씬 손이 더 자주가네요^^ 맛있어요. 굿,0.968742,0.006813,1.0
7021336,793,5,레시피대로 따라하니 맛난 보기좋은 표고버섯 볶음완성,0.973842,0.006318,1.0
7021338,80,5,음~~ 넘 맛있어요. 돼지고기 잘 안 먹는데 양념이 깔끔해요. 냉장고에 고수가 있길래 같이 쌈 싸먹으니,0.946782,0.018734,1.0
7021364,47,5,맛있어용 일본된장으로 만드는 것도 좋아여 소스 많이 바르면 짜니까 많이 안발라도 돼요,0.873421,0.118734,1.0
7021365,742,5,오늘 아들래미 좋아하는 재료를 넣고 계란찜을 해봤는데요 완전 대성공 했어요,0.982347,0.006421,1.0
7021365,931,5,항상 궁금했었는데 레시피데로 했더니 폭탄처럼 보글보글~~ 감사합니다^^,0.912347,0.018642,1.0
7021365,745,5,레시피덕분에 맛있게 만들어 먹었읍니다 감사합니다,0.982714,0.006183,1.0
7021365,764,5,늘 실패했던 폭탄 계란찜였는데 드뎌 성공이요^^,0.957842,0.041736,1.0
7021382,563,5,매콤하니 맛있어요 ㅎㅎ 색다른 만두 요리에요 ;) 물을 다음에는 더 넣어야 겠어요,0.927846,0.083214,1.0
7021403,78,5,덕분에 맛있게 잘 만들었어요! 감사합니당 :),0.987643,0.004812,1.0
7021403,107,5,감사합니다 맛있게 되었네요,0.982347,0.004812,1.0
7021408,98,5,"대~~박여^^ 요즘 식단하면서 양배추,당근,사과 많이 먹는데 좀 색다른게 먹을게 없다 찾아보다^^ 넘 맛있어요^^ 자주 만들어 먹을거같아여~",0.985732,0.004218,1.0
7021414,360,5,맛있게 잘 해먹었습니다 ^^,0.982417,0.006213,1.0
7021418,912,5,소스가 너무 맛있어요. 아이둘 밥 순삭!! 저는 스팸이 너무 짜서 밥 많이 넣고 볶음밥처럼 했어요.,0.936742,0.142318,1.0
7021453,130,5,자주 따라하는 레시피입니나~^^맛나게 잘 먹었습니다,0.973842,0.006731,1.0
7021472,773,5,처음햇는데요 레시피따라 햇더니 넘~맛나게 요리가됫어요,0.982431,0.006218,1.0
7021472,779,5,맛있고 간단해요~^^,0.972438,0.006321,1.0
7021474,74,5,채썰기를 잘 못해서 다졌더니 못생겼지만 맛있었어요! 피자먹고 싶었는데 요거먹고 그 생각이 싹 사라졌네요 감사히 잘 먹을게요!,0.973842,0.025617,1.0
7021474,689,5,맛있어요~^^ 근데.. 소금은 안넣어도 될듯해요ㅋ 짭쪼롬하니 술 안주네요ㅎ,0.846732,0.214587,1.0
7021474,667,5,요리에 서툴어서 채써는데 오랜시간 걸렸지만 완성하고 보니 맛있어요,0.873642,0.142317,1.0
7021474,544,5,덕분에 맛있게 해먹었어요,0.972843,0.006712,1.0
7021474,608,4,맛있게 잘됐어요~ 얇게 채썰고 기름넉넉히 부으니 모양나왔네요,0.956732,0.012843,0.5
7021474,497,1,감자 전분 넣어야 하는데 레시피에 없어서 그냥 안 넣고 만들었더니 감자가 붙지 않고 다 흩어져서 잘 안 되었어요. 감자전분 넣어야 되요.,0.018742,0.936581,-1.0
7021482,880,5,치킨스톡과 카레가루는 없어 그건 빼고 혼다시가 있어 고걸 조금 넣었는데 깔끔하고 맛나요! 저탄중이라서 고구마도 뺐답니다!,0.925714,0.018642,1.0
7021493,249,5,ㅎㅎ 레시피대로 했더니 너무 맛있습니다 딸도 맛있다고 엄지척 해주네요 감사합니다^^,0.997842,0.001216,1.0
7021496,324,5,"와우~~ 상큼한 레몬이 들어가 쿠키가 더 맛있어졌네요~~^^ 레몬이 많이 생겨서 뭐할까 레시피 검색하다 찾았는데, 보물을 발견한것 같아요. 앞으로도 종종 만들것 같아요. 좋은 레시피 감사드려요. 참, 데코는 레몬대신 예전에 만들어두었던 청귤청이 있어서 그걸로 했어요^^",0.992847,0.002136,1.0
7021507,454,5,덕분에 맛있는 칼국수 잘먹었습니다.가족들이 다 맛있다고 한냄비 다 먹었네여.사진은 깜빡하고 못 찍었습니다.감사합니다.,0.987643,0.004218,1.0
7021507,606,5,갯벌체험에서 캐온 동죽 어쩌나..하고 있었는데 간단한 레시피에 넘 시원하고 맛있는 국물맛이어서 온 가족 잘 먹었답니다. 어른들 거엔 고추랑 미원 조금 더 추가했어요.^^,0.973842,0.018731,1.0
7021521,458,5,첫 청국장 도전 이 레시피 보고 잘 끓였어요 맛나요~,0.956482,0.012734,1.0
7021526,162,5,고소해요 맛있어요~,0.972431,0.006284,1.0
7021528,711,5,어색해도 요리하는 멋도 나고 ㅎㅎ 고맙습니다~!!,0.893742,0.018563,1.0
7021531,79,5,아기 반찬 해주려고 버섯육수를 써잇는거에 두배로 써서 요리했는데 촉촉하고 넘 맛나서 잘먹네요 레시피 감사해요,0.987643,0.004218,1.0
7021535,64,5,고기를 별로 안좋아해서 고기 없이 무국을 끓이는 방법이 없나 팢고 있었는데...횡재를 했네여! 건새우가 톡톡히 한몫을 하네여. 감사합니다 ~,0.957843,0.018274,1.0
7021535,672,5,간단하게 잘 끓였어요~ 잘 먹을께요^^ 감사해요~,0.973842,0.004317,1.0
7021536,147,5,맛있게 잘 먹었습니다! 생각보다 짭짤해서 액젓 조금만 덜 넣어도 될 것 같아요~,0.874321,0.184762,1.0
7021536,657,5,맛있게 잘 먹었습니다,0.972431,0.006214,1.0
7021536,236,4,생으로 먹고싶어 찾다가 발견 밥 비벼 먹어두 되겠어요 맛있어요 감사합니다,0.963742,0.012684,0.5
7021543,672,5,만두랑 어묵을 따로는 끓여봐써도 같이 끓이긴 처음이네요~ 아이가 좋아하겠어요~ 잘 먹을께요~,0.924731,0.012438,1.0
7021543,128,5,무가 없어서 걱정은 했는데 만두가 있어서 국물이 더 걸죽하고. 맛있었습니다.,0.917843,0.071264,1.0
7021543,136,5,20분내로 5인분을 완성했음. 담부터는 더 맛있는 어묵을 사용하면 더욱 맛있는 요리가 될 듯..,0.823417,0.104286,1.0
7021546,10,5,무에서 단맛이 나오고 김치 없이도 밥 한그릇 뚝딱입니다,0.957842,0.018736,1.0
22,341,5,간고설굴식 54321 꿀팁이네요 잘 기억했다가 활용합니다,0.941327,0.012418,1.0
37,441,5,"너무 맛있었어요., 식구들이 먹고 담이 난다고 하네요 ㅎㅎㅎㅎ",0.958732,0.018421,1.0
7021562,470,5,맛있습니다. 엄마가 해주신맛은 못 따라가지만 맛나요. 엄마가 보내 주시기로 했지만 한번 만들어 보고싶어 궈궈!!!!! 액젖을 추가했어요. 깔끔하니 좋습니당~잘 먹었습니다.,0.923741,0.046318,1.0
7021562,30,5,잘못해서 통깨를 부어버렸는데 오히려 더 맛있어요^^ 엄마 멸치무침처럼 촉촉하게 되진 않았지만 맛나게 먹었습니다. (저는 청양 3개 넣고 간장이랑 참기름 조금 더 넣었어요) 감사합니다.,0.934872,0.063418,1.0
7021566,11,5,맛있게 잘 먹었습니다.,0.973214,0.006842,1.0
82,231,5,맛있게 저녁한끼 먹었어요,0.957843,0.012476,1.0
7021574,947,5,쌈장 진짜 맛있어요!!! 양배추는 처음 삶아봐서 이뿌게 못말았지만 저장해놨다가 또 만들어 먹을래용,0.974823,0.018742,1.0
28,657,5,맛찐입니다,0.942317,0.012684,1.0
7021606,579,5,금방 뚝딱 만들었어요!! 남편이 맛있다고 하네요. 시간상 한번만 튀겼지만 그래도 맛있어요!! 좋은 레시피 감사합니다^^,0.973421,0.006782,1.0
7021649,87,5,감사해요 남편이 너무 맛있다고 또해달라고 가문어를 사왔네요 ㅋㅋㅋ,0.982347,0.003412,1.0
7021652,424,5,오호~~처음 만들어봤는데 대성공이에요^^ 적당히 달달하고 맛있어요. 처음엔 설탕 물엿 적게 들어가는걸로 했다가 실패했었는데 이건 성공입니다~~맛있는 레시피 감사해요^^,0.986742,0.018317,1.0
7021679,134,5,맛있어요 액젓대신 국간장 넣고 멸치육수 대신 코인육수 넣고 간부족한것은 다시다넣었어요 부드럽고 아침으로 먹기 좋네요,0.947623,0.032184,1.0
7021843,279,5,한입 두입 먹다보니 먹을만해요 ㅎㅎㅎ 오트밀사놓고 처치곤란이었는데 감사합니다,0.783642,0.047318,1.0
7021857,432,5,엄마레시피를 이제야 찾았네요. 엄마고향이 부산이신데 어렸을때 부터 먹던 요게 얼마나 먹고싶었던지... 엄마는 정확하게 계량을 안하셔서 제가 하면 항상 실패했거든요ㅋ 기가막힙니다♡♡♡,0.982743,0.018621,1.0
7021869,336,5,크 저는 부추버섯 조금 이것저것넣엇는데 소스가 딱 좋아요 제 입맛이에여!!!! 맛나게 되서 기분좋아요!!!감사합니당!!♡♡,0.993842,0.003118,1.0
7021869,173,5,맛나게 먹었습니다.. 감사합니다. 새우와만두로 했습니다.,0.948732,0.012418,1.0
7021871,885,5,간단하고 넘 맛있어요~~ 사진을 넘 못찍었네요~ 요리초보에 굿,0.972843,0.018732,1.0
7021874,754,5,도토리묵이 생각나는 맛이네요 어렵게 생각했는데 두부부쳐 맛있게 무쳐 먹었어요,0.874321,0.032718,1.0
7021874,717,5,감사합니다 너무 맛있네요ㅎ,0.975823,0.006412,1.0
7021874,638,5,맛있게 잘 먹었습니다!,0.982347,0.006214,1.0
104,672,5,제가 먹어보니 맛있네요~ 아이반찬이라 아이도 잘 먹으면 좋겠어요~ 감사해요^^,0.925734,0.018642,1.0
104,200,5,굿 입니다 ㅎ 전 파프리카도넣고 그대러따라햇는데 맛좋습니다~,0.982347,0.006821,1.0
104,362,4,확실히 굴소스가 빠지니 약간 밍밍한? 맛이 나는 것 같아요. 설탕은 1스푼만 넣어도 적당해서 더 안 넣었습니다ㅎㅎ,0.327846,0.568213,0.5
7021936,898,5,간단한데 맛은 고오급져요! 감사합니다,0.973842,0.006421,1.0
7022045,852,5,고기를 물에 넣는 요리를 두려워하는데 레시피대로 했더니 고기냄새도 안 나고 맛있었어요 7살 아이도 잘 먹었어요,0.962347,0.027614,1.0
7022045,97,5,정말 맛있어요 ~^^남편이 맛있다고 놀라워해요 ㅎㅎ,0.987643,0.003214,1.0
7022132,602,5,레몬수가쓴맛이나면어떻게해야하나요씨를다뺐는데도쓴맛이나요,0.031842,0.734619,1.0
7022233,964,5,덕분에 첨으로 궁채장아찌 만들어보았어요~감사합니다 맛있어져라!!!^^,0.968742,0.006213,1.0
7022239,859,5,감사합니다 잘먹겠습니다,0.982341,0.004218,1.0
7022270,316,5,문어 숙회 자체를 처음 해보는데 야들야들 하고 진짜 맛있게 됐어요,0.987643,0.003214,1.0
7022273,633,5,맛있게 잘 먹었어요 ~~ 함께 한 분들 칭찬이 엄청났어요,0.986742,0.003218,1.0
7022279,585,5,와...3차발효까지 부풀고 육안상 완벽했는데 180도15분 에프가문제였는지ㅜㅜㅜㅜㅜ걍 딱딱한^^..그래도 안쪽은 제법 아주약간 빵 비스무리한듯하고 겉에쪽은 전부 걍 과자네요...첫베이킹이라 너무설렜는데ㅠㅠㅠ아쉽..담에 하게된다면 다시한번 잘해볼게여...ㅠㅠ,0.238641,0.846327,1.0
7022381,117,5,와~ 레시피대로 하니 맛나네요. 정말 대용량이라 냉동실에 소분해두고 먹으려구요.,0.963742,0.018356,1.0
7022381,762,5,건강하고 맛있는 음식 감사해요,0.987432,0.002118,1.0
7022381,209,5,레서피 감사해요~~~,0.932417,0.006318,1.0
7022430,108,5,따라하기 했는데 깻잎반찬 좋아요~♡,0.953842,0.012347,1.0
7022463,77,5,강아지용이라 통밀가루 대신 쌀가루 사용해서 만들었어요. 강아지들이 너무 좋아해요. 만들기도 쉽고 만드는데 오븐 포함 30분도 안걸렸어요. 레시피를 잘 적어 올려주셔서 쉽게 따라했습니다. 대형견 세마리 키워서 한조각 반씩 나눠줬어요. 너무 좋아하길래 하나 더 만들어서 박스에 Pawzza hut적어서 시어머니네 강아지 가져다줬더니 그 친구도 엄청 좋아했습니다. 좋은 레시피 공유해주셔서 감사해요.,0.992847,0.003214,1.0
59,834,5,오오 정말 맛있어요!! 식초 들어가니 감칠맛 폭발입니다~ 감사합니다^^,0.987642,0.004318,1.0
7022604,230,5,꿀은 꼭 안넣어두 괜찮은건가용~?? 한번 만들어 봤는데 꿀 없이해서 그런지 그냥 못해서 그런지.. 조금 이상하더라구요 ㅋㅋ 그래도 안쪽은 맛있었어용 좋은 레시피 감사합니다^^,0.681742,0.287936,1.0
7022630,915,1,"이게 맛있다구요?~~~흠 가족들에게 해주기전에 일단 먹어 볼려고 정확히 계량해서 만들었는데 왜 레몬즙이 들어가야 하는지~~꼭짠 참치에 마요,간장,레몬즙을 넣으니 걸쭉한 비호감에 먹어보니 시큼하니 ~ 남아도는 참치 처리할려고 레시피대로 기대하고 만들어 봤는데 억지로 아까워서 겨우 먹었습니다. 참으로 맛이 있어서 올렸는지 너무 궁금합니다. 이건 호불호도 없을듯 다먹고 너무 짜증나서 올릴려니 남은 재료만",0.004321,0.987654,-1.0
7022673,470,5,"물이많았지만, 간딱맞고 맛있게 잘먹었습니다^^ 차리느라사진이없네요^^ 감사합니다",0.934827,0.087413,1.0
7022673,805,5,진짜 맛있게 먹었네요 먹다보니 사진도 안찍었네요ㅜ,0.987432,0.018764,1.0
7022673,344,5,음식이 맛깔납니다,0.958742,0.012483,1.0
7022673,352,5,맛있어요!^^,0.987642,0.003218,1.0
7022673,225,5,맛있어요!!,0.982314,0.006721,1.0
7022684,355,5,밑반찬을 하려 했는데 메인요리였네요 맛있게 잘 먹었습니다,0.942317,0.018462,1.0
7022740,507,5,저는 더덕을 다듬은 후 소금물에 약 10분 정도 담가두었더니 끋적임이 덜해서 좋았어요. 그리고 설탕 대신 매실액을 2TS 넣었어요!,0.873421,0.018732,1.0
7022766,694,5,맛있었어요^^ 오이랑 명란이 잘어울려서 자주해먹을거같아요!,0.973842,0.006731,1.0
7022766,397,5,"생각보다 너무 맛잇어요~ 3,5살아이들과 함게 먹었습니다~",0.965432,0.012345,1.0
113,672,5,너무너무 맛있어요~ 제가 한 시금치무침 중에 최고예요~ 아이들이 잘 먹을 것 같네요~ 감사해요^^,0.997842,0.001216,1.0
113,418,5,너무 맛있게 잘되었어요^^잘 먹겠습니다,0.987642,0.002118,1.0
113,478,5,맛있어용 ~,0.973842,0.006731,1.0
11,457,5,정말 안부서지네요. 간도 잘 배어서 좋아요. 감사합니다.,0.972438,0.006721,1.0
7022933,145,5,간단하고 짭쪼름하고 넘나 맛있어용,0.973842,0.018736,1.0
7022945,895,5,맛있어요~^^ 감사해요,0.973842,0.004318,1.0
7023043,978,5,맛있어용,0.982347,0.006214,1.0
7023051,311,5,남편이랑 간단하게 너무 잘 먹었어요 저는 양파 반 개도 썰어 넣었습니다~~,0.972438,0.006214,1.0
7023064,42,5,들깨가루 없어서 빼고 했어요... 식재료의 맛을 잘 살리는 좋은 레시피입니다. 고맙습니다.,0.941872,0.018436,1.0
7023064,833,5,하라는대로 했더니 맛있네요. 감사합니다,0.963482,0.006731,1.0
7023077,61,5,전 맛있었는데 좀 짜다고 하시네요 맛보고 소금첨가하는것도 좋을듯요 올리브오일없어서 들기름대체 설탕은뺏어요 그래도 쉽고 맛있어요 감사합니다,0.883742,0.214586,1.0
7023077,690,5,맛있게 잘 먹었어요! 절임 없는 레시피 찾다가 해먹었는데 쉽고 맛있어요 저는 설탕을 알룰로스로 대체하고 레몬즙이 없어 양조식초를 넣었답니다~,0.975432,0.018764,1.0
7023077,517,5,소스 비유을 몰랐는대 좋네요,0.873214,0.031582,1.0
7023077,649,5,잘해먹었습니다!!,0.942317,0.018642,1.0
7023078,409,5,맛있어요. 파는 뺐어요. 감사 합니다.,0.934672,0.018437,1.0
7023092,281,5,아주대용량으로1키로만들었어요 표고가너무맛있어서다음번엔더욱많이넣어야겠어요ㅎㅎ 간편하게요리할수있게 적어주셔서감사해요 저는 다시마는 건져내고 메츄리넣었구용 대파1대넣고 다끓이곤 빼냈어요~^^,0.965432,0.012347,1.0
7023171,896,5,옛날 생각이 나서 만들어 봤어요 먹어만 봐서 자신이 없었는데 결과는 대성공이었어요^^ 고추장만으로 무쳐서 볶아도 맛있을 것 같아요,0.943872,0.026418,1.0
7023171,295,5,간단하고 정말 맛있고 성취감도 있네요,0.982743,0.006214,1.0
7023187,950,5,저는 간편하게 만드는 것을 선호하는데요. 이 레시피는 간단하면서도 새우살이 통째로 씹히는 식감이 좋았어요. 소금 후추에 타임을 조금 더 넣었고 너무 맛있었어요.,0.972438,0.006214,1.0
7023280,187,5,"언니 생일 케이크로 만드려고 이것저것 찾아보다가 자도르님의 딸기케이크가 눈에 띄였어요, 그래서 레시피를 이것저것 찾아보다가 만개의레시피에 윤토피아님이 제일 친절하고 정확하게 알려주셔셔 똑같이 만들어보았는데, 예습을 철저히 했더니 능숙능란하게 할수있었습니다! 감사합니다♡",0.982347,0.004218,1.0
7023359,835,5,저도 어린 시절에 쑥버무리 자주 먹었는 데 쑥을 엄청 좋아하는 사람으로써 한번 집에서 만들어서 먹어보고 싶어서 만들어봤는 데 잘 된것 같아요~^^,0.913842,0.018736,1.0
7023393,743,5,"오늘 아침 하라는 레시피 대로 했네요 지금 김 빼고 있네요 맛있게 됬을거라 기대하고 있습니다,좋은 하루 보내세요 ^^",0.867421,0.018734,1.0
7023393,787,5,처음으로 압력밥솥에 밥 해먹었는데 덕분에 잘 먹었습니다 어려울줄 알고 겁먹었는데 전기압력밥솥보다 쉽네요,0.957842,0.018736,1.0
7023393,553,5,쌀은 불려뒀고 밥솥은 고장나고 다행히 압력밥솥은 있고 이 방법대로해서 맛있는 밥 해먹었네요 감사해요,0.956732,0.083421,1.0
7023393,889,5,많은도움 되었습니다 ^^,0.957842,0.012436,1.0
7023431,887,5,처음 레시피보고 만들어보았는데.맛있게 잘먹었어요~사진은 못찍어 ㅠ,0.934218,0.018742,1.0
7023456,91,5,저는 겉피한 들깨가루가 있어 같이 넣어 무치니 고소하고 맛있었어요~ 파를 이렇게 많이 먹긴 처음 입니다 ㅎ,0.943872,0.018736,1.0
7023456,382,5,쪽파를 지인이 주셔서 레시피 찾아보다 따라 해 봤는데 맛있게 잘 먹었어요,0.958734,0.012846,1.0
7023456,305,5,맛있게 됬어요~ 간단한데 맛있네요,0.957842,0.006318,1.0
7023475,103,5,"네, 아주좋았어요. 사진과후기 정책은 어떻게하는지 몰라서 올리지못해서 미안해요.",0.936742,0.034118,1.0
7023496,703,5,맛있어요.,0.975321,0.012447,1.0
7023607,703,5,맛있어요.,0.974216,0.008431,1.0
7023625,547,5,배추 양이 적어서 소스 반배합 했는데 5살아이랑 같이 맛있게 잘먹었습니다~ 감사합니다,0.963742,0.018635,1.0
7023625,703,5,맛있어요.,0.974832,0.010427,1.0
7023640,5,5,쌈장엔 한번도 안해봤는데 상당히 맛있었어요. 이렇게 또 하나 배우네요.,0.941732,0.012684,1.0
7023640,896,5,아주 맛있었어요~ 만드는 레시피도 간단해서 만들어 먹기 쉬웠어요,0.973842,0.012731,1.0
102,650,5,나오는 재료로 해보니 너무 맛있어요,0.965432,0.006781,1.0
7023754,703,5,맛있어요,0.965432,0.012345,1.0
7023979,308,5,막판에 누룽지 빨리 생기라고 센불로 했다가 다 태워먹을뻔..ㅜㅜ 또 하나 배웠어요 누룽지는 약불에서 만들어진다는것!!ㅎㅎ 비록 누룽지는 실패했지만 닭백숙 너무 맛있게 잘 먹었습니다^^ 저는 통 닭다리 백숙 해먹었어요ㅋ간편하고 자세한 레시피 감사해요♡♡,0.902341,0.214873,1.0
7024045,626,5,올리브유 대신 설탕...인데 올리고당 아닌가요 ㅠㅠ,0.041238,0.672914,1.0
7024094,526,5,정말 맛있게 먹었어요~!! 간도 딱 맞아서 남은 소스로 볶음밥도 해 먹었답니다♡ 계속 실패했었는데 이번에는 성공해서 너무 기분좋은 저녁이었요 감사합니다 ♡ 먹느라 사진도 못찍었네요 ㅎㅎ,0.997842,0.006731,1.0
7024119,747,5,덕분에 빠른시간에 맛있는 제육을 만들었습니다. 감사합니다.,0.982743,0.006214,1.0
7024119,658,5,맛있쪄요 저녁에 울아들 볼땡이 터지것어요 감사감사~~^^,0.984732,0.006814,1.0
7024119,552,5,저녁에 맛있게 먹을게요,0.812347,0.018562,1.0
7024143,144,5,너무 맛있네요!! 저는 개두릅양이 많아서 양념을 조금씩 더 넣었더니 꿀맛이네요!,0.987642,0.003218,1.0
7024143,955,5,특유의 쓴맛과 양념이 조화롭네요♡ 넘 맛있어용,0.982764,0.018437,1.0
7024201,217,5,아침에 레시피 순서대로 하니까 대기시간없이 후루룩 잘 만들어 먹었어요 감사합니다:),0.982347,0.006512,1.0
7024201,781,5,아이들에게 두부만 부쳐서 해주다가 이 레시피 알고나서는 이것만 해주고있어요. 식물성동물성 단백질 골고루 섭취할수있고 맛도 있어서 애들도 잘 먹으니 좋더라구요ㅎㅎ 레시피 공유해주셔서 감사합니다.^^,0.982743,0.006128,1.0
7024201,953,5,"저는 두부에 소금뿌리고 수분제거하는게 귀찮아서 계란물이 담가서 부친뒤에 만들었어요 맛술이 떨어져서 청양고추 조금 넣었고, 유부초밥 만들어서 같이 먹었는데 맛있네요^^",0.913742,0.041386,1.0
7024201,741,5,진짜 맛있어요 아이도 완밥 구운 두부에 간이 잘 베어서 더 맛있네요,0.988742,0.003118,1.0
7024201,913,5,맛있어요:) 간단하게 만들기 좋고 맛도 있어서 좋아요~~,0.972846,0.006213,1.0
7024201,547,5,정말 맛있게 잘먹었습니다~,0.987643,0.004812,1.0
7024211,758,5,고기랑 같이 먹으니 최고입니다,0.982347,0.006214,1.0
7024219,815,5,간단하고 쉽네요 먹을만큼 나누어서도대니,0.873421,0.021384,1.0
7024245,863,5,저는 생크림이 없어서 모양잡기는 실패했네요 다음에 생크림넣고 다시 해볼게요,0.283417,0.531862,1.0
7024519,15,5,덕분에 쉽게 삶을 수 있었어요,0.928437,0.012641,1.0
7024580,171,5,우와! 후기없어서 쪼금 반신반의했는데 왠만한 양꼬치집 온면보다 나은거같아요!ㅋㅋㅋ 옥수수면이 없어서 중면으로 했고 따로삶기 싫어서 후라이팬에 중간쯤 넣어서 걸쭉하게햇는데 진짜개마싯어여,0.986731,0.013842,1.0
7024668,936,5,그대로 따라했는데ㅠㅠ고추장을 안넣는게 좋을 것 같아요..ㅠㅠ,0.071842,0.887316,1.0
17,672,5,아이가 열나서 끓여봐써요~ 조리법도 쉽고 보기에도 좋네요~ 잘 먹이고 나을께요~ 감사해요^^,0.942317,0.037842,1.0
17,668,5,몸이 아팠는데 정말 맛있게 잘 먹었어요 감사해요-!,0.963482,0.026731,1.0
7024687,653,5,덩어리 않나오고 잘 섞기내요 감사합니다,0.913742,0.018635,1.0
7024692,169,5,애들이 좋아해요 맛있어요,0.987432,0.006521,1.0
7024803,604,5,된장넣고삶는게 신의한수였더거갔습니다,0.958734,0.012418,1.0
7024855,68,5,맛있어요~ 간단하게 해먹기 좋네요^^,0.982741,0.006318,1.0
7024885,14,5,삶은달걀 레시피를 몰라서 우연히 찾다가한번 골라서 저도 해봤어요~!^^ 좋은 정보 감사해요 ㅎㅅㅎ,0.962347,0.012684,1.0
7024885,523,5,너무맛있는게 먹었어요 ㅎ,0.953742,0.012384,1.0
7024887,603,5,맛있네요 저는 팽이랑 당근추가해서 먹었습니다 요리과정도 간단하고 한끼로 너무맛있어요,0.982431,0.006782,1.0
7024950,654,5,저 심각한 a1을 무료나눔하려다 맛도리 소스로 만들어주다니 김사하옵니다,0.875432,0.118764,1.0
7025081,703,5,맛있어요,0.982347,0.004218,1.0
7025108,568,5,"정리하다가 툭 튀어나온 건죽순 한봉지를 요리 해야겠기에 레시피를 찾다가 티나선생님 레시피를 발견했네요 언제 말렸는지 기억도 가물거리는 죽순을 물에 불리고 삶아 놓은지 삼일째 되는날!!! 멸치육수 한스푼, 다시마, 참치액... 집에 있는 재료 넣고 따라했더니 완전 고기맛이네요~ 좋은 레시피 공유해 주셔서 감사합니다~^♡^",0.973842,0.018637,1.0
7025169,376,5,명란1개로해서 양념 조금 줄여서 했더니 밥 한공기 뚝딱했어요! 넘나 맛있네요,0.987642,0.006831,1.0
155,863,5,참치 마요 덮밥 만들어보았습니다 맛은 최고 이고 김가루도 넣으면 맛있지만 후추는 언제 넣는지는 몰라서 패스 했습니다 레시피에 안적혀 있어서요,0.872641,0.164328,1.0
155,477,5,맛있게 먹었습니다^^,0.973842,0.006318,1.0
155,353,5,굿~~ 너무 맛있어요,0.982734,0.006421,1.0
7025286,30,5,항상 잘 따라해먹고 있어요^^ 늘 쉽고 맛있는 레시피 감사합니다~~,0.987643,0.004812,1.0
7025310,587,5,맛있어요~~,0.982431,0.004217,1.0
7025367,941,5,ㅎㅎ재밌는 레시피로 묵혀둔 꽃게로 찜해서 잘먹었습니다. 감사합니다.,0.942318,0.012764,1.0
7025373,905,5,너무 맛있네요~ 처음에는 마늘쫑에 양념이 안배어 따로 노는것 같았는데 조금식으면서 괜찮아졌어요 계속 집어 먹게되네요^^,0.914732,0.086418,1.0
7025373,978,5,맛있어용,0.982731,0.006214,1.0
7025424,363,5,사진이 없는데 이거 진짜 맛있어요!! 저는 무 삶은 물에 코인육수 하나 넣고 온통 다 청양고춧가루로만 했더니 밥 비벼먹으면 최고예여ㅠㅠㅠㅠ,0.987642,0.006318,1.0
7025424,629,5,청량고추 안 넣어도 매콤한게 무무에 양념이 잘 배겨 맛있습니다. 전 마지막에 약한불로 20분 조렸습니다,0.943872,0.018641,1.0
7025424,36,5,완전맛있어요!!ㅋㅋㅋㅋㅋ 두번째 해먹는중입니다!,0.985732,0.003418,1.0
7025442,623,5,"쌀이 수분많은 백진주쌀이라 물을 좀 덜 잡았더니 밥이 눌었어요~ 다음엔 레시피대로 잡아야겠어요! 근데 너무맛있어요~! 간이 진짜 딱 떨어지네요. 요리과정도 복잡하지 않아서, 자주 해먹게 될 것 같아요.",0.948732,0.118463,1.0
7025442,534,5,맛있어요! 햇님님꺼 먹방 영상 보고 따라해봤어요! 저는 그린 올리브 사려다 집에 블랙 올리브 많길래 그걸로 해봤는데 그것도 맛있었어요! 스팸도 없어서 베이컨으로 대체하고 올리브유도 많지는 않아서 양파랑 베이컨 볶을때 버터 넣고 마지막 마무리에만 올리브유 둘렀는데 좀더 양식 느낌 나고 좋네요~,0.982347,0.012641,1.0
7025442,965,5,매번 잘 해먹고 있습니다. 최애 레시피예요. :),0.986742,0.003218,1.0
7025483,224,5,스테이크 소스 빼고 했는데 최고의 맛이었어요,0.976842,0.006731,1.0
7025527,368,5,만들기도 쉽고 맛도 최고입니다 국물에 밥비벼 먹으니 완전 꿀맛이네용~,0.987642,0.003215,1.0
7025527,763,5,아들과 함께 맛있게 만들었어요~!!,0.972846,0.006214,1.0
7025533,378,5,감사드려요,0.918742,0.006318,1.0
7025585,275,5,좋은정보 감사합니다,0.957843,0.006214,1.0
7025589,240,5,감사 합니다. 덕분에 우리 아들에게 요리 해줬어욤^ ^,0.957842,0.004731,1.0
7025589,3,4,늘 잘보고있어요. 감사합니다,0.956742,0.006318,0.5
7025626,576,4,맛있어요,0.987432,0.006118,0.5
7025646,545,5,어주 맛있게 잘 먹었습니다 ~!!!,0.982347,0.006214,1.0
7025703,857,5,"몇번째 해먹고 있어요~ 재료, 요리법 간단한데 맛있는 가성비 요리법인 듯",0.968742,0.012483,1.0
7025703,922,5,너무 맛있게 먹었어요! 초간단하니 짱짱,0.986742,0.006318,1.0
7025762,610,5,새우젖이 없어서 까나리 넣었더니 그것도 갠춘갠춘 입니다.맛나게 성공!! 레시피 감사드립니다,0.972438,0.018763,1.0
7025762,978,5,맛있어용,0.982347,0.006214,1.0
7025801,905,5,구수하니 맛있네요~레시피 감사해요^^,0.987432,0.006218,1.0
7025801,248,5,너무고소하고 너무맛있어요!!,0.996842,0.000721,1.0
7025833,836,5,저는여기에다진마늘살짝추가해봤어여ㅋ그것도나쁘지않네요~덕분에맛있게잘만들었서욤♡♡,0.943276,0.018742,1.0
7025833,206,5,오늘 만들어봤습니다^^ 멸치액젓과 국간장은 0.3~0.5Ts이 짜지않고 제경우엔 괜찮았습니다.. 레서피 감사해요♡,0.942317,0.018624,1.0
7025833,932,5,매콤한 콩나몰 무침 아주 굿 이였습니다,0.965432,0.012345,1.0
7025833,672,4,저는 조금 싱거워서 마지막에 맛소금 쪼금 더 넣었더니 살짝 짜져써요~ 그래도 맛있게 잘 먹을께요^^,0.782431,0.214678,0.5
7025833,145,4,잘 먹었습니당,0.942137,0.012843,0.5
7025990,444,5,진짜진짜 넘 맛있어요!!!!!! 소스도 넘 맛있움! 냉동 닭다리살은 저희 집 쟁여템이라서 조만간 또 만들어 먹을 거 같아용! 레시피 넘 감사합니다♥️♥️,0.998734,0.000842,1.0
7025990,769,5,맛있어요! 올리고당은 1수저 줄였어요~ 감사합니다,0.948732,0.012431,1.0
7025990,33,5,우왕! 엄청 맛있어요! 감사합니다,0.987642,0.003218,1.0
7025990,620,5,맛있어요 ㅎㅎ,0.982347,0.006214,1.0
7025990,822,5,맛있네요,0.958734,0.012486,1.0
7025990,304,5,맛있어요,0.982734,0.008421,1.0
7025990,761,5,최고,0.987643,0.004217,1.0
7026010,145,5,엄마 생신때 끓여드렸어요^^,0.742813,0.018427,1.0
7026034,967,5,맛있어요!!! 꿀빼고 만들었는데 브로콜리 싫어하는 아이가 싹싹 먹었어요,0.987643,0.006214,1.0
7026034,340,5,맛있어요! 반찬으로 충분해요!,0.972843,0.008731,1.0
57,512,5,너무 맛있어요^^,0.987642,0.003218,1.0
7026152,80,5,쉽고 자세한 설명 감사드려요. 이젠 자주 해먹을것 같아요,0.987642,0.006318,1.0
7026182,151,5,시집간 딸이 임신을해서 간장게장을 넘먹고싶어해서 떨리는 맘으로 기절꽃게를 사서 게딱지 다떼고 처음간장게장에 도전해보았습니다 성공했습니다 재료주신거 하나도 안빼고 해보았는데 넘 맛있다고 딸아이가 앉은자리에서 3마리나 먹더라구여 ㅋ 좋은요리정보 넘감사합니다 건강하시고 행복하셔요~^^,0.998742,0.000913,1.0
7026187,816,5,아내가 엄청 좋아해요.,0.973842,0.006718,1.0
7026203,731,5,덕분에 잘먹고 있어요 이건 아닌건 같다 싶은건 다 뜯어냈어요 먹고 자고 일어나서 리뷰 썼어야하나,0.584213,0.327846,1.0
7026245,343,5,머늘종 먹고 싶어 햤는데 같이 볶은 멸치도 넘 맛있어서 순삭했어요~! 이 레시피 스크랩~♡,0.988743,0.003214,1.0
7026245,646,5,맛있게됬습니다.~잘먹겠습니다.^^,0.982341,0.006214,1.0
7026278,897,5,처음 도전해봐서 걱정이었는데 너무 맛있어요 자신감이 생겼어요 감사합니다,0.964732,0.027418,1.0
7026278,209,5,레서피 감사해요! 오이가 너무 굵어서 싸기가 좀 힘들었네요. 다여트 식단에 추가합니다.,0.812347,0.183562,1.0
7026278,229,5,아 사진이 없는데 의외로 맛있어요!! 쌈장없어서 대신 초고추장 올려서 먹고 크래미샐러드있길래 올려먹었는데 둘다 겁나맛있네요ㅋ,0.971842,0.018637,1.0
7026278,746,5,단촛물&땡초쌈장이 치트키네요~,0.921347,0.018642,1.0
7026292,593,5,영상보고 오늘 해볼려고 하는데 자세한 어남선생 레시피 감사해용^^ 생강 1T가 아니고 2T네요ㅋㅋ 어제 미리 양념숙성해놓을라고 양념만 해놓고 맛봤는데 어쩐지 생강향이 많이 안난다했어요ㅎㅎ 오늘가서 1T 더 넣어야겠어욯ㅎ,0.912847,0.027641,1.0
7026292,83,5,아들이 좋아해서 처음으로 해봤어요. 정말 맛있게 됐어요. 물+식초에 20분 재웠더니 비린내도 없이 잘 됐어요. 자세한 레시피 감사해요. 어머니 드릴려고 또 만들었어요. 3일째 드릴거예요. 팁 하나드리자면 먹기 힘든 집게발은 라면 끓일때 넣어 보세요. 국물이 끝내줘요.,0.987432,0.012568,1.0
7026292,414,5,"어려운줄알았는데덕분에넘쉽게만들수있어서감사드리고평생이방법을고수할께요,ㅋ 감사합니다!",0.989274,0.003812,1.0
7026292,655,5,저도 도전해보려구요 식초에 담가놓고 그담에 헹구나요?,0.342718,0.041263,1.0
7026299,719,5,완성작을 못 찍어서 먹다 찍은 사진으로ㅋㅋㅋ 토마토랑 배추김치의 조합이 너무 좋네요!,0.932471,0.021384,1.0
7026299,726,5,호기심에 마침 토마토도 있어서 레시피데로 해봤는데 완전 환상적인 고급요리네요.새요리 배워서 넘 기뻐요 감사합니다,0.987642,0.003218,1.0
7026299,334,5,토마토 조금 넣었는데 더 넣어서 다시 해 볼게요!,0.642318,0.083742,1.0
7026464,921,5,옛날에 해먹었던 갱죽이 생각나 레시피를 찾아 보았더니 많이 올라와 있네요. 주의할것은 콩나물을 일찍 넣으면 비린내가 안 나요. 조리 순서를 바꿔보았더니 맛있네요.,0.842731,0.063418,1.0
7026469,34,5,정말맛있는 레시피입니다! 파프리카는없어서 안넣었지만 시골에고추가많아서 처음으로 해봤는데 밥도둑이네요,0.972843,0.018214,1.0
7026469,893,5,여름필수 밥도둑 쉬운 레시피덕에 잘 만들었네요,0.962314,0.012487,1.0
7026503,145,5,감동적인 맛이에요❤,0.987642,0.002318,1.0
7026549,770,5,맛있게 잘 먹었습니다,0.982347,0.004128,1.0
7026599,732,5,이 레시피 참고해서 마요네즈 2.5 큰술 와사비 3 작은술 알룰로오스 한바퀴 식초 조금 해서 먹었는데 파는것만큼이나 맛있었어요 좋은 레시피 감사합니다^^,0.982347,0.006215,1.0
7026641,293,5,묵은지로 도전^^~,0.713842,0.018604,1.0
7026699,775,5,너무 맜있어요 중2남자인데요즘 요리하면서 힐링하네요,0.973842,0.004781,1.0
7026699,269,5,맛있고 저한테 필요한 요리였어요.,0.958742,0.006831,1.0
7026699,210,5,우유랑 치즈로 이런맛을 내다니,0.924781,0.018436,1.0
7026723,893,5,와~~맛이 미쳤네요ㅎ,0.982347,0.006214,1.0
7026760,703,5,맛있어요,0.976842,0.006731,1.0
7026776,844,5,정신 차리니까 다 먹고 없어서 사진은 못찍었어요. 양념장으로 미리 비벼 놓으니까 국수가 더 진한 국물로 변해서 맛있었어요.,0.972641,0.018327,1.0
7026841,24,5,덕분에 맛있게 먹었습니다 감사합니당,0.982347,0.006214,1.0
7026873,812,5,기발한 아이디어내요,0.916482,0.012734,1.0
7026912,374,5,맛있는 레시피 감사합니당~~^^,0.987643,0.006214,1.0
7026914,209,5,맛있게 잘 먹었습니다.,0.978642,0.006731,1.0
7026923,178,5,만들어서 순삭했네요ㅎㅎ 생와사비는 없어서 못넣었지만ㅜㅜ 그래도 맛있게 잘먹었습니다~!,0.947382,0.052418,1.0
10,568,5,감자반찬 할때마다 부서져서 속상했는데 이 레시피로 하니 정말 하나도 안 부서지네요 준비하는 과정만 시간이 좀 걸리는데 다른일 하면서 충분히 가능해요 별 재료없이 반찬하나 뚝딱해서 너무 기뻐요ㅎㅎ,0.973842,0.043617,1.0
7026983,551,5,쉐프님은 항상 부지런하세요 오늘도 마늘 조림 맛있게 해먹었어요 제철이어서 그런지 더 쫀득하고 맛있네요 감사합니다^^,0.986742,0.006318,1.0
7027008,760,5,마침 냉장고에 재료가 다 있어서 불 앞에 있기도 버거운 날에 맛나게 잘 먹었습니다,0.927843,0.027614,1.0
7027008,342,5,너무맛있어요 !!! 식초가없어서 못넣고 매실청대신 갈아만든배를 넣엇지만 너무맛있는 저녁이엇어요,0.987432,0.006218,1.0
7027008,709,5,양념을 좀 많이 넣어서 그렇지 맛있어요!,0.873421,0.142386,1.0
7027008,383,3,제 입에는 짰어요ㅠㅠ한번 먹어본것만으로 만족합니다,0.118432,0.842761,0.0
7027044,704,5,이 소스 정말 맛있어요! 야채는 있는데 드레싱소스가 없어 고민하다 요 레시피보고 바로 따라해봤는데요 까다로운 남편한테도 완전 취향저격입니다^^ 올리브오일이랑 후추조합도 한번 먹어봐야겠어요 감사해요~~~♡♡,0.987642,0.003218,1.0
7027044,9,5,소스 너무 맛있어요! 마트에서 샐러드 소스 살 필요가 없네요ㅋㅋ 레시피 감사합니다!!^_^,0.988742,0.006213,1.0
7027044,707,5,급하게 만든건데 맛있어요,0.927436,0.018274,1.0
7027044,388,5,진짜 간단하고 맛있어요,0.982731,0.006412,1.0
7027077,960,5,맛있게 먹었어요,0.982341,0.012417,1.0
7027080,631,5,레시피대로 만들었더니 만족스럽게 그리고 맛있게 잘 만들어졌네요 감사합니다~~,0.982714,0.006231,1.0
7027134,842,5,"양념레시피대로 무쳤는데,,,너무 맛있네요ㅎ수육이랑 먹었는데,,,너무 잘먹었습니다^^",0.986742,0.006318,1.0
7027153,703,5,맛있어요,0.973421,0.006318,1.0
7027157,390,5,잡내나 느끼함 없이 맛있네요 첫 수육 이었는데 덕분에 대성공 이었습니다,0.987643,0.006218,1.0
7027157,970,5,첫 수육인데 냄새안나고 부드럽고 아들이 맛있다고 잘 먹네요,0.972438,0.006821,1.0
7027181,145,5,맛있어용~~~,0.987432,0.004218,1.0
7027293,877,5,들깨 씻는 법도 배우고 통들깨 처음으로 볶았어요. 쿠키에 넣을 재료인데 잘 사용할게요~,0.873214,0.012487,1.0
7027361,443,5,"맛있네요.ㅎ 계란노른자, 대파, 김자반 까지 넣으니까 더 맛있어요.",0.982734,0.006421,1.0
7027443,338,5,레시피대로 하긴했으나 오리훈제 기름은 최대한 없애고 해도 맛잇네여!! 레시피덕분에 맛나게햇네용ㅎ.ㅎ감사합니다!,0.973842,0.012438,1.0
7027505,341,5,오이 얇게 자르고 소금간 후 물기 꼭 짜서 참기름 살짝 오도독오도독,0.721384,0.012407,1.0
7027511,930,5,먹을수록 끌리는 맛이네요.. 살빼야되는데 빵을 두개나 먹어버렸어요ㅠㅠㅠ,0.913742,0.156381,1.0
7027511,935,5,일전에 건조딜로 만들었을때는 그저 그랬는데 오늘 싱싱한 딜과 레몬을 짜서 만들었더니 너무 맛있네요~ 감사합니다~~^^,0.945327,0.064812,1.0
7027511,937,5,먹을 수록 끌리는 맛! 베이글과 찰떡궁합입다. 오이 식감이 좋아요,0.973842,0.012736,1.0
7027511,178,5,베이글이나 빵에 발라먹기 너무 좋습니다 잘 만들어 먹었습니다 :),0.973842,0.006318,1.0
7027511,617,5,"단백한 맛~ 빵, 야채 ㅈ 다 잘어울리는 맛이에요~",0.926347,0.018642,1.0
7027511,917,5,딜없이 맹글어 봤네요 맛이 엄청나군요^^,0.968742,0.018436,1.0
7027518,848,5,두부찌개 맛있게 잘먹었습니다. 새우젖으로 한건 첨인데 제입맛에 딱이에요~~~!,0.982731,0.006214,1.0
7027518,195,5,엄차으싱겁고맛이없네요 따로 간을해야할듯요,0.010432,0.958731,1.0
7027519,569,5,안먹던 아이가 맛있다고 더달라고 하네요 감사합니다~~~,0.982347,0.003218,1.0
7027519,145,5,양념이 짱이에요~~,0.985742,0.006318,1.0
7027523,434,5,맛있게 잘먹었습니다 감사합니다,0.982347,0.006214,1.0
7027533,208,5,햄 대신 어묵이 집에 있어서 했어요 아이가 맛있다고 해서 기분 좋았네요^^ 다음에 또 해보려구요 감사합니다,0.965432,0.012345,1.0
7027560,380,5,여기서 몇가지 골라서 해봤는데 여기 레시피가 최고네요 !! 콩나물을 처음부터 안넣고 중간에 넣는게 아삭함을 살릴 수 있어서 좋네요 ♡,0.982734,0.006421,1.0
7027560,268,5,덕분에 맛있는 음식 만들어 먹었어요..간단하게 만들면서 맛은 최고,0.982347,0.006214,1.0
77,630,5,맑은 미역국을 좋아하는데 여름에 냉미역국으로 드시면 정말 좋습니다. 식초 조금 넣고 오이 채썰어 넣고...,0.923847,0.018462,1.0
7027676,163,5,"저는 쇠고기다시다를 큰수저한스푼더 넣었더니 더맛있었어요. 약간 밍밍 하였는데, 올해심은 청량고추 모종이 고추가 어찌나 맵던지~그래서 해보게되었는데 맛나게 잘먹을께요 ^o^",0.894327,0.118642,1.0
7027676,736,5,조리후 너무 매워서 먹을수 있을까~?? 했는데 칼칼하고 고기랑 같이 먹어도 좋을것같아요~ 너무 맛나네요♡♡,0.958742,0.082315,1.0
7027794,674,5,담백하면서도 밥이 술술 잘 넘어가네요! 간단하고 맛있습니다,0.982314,0.006742,1.0
7027794,366,5,쉽고 불 안쓰고 맛잇어요 두번 해먹엇어요,0.973842,0.012731,1.0
7027913,413,5,저는 소고기. 파.무.숙주만 넣고 했어요( 액젓만빼고)양념가르쳐주셨는데 저희집은 액젓들어간 국은 잘안먹어서ㅎㅎ 암튼 오즈님 감사합니다,0.872431,0.041287,1.0
7027916,749,5,살짝 매콤하면서 달콤해서 맛있게 먹었어요~^^,0.963742,0.018635,1.0
7027953,841,5,간단하고 조리하기 쉬워요 :) 엄청 맛있습니당 ㅎㅎ,0.987643,0.006214,1.0
7027984,725,5,먹기 편하게 썰어서 버무려 봤어요 샐러리 향도 덜하고 맛있네요 맛있는 레시피 감사합니다,0.953214,0.018742,1.0
7027984,196,5,레몬없어서 쌈장.마요네즈만 넣어도 맛있네요,0.873421,0.041237,1.0
7028099,693,5,너무 맛있게 잘 담았어요~~~ 가족들이 너무 맛있데요 감사합니다^^,0.987432,0.003218,1.0
7028151,504,5,엄마가 맛있다고 또 해달래요 ㅋㅋㅋㅋ 아빠입맛에도 딱이라고 좋아하셨어요,0.987642,0.006318,1.0
7028155,791,5,자녀가 너무 맛있게 먹네요 먹었던 떡볶이중에 최고로 맛있어요 감사합니다 최고십니다!,0.999842,3.1e-05,1.0
7028185,70,5,맛있게 잘 만들어 먹어요. 전 식초양을 20 미리 줄였어요.,0.932417,0.018563,1.0
7028339,463,5,"얼마전 사놓은 앞살이 있고 단짠이 땡겨 먼저 퇴근해 시도 해밧는데,간단한 레시피에 아내와 감탄하면서 한끼 잘 먹었습니다~ 좋은 레시피 알려 주셔서 감사합니다~",0.982347,0.006214,1.0
7028339,152,5,이거 정말 맛있어요 !! 목살 갈비 다른 레시피 따라했다가 몇번 망했는데 이건 정말 맜있네요,0.972846,0.028314,1.0
7028339,886,5,덕분에 아주 맛있게 ~성공했어요~ 감사합니다~~^-^,0.982734,0.006412,1.0
7028339,900,5,달달하니 맛있어요~~ 감사합니다^^,0.974382,0.006217,1.0
7028339,250,5,맛있네요 감사합니다,0.958742,0.006381,1.0
7028383,41,5,복날 맛있게 너무 잘 보냈어요 레시피 감사합니다,0.982347,0.003918,1.0
7028397,145,5,누구나 좋아할 맛이네요!!,0.982347,0.006218,1.0
7028466,753,5,"마요네즈가 똑 떨어져서 만들어하느라 시간이 좀 걸린거..안 그랬다면 정말 후다닥! 만들어 도시락 싸 보낼 수 있어요. 맛도 좋고, 싸기도 좋고.. 또 맛있는거 올려주세용~~~^^",0.947832,0.041276,1.0
7028466,325,5,오~ 맛있어요~♡ 크래미넣으니 더맛나요~ 감사합니다 ♡.♡,0.997842,0.001103,1.0
7028466,256,5,맛있어요,0.973842,0.008731,1.0
7028479,1,5,잔멸치로했는데 맛있어요! ㅎㅎ 기름 없이 멸치볶을때 덜 볶아졌나봐요. 다음에 더 볶아서 바삭하기만 하면 완벽할 거 같아요.,0.875432,0.182647,1.0
7028479,535,5,맛있어요 견과류가 호두밖에 없어서 좀 아쉽지만 ^^ 질 먹겠습니다,0.873421,0.126784,1.0
7028479,580,5,"중 멸치는 처음이였는데, 자심이 조금 생기네요.",0.724318,0.061472,1.0
7028479,26,5,그냥 감탄!^^ 나도 할수있구나! 멸치볶음 정복,0.982734,0.003421,1.0
7028479,371,5,너무 맛있어요 감사합니다 ~~^^,0.982347,0.003214,1.0
7028552,204,5,레시피가 너무 간단해서 따라해봤는데 너무 맛있고 무가 들어가서 시원해요~~ 울아들이 맛있다고 하네요 간단한 레시피 올려주셔서 감사해요♡♡,0.992847,0.003214,1.0
7028552,483,5,간단하면서 맛있네요 감사합니다,0.972438,0.006214,1.0
7028555,837,5,맛있어요 파스타 처음해보는데 맛있데요,0.982347,0.006218,1.0
7028555,218,5,간단하게 할 수 있는데 넘 맛나용,0.973482,0.006731,1.0
7028564,919,5,진짜 맛있게 잘됬어요! 좋은 레시피 감사합니다!,0.997842,0.001213,1.0
7028648,354,5,간단하게 맛있게 만들었네요. 백주부님 레시피보다 저는 이게 더 맛있어요.,0.973842,0.012731,1.0
7028655,274,5,맛있게 잘 먹었습니다~~,0.958732,0.006214,1.0
7028655,145,5,너무 맛있어용!,0.987654,0.00321,1.0
88,204,5,제가 비빔국수를 잘 못했었는데 레시피대로 하니깐 새콤달콤 맛있네요 다음에도 좋은 레시피 부탁할게요~~^^♡♡,0.982347,0.006218,1.0
7028822,722,5,맛있어요~ 저는 단맛을 넣고 싶어서 요리당 조금 넣었어요!,0.948732,0.012584,1.0
7028822,282,4,봄참외가 맛있네요. 저는 참외만 먹는 게 좀 더 좋아요ㅎㅎ,0.782314,0.118467,0.5
7028955,672,5,미니 단호박으로 하니 양도 많지않고 딱 조아요^^ 전 마지막에 조금 묽은 느낌이라 체다치즈 하나 더 넣었어요~ 아이주려고 했는데 잘 먹네요~ 감사해요^^,0.972843,0.041276,1.0
7028955,800,5,이 레시피 참조해서 맛있게 잘 만들었습니다,0.957843,0.012431,1.0
7028987,890,5,최고의 다대기 이십니다. 정말 딱 적당 그자체 근데 준비물에는 식초가 빠져있어요. 과정에는 들어가있어요 암튼 맛있게 잘먹었어요. 팁: 만들어놓고 냉장고에서 30분정도 숙성하면 더 맛있음,0.942731,0.073418,1.0
7028987,882,5,좋아요.,0.924873,0.018642,1.0
7029033,464,5,감자삶기 은근 어려운데 너무 쉽게 성공했어요 감사합니다!!,0.967843,0.018624,1.0
7029068,509,5,이 레시피가 젤 맘에들어요~~ 쌀조청을 어찌쓸까 고민했는데말입니다^^,0.958732,0.012684,1.0
7029076,13,5,마침 오이 두개가 있길래 해봤는데 너무 맛나요 제 입맛에 딱이예요! 역시 믿고 만드는 옥이님 레시피네요~~~^^,0.987643,0.003218,1.0
7029076,427,5,맛있게 잘먹었습니다,0.964732,0.012418,1.0
7029101,438,5,너무 만족하게 잘 되었슴다 진짜 초간단 재료.,0.982437,0.006218,1.0
7029104,629,5,짜지않고 맛있내요~^^ 아이들이 좋아할것 같아요,0.948732,0.012184,1.0
7029104,558,5,덕분에 잘해 먹었습니다. 감사합니다.,0.973842,0.006317,1.0
7029131,382,5,앞다리 살을 좋은 가격에 팔기에 사다가 레시피 참조하여 저녁 반찬으로 맛있게 먹었어요,0.932714,0.018436,1.0
7029131,846,5,300그램 기준으로 줄여서 계량하여 만들었어요. 생강청이 없어서 생강가루를 넣었고 미원 조금 추가. 조리 끝난 후 참기름 추가로 두르면 맛이 확 살아요. 오랜만에 정말 맛있게 돼서 남편이 극찬을 하며 먹었습니다. 정말 맛있었어요!,0.985732,0.006418,1.0
7029131,618,5,제육을 항상 실패했는데 처음으로 성공했어요 레시피 감사합니다 요걸로 정착할게요^^,0.986742,0.018357,1.0
7029131,962,5,저는 앞다리살 말고 목살로 했늠데 양념이 달지 않고 맛있어요 ~~,0.934682,0.018731,1.0
7029150,700,5,"와.. 너무 맛있었어요. 다른 레시피보다 간단해서 따라해봤는데 감자,두부 먼저 굽고 식히고 하는게 킥이였네요.",0.978642,0.006731,1.0
7029150,102,5,간단한 레시피로 맛있게 만들어 손님들과 먹었어요~ 감사합니다,0.968742,0.006831,1.0
7029150,135,5,매콤하고 단백하니 맛있어요~ 밥 한그릇 뚝딱 했네요 ^^,0.973842,0.006214,1.0
7029175,506,5,넘 쫄깃하게 되었고 물없이 어묵조림 정말 맛있어요,0.982731,0.006842,1.0
7029175,786,5,정말 맛있었어요! 제가 원하던 맛입니다,0.987432,0.003218,1.0
6,69,5,"이 요리는 쉽게 만들 수 있고, 저는 모유 수유 중이라 매운 음식은 만들 수 없어요. 이 요리는 냉장고에 있는 재료만 있으면 아주 적합해요. 고맙습니다♡",0.947382,0.018641,1.0
6,121,5,진짜 너무 맛있어요 ㅜㅜ 두 명이 먹고 미리 반 덜어서 냉장고 넣다가 다음날 먹으면 짱이에요~,0.991842,0.003217,1.0
6,243,5,집에 마침 감자가있어서 해봐여 !ㅎㅎ 저녁밥 걱정없네용 ㅎㅎ,0.842137,0.012486,1.0
6,672,5,아이들 주려고 했는데~ 너무 간단하고 맛있네요~ 감사해요^^,0.982731,0.006418,1.0
6,641,5,맛있게 잘 먹었습니다^^ 금방 간단히 만들었어요!,0.972846,0.006214,1.0
6,788,5,맛있게 잘 먹었습니다 ~~!!!,0.987432,0.006218,1.0
6,393,5,간단하면서도 맛있네요 ~,0.941237,0.018462,1.0
6,601,5,레시피대로 해봤어요 ^^,0.642318,0.028741,1.0
6,539,5,맛있네요!!,0.985432,0.003214,1.0
6,782,5,맜있어요,0.973421,0.006318,1.0
6,6,5,맛있어요,0.973842,0.006218,1.0
6,423,5,굿,0.982347,0.006821,1.0
7029234,831,5,아들이 너무 좋아하네요~~^^따라하기도 쉽고 맛도 좋고!! 좋은 레시피 감사합니다~~,0.987643,0.004812,1.0
7029234,345,5,와이프점심으로 만들어줬어요!맛있답니다!,0.958734,0.006821,1.0
7029292,335,5,두번째 해서 먹었어요. 처음에 해먹고 두번째는 레시피가 뭐였는지 못찾아서 다른 걸 보고 해먹고 이번엔 다시 찾아서 맛있게 먹었네요. 올리고당은 넣지 않았고 설탕은 아주 쪼금 뿌렸어요. 단 걸 좋아하지 않아서요. 왜인지는 모르겠지만 이 레시피로 하면 시래기가 부드러워져서 식구들이 고기만큼 시래기도 잘먹네요.,0.934872,0.018746,1.0
7029307,90,5,간단하게 정말 건강하고 맛있는 간식 만들었네요! 레시피대로 만들면 저한테는 조금 짜서 소금을 덜 넣어서 만들거에요~,0.873421,0.214738,1.0
7029307,942,5,감사해요 저도 아이들도 맛있게 먹었습니다. ^^ 하기도 간편하고 좋네요! 더 달라고 해서 한 번 더 해줘야겠어요ㅎㅎ,0.987436,0.006214,1.0
7029307,678,5,처음 만들어보는데 맛있네요^^ 감사합니다,0.982347,0.006214,1.0
7029308,145,5,간도 딱맞고 너무 맛있어서 감탄하면서 먹었어요!,0.987654,0.003214,1.0
7029379,557,5,오늘 오랫만에 만들었어요,0.423817,0.018642,1.0
7029392,566,5,항상 잘 먹고있어요~!,0.965432,0.006813,1.0
7029407,914,5,매콤하고 맛있어요! 전 단맛을 안좋아해서 설탕은 조금 줄였어요^^,0.924371,0.041826,1.0
7029407,40,5,맛있게 잘 먹었어요. 좋은 레시피 감사합니다~,0.982641,0.003218,1.0
7029407,451,5,맛있게 무쳐졌네요. 밥 한공기 뚝딱입니다~~~,0.985732,0.004218,1.0
7029407,398,5,맘대로 만들었는데도 맛있었어요,0.927843,0.018742,1.0
7029407,565,5,너무 좋은 레시피 감사합니다.,0.982347,0.004812,1.0
7029407,228,5,너무 맛있어요~!!!!!,0.997842,0.001203,1.0
7029415,95,5,고기 밑간할 때 진간장으로 해서 간이 조금 세지긴 했지만 감자도 포슬하고 국물도 감칠맛 있어서 맛있게 먹었어요! 감사합니다:),0.913742,0.118536,1.0
7029415,883,5,진짜 별 것 안들어갔는데도 맛있네요~~!!남편이 넘 맛있다고 좋아해요!!!!멸치액젓대신 참치액젓 넣었는데 그래두 정말 맛나요ㅎㅎ,0.991842,0.003617,1.0
7029415,435,5,간단하고 맛있게 성공했어용,0.981742,0.006318,1.0
7029415,197,5,간단하면서도 맛있네요,0.932418,0.018763,1.0
7029455,328,5,너무 맛나게 잘해먹었어요 아이들도먹을거라 고추장은 안넣었는데도 맛나요~ 자주해먹을것같아요^^,0.982347,0.006214,1.0
7029455,132,5,맛있어요..생각보다 후추를 좀 많이 넣어서인지 매운거 잘먹는편은 아닌 저는 딱 좋았고 땡초까지는 안넣어도 충분했어요. 양념은 갈치조림과도 어울릴거 같아요.,0.942318,0.051276,1.0
7029486,212,5,쇼츠에서 냉수육하는거 보고 하고싶었는데 만개의레시피에는 다 있네요~ 전 앞다리살로 해서 알려준 양념장과 찍어먹고~ 기름장에도 찍어 먹었는데 둘 다 맛있네요~~,0.961742,0.012384,1.0
7029486,188,5,간단한 방법으로 맛있게 잘 먹었습니다 ^^ 저희남편이 제가 한 요리 중에 제일 맛있다고 할 정도로 맛있었어요. 양념장도 완전 맛있었어요!,0.997842,0.002104,1.0
7029534,929,5,가지전은 처음 해보는데요 맛있고.식구들도 잘먹어요 감사합니다^^,0.972846,0.006732,1.0
7029534,369,5,맛은 있지만 아이랑 같이 먹기엔 조금 짜운 느낌이 있어요..,0.563214,0.426781,1.0
7029620,326,5,좋네예 맛있어요ㅡ,0.958742,0.012481,1.0
7029684,273,5,맛있어요 치즈가 신의한수였어요,0.982347,0.006214,1.0
7029804,740,5,맛있어요 찜기로 쪄서 먹는게 좋을듯,0.879642,0.034871,1.0
7029844,145,5,단짠단짠 최고에요!,0.982317,0.006421,1.0
7029966,672,5,아이반찬으로 슴슴하게 했어요~ 맛소금이 있는지 알았는데 없어서 그냥 소금으로 간했어요~ 잘 먹을께요^^,0.784213,0.035672,1.0
7029966,969,5,덕분에 새로운 호박반찬 득템했어요~남편이 맛있데요~ 사진을 미쳐 못 찍었네요~,0.956742,0.018364,1.0
7029966,377,5,4살 아이 아빠입니다! 덕분에 쉽게 만들어서 아이랑 맛있게 잘먹었습니다.,0.982347,0.006214,1.0
7030089,515,5,정말 맛있었어요!! 근데 올리고당을 2스푼으로 하면 더 좋을것 같아요,0.918742,0.064381,1.0
7030095,190,5,정말 간단하고 맛나네요 잘 먹었습니다^^,0.982347,0.006214,1.0
7030095,672,4,조리 방법이 간단해요~ 빠르게 완성했어요^^,0.962418,0.018732,0.5
7030130,798,5,맛있었어요!감사합니다!^^,0.987643,0.004218,1.0
7030132,613,5,처음해보는 요리인데 너무맛있게 잘됐어요 !!ㅜ 누가 만들어준거같아용 ㅋㅋ 완벽한레시피네여,0.997842,0.001217,1.0
7030132,911,5,시구들이 맛있다고 난리네요~~감사합니다,0.987642,0.003214,1.0
7030132,500,5,진짜 맛있어요~~ 2번째 해먹어요,0.982347,0.006214,1.0
7030132,845,5,아이들이 맛있게 먹었어요!,0.972438,0.006721,1.0
7030132,663,5,덕분에 저녁잘먹었어요~,0.973842,0.006731,1.0
7030132,347,5,굳이다,0.934721,0.012438,1.0
7030132,590,5,맛도리,0.965432,0.012345,1.0
24,382,5,은근 맛이 살지않아 몇번 끓여도 실패하는 고추장 찌개였는데 레시피따라 끓여보니 맛있네요 호박대신 두부넣고 바글바글 끓여 저녁반찬으로 맛있게 먹었어요,0.948732,0.041286,1.0
24,905,5,맛있네요 입맛이 없어서 끓여 본건데 더워도 맛있어서 잘먹었어요~,0.973842,0.012763,1.0
24,157,5,두번째 만들어 먹어요 레시피가 잘 맞아 너무 맛있어요!,0.987432,0.004218,1.0
7030415,145,5,소세지랑 떡까지 넣으니 정말 맛나용,0.973842,0.009731,1.0
7030489,370,5,고소한게 넘 맛있었어요 감사합니다~~,0.982347,0.004821,1.0
7030537,261,5,저는 올리고당을 좀 덜넣었어요 맛있어요,0.921438,0.027614,1.0
7030553,980,5,맛있게 잘 됐어요~,0.973842,0.006731,1.0
7030605,59,5,정말 간단하게 잘 만들어 먹었습니다 ㅎㅎ 저는 양념에 고춧가루를 추가했는데 칼칼하니 더 좋네요!!,0.982731,0.006842,1.0
7030618,703,5,맛있어요,0.987642,0.004318,1.0
7030707,226,5,자취생입니당 간편하고 여름에 시원한 오이향을 즐기기 좋은 한 끼였어요❤️ 맛나용,0.975842,0.006318,1.0
7030707,420,5,너무 맛있어요,0.997842,0.000713,1.0
7030757,466,5,저는 닭가슴살을 볶아 먹었어요! 넘 맛나여 스리라차소스!,0.945312,0.018742,1.0
7030853,451,4,쏘쏘 하네요.,0.342718,0.287463,0.5
7030859,154,5,간단히 해먹을거 찾다가 만들어봤어요. 남편이 너무 맛있다고 다음에 또 해달라하네요,0.987642,0.003218,1.0
7030859,668,5,와..진짜 맛있게 잘 먹었어요!!!,0.982347,0.006214,1.0
7030903,81,5,"사실은 냉짬뽕이란 것을 먹어 본 적은 없지만 알려주신 조리법을 따라 잘 만들어 먹었습니다. 저는 꿩육수에 치킨스톡을 조금 넣었습니다. 애들이 처음에는 야채 썰어 놓은걸 보고 월남쌈하냐고 했는데, 저도 이걸 볶아야되지 않나 계속 레시피를 읽어 봤죠. 다음에는 해물육수 직접 뽑아서 해 보겠습니다.",0.842731,0.071284,1.0
7030960,862,5,맛있게 잘 만들어 먹었어요 ~~,0.963842,0.006731,1.0
2,26,5,따라해 봤는데!^^성공이야요!^^,0.982347,0.006214,1.0
2,425,5,간도 잘맞고 맛있어용~~,0.982743,0.006214,1.0
7031104,893,5,여름무우 맛없는데 ᆢ 오늘은 기가막히게 맛이납니다 바로 먹어도 될듯요ㅎ,0.953421,0.047832,1.0
7031128,594,5,맛있어요~~ 잡채만 해서 먹었을때도 맛있긴하지만 씹히는식감이 덜해 심심하다면 콩나물도 같이넣으니 아삭아삭 식감이 제가 좋아하는 식감이에요~~♡ 자주해먹을것같아요~~,0.973842,0.018736,1.0
7031141,351,5,"와우,,,덕분에 맛난 간식 준비했네요~!",0.973842,0.012637,1.0
7031141,103,5,오늘맛있는한끼해먹었어요,0.941732,0.006418,1.0
7031175,670,5,후딱 만들어서 맛있게 잘 먹었습니다~♡,0.972843,0.003214,1.0
7031175,381,5,간단한데 정말 맛있어요!,0.982743,0.006214,1.0
136,127,5,맛있어요 오징어 볶음 하면 늘 물이 생기고 맛은 2% 부족했는데 꾸덕꾸덕하니 맛나요 밥을 두 배로 먹어버렸네요 ㅎㅎ 사진 찍기전에 다먹어 버려서 다음에 사진 올릴게요,0.971842,0.018734,1.0
7031248,337,5,미니단호박이 아니라 그냥 단호박으로 해서 단호박 익히는데 시간이 좀 더 걸렸어요. 치즈 듬뿍 넣어서 만들었더니 너무 맛있어요.,0.914327,0.083214,1.0
7031255,756,5,호박과 가지가 이런 맛을 내네요. 감사합니다,0.914237,0.018642,1.0
7031282,19,5,속초사는 멍때리는 나그네인데 속도허해서 닭백숙 레시피 알려준데로했더니 찐짜 쥑이네여~~~~~^^ 감사합니다,0.982347,0.006214,1.0
7031284,207,5,레시피에 부침가루조금첨가해서했어요~~가족들이 잘먹네요,0.923847,0.018462,1.0
7031284,703,5,맛있어요,0.982743,0.006214,1.0
7031356,370,5,전 풋고추로 했는데요 넘 맛있네요!밥도둑이에요 김사합니다~~,0.982714,0.006321,1.0
7031359,89,5,라이스페이퍼가 붙어서 찢어지긴 하지만 맛있게 잘 먹었어요. 너무 맛있어서 다이어트가 안되는 것 같아요ㅋㅋㅋ,0.941327,0.148762,1.0
7031370,646,5,양배추와 부추의 조합! 맛있습니다. 잘먹었습니다.^^,0.982431,0.004872,1.0
7031419,164,5,맛있게 잘 만들어먹었습니다,0.966432,0.005821,1.0
7031419,703,5,맛있어요,0.987432,0.006215,1.0
7031468,457,5,트레이더스에서 필렛 사서 숙성시켜 가족들 모두 만족스럽게 실컷 먹었습니다. 자세히 설명해주셔서 그대로 따라하니 맛있게 숙성되었어요.숙성 전 먹었던 생연어랑 비교해보니 확실히 감칠맛이 업그레이드 되었습니다. 좋은 방법 공유해주셔서 감사해요~ ^^,0.987643,0.003214,1.0
7031471,475,5,후토마키 도전해봤는데 레시피 따라서 하니 요리하기 쉽고 맛있네요^^ 감사합니다,0.982341,0.006214,1.0
7031515,237,5,손쉽게 할수 있어서 최고입니다. 자주 해먹을듯 싶어요.,0.987643,0.006214,1.0
7031537,674,5,아래 님 말씀대로 레시피 양념으로 2인분으로 했더니 딱 좋네요! 그리고 너무 맛있어요! 마음에 드는 레시피입니다,0.987642,0.002731,1.0
7031537,20,5,맛있어요. 2인분이 맞아요. 김가루 넣고 오이올리면.. 캬. 저희집은 고추가루도 청량고추가루인데 이마에 살짝 땀이나요. 매콤하게 맛있었어요.,0.968742,0.018536,1.0
7031537,167,5,"설탕 3숟갈반,고춧가루 2스푼반",0.041327,0.012684,1.0
7031537,364,4,맛이 있기는 한데 양념이 2인분 양이고요 조금 매워요...우린 맵찔이가 아니라서 궁물은 먹을수가 없었네요.,0.342817,0.735264,0.5
7031539,469,5,윤토피아님 오늘 또 만들어 먹었어요. 정말 최고의 레시피예요. 감사합니다.,0.998732,0.000814,1.0
7031539,855,5,남편이 맛있다구 해줬어요!! 맛있게 잘먹었습니당,0.982347,0.006821,1.0
7031570,382,5,목살을 세일하여 샀는데 어떤 요리를 할 까 하고 찾아보던중 레시피가 맘에 들어 만들어보았는데 역시 맛있네요,0.943872,0.018426,1.0
7031635,592,5,만둣국은 첨 만들어보는데 엄청 간단하고 자취생도 편하게 먹을수있어서 좋아요 계란국이랑 똑같이 만드는군요 조리시간도 얼마 안걸리고 맛도 있고 맛있게 잘먹었습니다,0.987643,0.004218,1.0
7031635,510,5,마지막 조미김을 넣으니 국물이 확 맛있어 지네요 ㅎㅎㅎ,0.962743,0.006218,1.0
7031635,703,5,맛있어요,0.972641,0.013284,1.0
7031635,103,5,좋아요,0.956842,0.012734,1.0
7031635,672,4,저는 소금을 너무 많이 넣었나 봐요~ 살짝 짠데 그래도 맛있어요~ 잘 먹을께요^^,0.782431,0.247516,0.5
7031646,330,5,너무 맛있어요 자주 해먹을듯 맥주 사다가 먹었어요,0.987432,0.006218,1.0
7031756,823,5,맛있어요! 용량을 제대로 확인을 못해서 저는 좀 짰지만 ㅜㅜㅜ 다들 적당히 넣으셔요!,0.784321,0.246873,1.0
7031756,145,5,항정살로 해봤는데 쫄깃하고 맛있어요!,0.964382,0.012417,1.0
7031816,703,5,맛있어요,0.972384,0.006217,1.0
7031863,8,5,작년에 만들어서 두고두고 너무 잘먹어서 또 만들어 봤어요 나는 식용유에 볶지않고 양념들 섞어서 재료들에 굴소스랑 마늘도 듬뿍넣고 바로 볶았어요 매워서 맛을 많이 보지는 못하겠고 밥하고 상추쌈싸서 맛있게 먹어야겠어요 비주얼은 생각대로 잘 나온거같아요~^^,0.918742,0.073615,1.0
7031884,661,5,가는소금으로했더니배추가좀싱거운걸빼곤최고네요!! 이걸로쭉입니다^----^,0.943672,0.118534,1.0
7031897,186,5,"맛있는자반고등어나눔받아서ᆢ 머라와 코리는조림으로ᆢ 가운데트막은구이로했는데 이방식으로조링을하니, 간도 딱 맞고ᆢ맛있어요. 감사합니다~",0.982347,0.006214,1.0
7031920,867,5,새송이 버섯이 없어서 있는버섯으로만 끊었어요 칼칼한게 넘 맛있었어요,0.957842,0.018736,1.0
7031967,402,5,무더위에 상큼한 샐러드 너무 좋아요. 감사드립니다,0.983742,0.006813,1.0
7032067,277,5,시원한맛이 일품이네요.'역시 최고,0.987643,0.002318,1.0
7032067,738,5,깔끔하게 맑은 미역국 맛있어요,0.957842,0.006318,1.0
38,703,5,맛있어요,0.982347,0.006512,1.0
7032079,672,5,꽈리고추가 색다른 반찬이 됐네요~ 손은 많이 가지만 맛있어요~ 잘 먹을께요~,0.923684,0.137259,1.0
7032079,869,5,꽈리고추가마니매워요 그래서 전 감자랑고추데쳐서 요리했어요 요리시간단축도되고 맛난레시피감사합니다,0.872641,0.143287,1.0
7032079,37,5,기대 안했는데. 저는. 국물멸치 몇개 랑 들기름 넣고 졸였어요 너무 맛있습니다 ^^,0.958734,0.018642,1.0
7032079,76,5,출산으로 반찬만들기 힘든 며느리 반찬으로 만들어줬어요. 아들이 더 맛있게 먹네요.,0.884327,0.045812,1.0
7032079,289,5,양념 맛있어요 물 많이 넣고 조릴줄만 알았는데 양념 잘 베고 짜지 않네요,0.957842,0.018736,1.0
7032079,407,5,신랑이 감자좋아하는데 맛있게 잘해먹었어요 감사합니당,0.982741,0.006318,1.0
7032079,429,5,도시락 반찬 찾다가 만들어봤어요 양념 너무 맛있어요,0.982417,0.006183,1.0
7032079,145,5,양념 맛있어요 ㅎㅎ,0.948732,0.012481,1.0
7032092,402,5,스팸을 잘라서 물에 살짝 데친 후 프라이팬에 구워 밥 위에 포개주면 정성이 배가 되겠죠? 꾹꾹 눌러 담을때 옆에 있는 가족과 함께하면 더욱 재미있을 것 같아요. 담기전에 입안으로 직행할 수도 있으니 넉넉히 준비하는 건 어떨까요?,0.867432,0.024681,1.0
7032092,43,5,간단하고 맛있어요,0.982347,0.006821,1.0
7032267,595,5,진짜 어어어엄청 맛있어요 제가 보기엔 팔아도 될듯;;; 너무 맛있어서 오두방정떨면서 엄마한테도 드렸는데 인정해주셨어요 동그랑땡? 느낌인데 너무 담백하고 참치 그냥 미쳣어요 고로캐먹는 것 같기도 한것이….. 다음에 또 해먹을 의향 2300000394894900%입니다,0.999987,3e-06,1.0
7032267,698,5,맛나게 잘 해무겄어용,0.965432,0.012345,1.0
7032267,703,5,맛있어요,0.982347,0.006214,1.0
7032380,981,5,양념을 많이넣어서 그런가 맛나 보이긴합니다~~ 잘 맛있는요리를 하게 해주셔서 감사 드립니다~~~,0.934672,0.018436,1.0
7032421,703,5,맛있어요,0.982347,0.012418,1.0
7032529,605,5,사진찍어놓으니 비주얼은 좀 별론데요 맛은 최고였어요. 중화풍의 매운 잡채같아요. 매콤하니 너무 잘 먹었습니다.,0.932417,0.071583,1.0
7032529,184,5,양념이 너무 괜찮아요 이렇게 하니 하나도 남김없이 먹네요 버섯이나 고기류 요리할때도 넘 좋아요 감사합니다,0.987643,0.006214,1.0
7032529,313,5,요리초보자인데 배추 너무 많이 넣어서 간맞추는데 어려웠지만 나중에는 간 맞춰서 정말 맛있게 먹었어요 감사합니다,0.912487,0.168324,1.0
7032529,777,5,그 뒤로 5번은 더 해먹었어요 너무 맛있어요!,0.987642,0.003214,1.0
7032886,906,5,맛있게 먹었어요!! 감사합니다,0.987432,0.004781,1.0
7032961,402,5,요즘 날씨에 불 앞에 오래 서 있지 않고 간단히 시원하게 만들어 먹을 수 있는 한끼를 공유해주셔서 감사드립니다,0.957842,0.006731,1.0
7032961,876,5,맛있게 먹었습니다. 구이용소고기로 소스 레시피 이용해서 간단한 냉우동 아침식사 했어요.,0.957842,0.012438,1.0
7032961,866,5,여름에 해먹기 딱이네요 간편하니 불앞에 계속 오랬동안 안있어도 될껏 같고 한번 만들어 먹어봐야겠네요 ㅎㅎ,0.923847,0.018642,1.0
7033069,460,5,삭힌 깻잎 해보구 싶었는데 편한 방법 자세히 알려주셔서 감사해요 맛있을 것 같아요♡,0.982734,0.003421,1.0
7033069,382,5,처음부터 레시피보면서 해 봤어요 삭히기는 좀되었는데 오늘 드디어 양념 만들어 잘 저장했네요,0.724318,0.041276,1.0
7033069,494,5,덕분에 맛있는 김치 만들었어요 준비과정이 어렵지 않고 집에 있는 재료로 뚝딱 했어요 감사드려요~~,0.982347,0.006214,1.0
7033242,402,5,새콤달콤 샐러드로 잃어버린 입맛도 돌아올 것 같아요. 공유해주셔서 감사합니다,0.956732,0.006418,1.0
7033355,103,5,분짜라는 음식을 먹어보고싶어서 직접만들었더니 맛있어여!! 또해먹을듯해용 쌀국수 면이 없어서 옥수수면으로 해먹었어여!!,0.976842,0.006731,1.0
7033463,447,5,넘 맛있어요 ㅠㅠ 진감장 대신 혼쯔유4배농축액 3T랑 김자반 좀 넣어먹으니까 환상적입니다,0.987643,0.003218,1.0
7033482,826,5,만드는 방법도 간단하고 쉽고 들깨가루를 넣어서 완전 꼬숩고 맛있어요,0.987431,0.004812,1.0
7033492,402,5,들기름을 이용한 두부김치 너무 너무 맛있어 보여요. 특히 제가 좋아하는 두부가 참치와 김치의 조화로움을 부드러움으로 덮어주네요. 공유해주셔서 감사합니다,0.987642,0.003214,1.0
7033513,402,5,만들기도 쉽고 깔끔한 어묵국수 만들어 봐야겠어요. 공유해주셔서 감사합니다,0.946732,0.006814,1.0
7033539,520,5,저녁에 카레해서 잘먹었습니다,0.914327,0.018742,1.0
7033640,797,5,깔끔한무국 너무 맛있어요 날씨 쌀쌀해져서 따끈한 무국이 먹고싶었는데 기뻐요~ 좋은레시피감사합니다,0.987642,0.003218,1.0
7033640,668,5,맛있게 잘 먹었습니다-!,0.982413,0.006872,1.0
7033650,62,5,"레시피대로 했더니 너무나 맛있게 잘먹었습니다! 저는 단호박을 생각보다 오래 익혔더니 다 뭉글어져버렸지만, 그 나름대로 단호박향이 잘 퍼져서 맛있었어요. 보통 단호박안에 오리고기를 담아내는 요리가 많은데, 이 레시피가 더 맛있고 조화롭게 먹을 수 있는것같아 좋아요! :)",0.981742,0.018563,1.0
7033838,402,5,메추리알과 소시지는 사랑스런 조합인것 같아요. 알콩달콩 달짝지근함으로 입안이 꽉찰것 같아요,0.974862,0.006731,1.0
7033921,385,5,레시피 따라 만들었더니 쉽고 맛있게 되었습니다 감사합니다 ~^^,0.987421,0.003218,1.0
7033948,76,5,"감자볶아서 결혼한 아들네, 자취하는 작은 아들 반찬으로 만들어줬어요. 맛있다고 잘 먹네요.",0.942731,0.015284,1.0
7033948,672,5,저는 스팸 하나를 남기지 않고 다~넣었어요~ 아이가 너무 좋아하네요~ 잘 먹을께요^^,0.982347,0.006421,1.0
7033948,92,5,맛있어요~~~,0.982347,0.006214,1.0
7033948,703,5,맛있어요,0.982341,0.006217,1.0
7034101,511,5,너무맛있어요 적당히 매콤칼칼해서 반찬으로도 술안주로 자주해먹습니다 레시피감사합니다,0.982743,0.004812,1.0
7034112,642,5,"사진은 못찍었지만 갈비찜 레시피중 최고였어요 돈버느라 음식솜씨 없는 50대 중반 입니다 아들 생일에 이레시피로 했는데 너무 잘먹네요 선생님 레시피는 불세기, 양념과 재료 양을 디테일하게 올려주시니 초보가 하기에 너무 좋아요. 갈비탕에 이어 이번엔 갈비찜까지 너무 맛있네요 덕분에 유튜브 도 자주 보고 있네요 좋은 레시피 올려주셔서 감사합니다",0.997842,0.003214,1.0
7034112,724,5,맛있어요. 갈비찜 어려워서 걱정했는데 자세한 설명 덕분에 크게 헤매지않고 만들었어요. 없는재료가 좀 있어서 비슷한걸로 최대한 대체했어요.,0.923847,0.047216,1.0
7034112,582,5,"응용해서 표고버섯과 은행, 홍고추 고명으로 해봤어요. 2시간 핏물빼고-3분 데치고- 1시간 육수내며 끓이기- 양념장과 육수넣고 졸이기- 고명넣기 장난아니네요ㅠㅠ 맛은 넘 좋네요. 유튜브 영상도 보니 더 좋았어요. 저는 배가 없어서 키위잼-매실음료 넣고 갈았는데 먹을만 했습니다. 고맙습니다 선생님♡♡♡",0.965432,0.084217,1.0
7034112,384,5,간단한 방법은 아니지만 소갈비찜에서 깊은 맛이 나요. 짜지않고 아주 맛있어요,0.973842,0.083617,1.0
7034112,727,5,지난번 콩나물국 따라 했다가 반응이 넘 좋아서 큰 맘먹고 장장 이틀에 걸쳐 소갈비찜했어용ㅎㅎ 첫날에 채소 넣고 삶고나서 다용도실에 육수 내놓고나서 담날 기름 위에 굳은거 제거하고 전 싱거운거 좋아해서 고기 3kg에 2kg 기준 양념 넣었더니 딱이에요 심지어 돌쟁이 울 딸랑구도 입 크~게 벌리면서 잘먹네요ㅎㅎ 담에 어떤거 도전해 볼까 쭉 몇백개 레시피 훑어보다 리뷰 남겨요 진짜 훌륭한 레시피입니다❤️,0.998742,0.001103,1.0
7034233,899,5,내 입맛에 딱맞는 고구마줄기김치입니다. 데치지 않으니 더 아삭거리고 맛있어요^^,0.982734,0.006421,1.0
7034265,359,5,자취생인데 요깃거리로 꼭 해먹겠습니다!! 좋은 레시피 공유해주셔서 감사합니다^^^,0.982743,0.003218,1.0
7034265,785,5,맛있는거 + 맛있는거 = 맛있는거!! 오이가 킥일거 같아요 기대됩니다~!,0.951237,0.006842,1.0
7034265,29,5,간편하고 맛있어요,0.978642,0.006317,1.0
148,82,5,저는 콜롬비아에 사는데 처음 해보니 맛있었습니다. 감사합니다,0.973842,0.006214,1.0
148,306,5,800미리는 너무 많아요~절반만 붓고 했습니다!,0.182347,0.438912,1.0
7034735,974,5,부모님 삶아 드렸는데 잘 삶았대요,0.902347,0.018642,1.0
7034769,484,3,양념이 모자랐어요.,0.041327,0.842516,0.0
7034774,15,5,고마와요 도움이 되었네요,0.942317,0.012486,1.0
7034774,302,5,너무십게요리합니다,0.874321,0.025418,1.0
7034930,703,5,맛있어요,0.982347,0.006521,1.0
7035117,402,5,어디선가 아플때 먹었던 생선죽이 생각나네요. 그 생선죽은 잊을 수가 없어요,0.674321,0.087654,1.0
7035222,940,5,호박대신 가을 무로 했더니 달달하니 넘 맛있습니다 레시피 감사합니다,0.992847,0.004126,1.0
7035222,58,5,레시피 감사드립니다 :)정말 개운하고 맛있어요,0.987432,0.003118,1.0
7035222,767,5,와 완젼 맛있어요~~ 간단한데 최고네요,0.987642,0.003218,1.0
7035222,427,5,맛있게 잘먹었습니다,0.982347,0.006218,1.0
7035222,532,5,맛있어옹,0.958742,0.006381,1.0
7035279,625,5,사진보단 간장과 마요네즈가 섞여 색이 좀 탁하지만 맛있어요! 호박의 변신♡,0.918734,0.147862,1.0
7035284,527,5,참고해서 만들었습니다. 감사합니다~,0.879642,0.018731,1.0
7035396,201,5,양이 많은것같아서 시지않을까 걱정했는데 딱좋아요!! 너무맛있어요:) 감사합니다!!!,0.982431,0.018742,1.0
7035396,405,5,"초대리 만드는것 찾고있었는데 애들 입맛에도 맞는 좋은 레시피ㄱㅅ합니다 너무 요긴하게 쓰고있습니다 너무 맛있다고 해서 7,8 살 에 어른둘. 4명이서 기존 레시피 5배로 해서 먹고있네요",0.987643,0.003821,1.0
7035545,488,5,애호박 간장국수는 처음이라 레시피대로 해 보았어요. 맛있게 먹었습니다. 전 데코를 중요시해서 계란까지 얹어서 !!,0.941732,0.014286,1.0
7035545,266,5,정리 잘 해주서 감사합니다!,0.958732,0.012847,1.0
7035581,62,5,오리불고기 정말 좋아하는데 레시피대로 해봤더니 사먹는것보다 더 맛있었어요!,0.987642,0.004318,1.0
7035581,755,5,오리불고기 처음 해봤는데 넘 맛있네용~~ 좋은 레시피 감사합니다!,0.987643,0.003214,1.0
7035645,402,5,클럽클럽 아삭아삭 사각사각 식빵도 필요하겠죠?,0.642317,0.018406,1.0
7035725,672,5,아이가 정말 맛있어해요~ 국물이 조금 부족해서 밥에 비벼먹기 조금 어렵긴 했지만~ 잘 먹었어요^^,0.895237,0.142684,1.0
7035725,103,5,진짜 맛있었어요!! 집에 만두만 있으면 자주 해먹을것같아요!!,0.987642,0.006318,1.0
7035725,716,5,"헐~~ 진짜 간단한데, 어찌 이렇게 맛있죵? 감사합니다 ~",0.981742,0.004318,1.0
7035725,145,5,너무 맛있게 잘 먹었어요!!,0.985732,0.004218,1.0
7035725,851,4,괜찮네요,0.683742,0.071583,0.5
7035738,546,5,잘만들었습니다~ 부족한간은 맛보면서 만들었어요~ 뚝딱이네요ㅎㅎ,0.948732,0.018641,1.0
7035738,131,5,맛있게 잘 묵읐으요~~^^,0.965432,0.006281,1.0
7035773,111,5,오 확실히 면이 더 탱글하고 맛있어요!,0.965432,0.012847,1.0
7035858,686,5,돼지머리를 사서 어떻게 하나 고민하다가 레시피를 보고 요리를 했는데 정말 맛있었어요. 감사합니다 ~~,0.984672,0.006318,1.0
7035971,492,5,라면이 특별한 요리가 되네요🤩,0.963421,0.012384,1.0
7036177,715,5,맛있게 한끼 잘 먹었습니다,0.965432,0.012347,1.0
7036177,446,5,맛있어요!,0.982743,0.006218,1.0
7036298,45,5,"아이들과 맛나게 먹었어요. 새송이버섯은 없어 못 넣고 , 마지막에 깻잎 추가해서 먹었는데 고기간이.잘 베어있어서 맛났어요 ㅎㅎ 감사합니다",0.972438,0.013527,1.0
7036348,180,5,처음 끓여봤는데 제 입에는 정말 맛있게 요리됐어요! 감사합니다♡,0.982734,0.004218,1.0
7036666,668,5,정말 맛있게 잘 해 먹었습니다,0.981742,0.006318,1.0
7036849,901,5,정말 맛있게 성공했어요,0.987321,0.003214,1.0
7036904,329,5,울아들 해주려구요. 다시 한번 레시피 보러 왔어요. 쉬워서 금방 했어요.,0.883742,0.018534,1.0
7036904,358,5,레시피 감사해요~ 어렵지 않아서 쉽게 할 수 있을 것 같네용 ㅎㅎㅎㅎ,0.935742,0.018463,1.0
7036904,768,5,너무 맛잇어요!,0.982347,0.006214,1.0
7036904,954,5,맛있겠어요 ㅎ,0.923714,0.012438,1.0
7037475,939,5,설명 자세히 해주셔서 이해가 쏙쏙되요 이번 김장에 참고할게요!감사합니다,0.987643,0.002314,1.0
7037475,482,5,덕분에 매년 실패없는 김장하고 있어요^^,0.987432,0.002137,1.0
7037850,548,5,칼국수면은 전분때문에 따로 끓여서 넣는거 추천해요 저는 해물대신 어묵넣었어요! 쉽고 맛있습니다,0.923847,0.027416,1.0
7038030,644,5,감사합니다 ^^잘 절여질거 같아요,0.912684,0.018437,1.0
7038050,244,5,생강 제철에 만들어보니 너무 활용도가 좋을 거 같아요~~~,0.934672,0.018437,1.0
7038236,703,5,맛있어요,0.965432,0.006731,1.0
7038383,872,5,일단쉐프님알려주신데로맛있게김장하고나서다시후기올릴께요 감사합니다 ^-^♡♡♡,0.924783,0.006214,1.0
7038383,607,5,여기와 똑 같이 재료 준비해서 정말 맛있게 김장했읍니다.,0.974321,0.006842,1.0
7038685,490,5,너무~~~맛있는 레시피에요~~~,0.986742,0.004318,1.0
7039214,868,5,소스를 레시피보다 좀더 많이했더니 조금짠거같기도 ㅠ 꿀을 좀더 너을 걸 그랬네요. 바삭하게 튀기듯이굽는게 좋아요,0.613742,0.342586,1.0
7039214,78,5,닭봉 구워서 알려주신 소스에 버무려 냈는데 맛있어요!,0.963742,0.012384,1.0
7039214,925,5,아들이 엄지척하고 다 먹었습니다~~,0.981742,0.006318,1.0
7039214,145,5,너무너무 맛있네요 ㅎㅎㅎ,0.987432,0.003214,1.0
7039262,114,5,너어무 맛있어요 신랑이 흑백요리사 쉐프들이 레스토랑에서 에프타이저로 한조각 내어줄 것 같은 맛이래요,0.993842,0.002731,1.0
7039515,839,5,겨울 제철 배추를 1/4 포기 쪄서 이 소스를 부어먹으니까 참 맛있고 편하네요^^ 다진 마늘은 매워서 1 작은 숟갈 넣어도 괜찮네요~ 레시피 올려주셔서 감사합니다.,0.982734,0.018642,1.0
7039557,30,5,"정말 부드럽고 건강한 맛이네요. 조리과정도 간단하고, 조리시간도 짧고^^ 고기 없이도 충분히 맛있어요.",0.982734,0.006821,1.0
7039557,536,5,평소에 카레 자주 해 먹는데 이방법은 더 훌륭합니다,0.957834,0.006421,1.0
7039557,596,5,계란을 안 넣기는 했는데 맛있네요 ^^,0.908734,0.021468,1.0
7039682,257,5,약간 중식같은맛이 나네요. 맛잇게 잘 만들엇어요.~^^ 만개의 레시피 종종 보러올께요,0.932684,0.021347,1.0
7039682,695,5,와 가지를 많이 안좋아하는데 양념이 너무 맛있어요~,0.873421,0.142637,1.0
7040047,703,5,맛있어요,0.973842,0.006318,1.0
7040738,687,5,넘 상큼하고 아삭한무의 식감과 비린내 안나는 파래 넘 맛나네요 끓여서 붓는건 첨해봐요 배움은 끝이없네요 감사합니다,0.972846,0.011237,1.0
