"ingredient_id","guide_id","relationship"
"ingredient_0084","guide_0004","HAS_GUIDE"
"ingredient_0084","guide_0005","HAS_GUIDE"
"ingredient_0084","guide_0006","HAS_GUIDE"
"ingredient_0084","guide_0007","HAS_GUIDE"
"ingredient_0086","guide_0008","HAS_GUIDE"
"ingredient_0086","guide_0009","HAS_GUIDE"
"ingredient_0086","guide_0010","HAS_GUIDE"
"ingredient_0086","guide_0011","HAS_GUIDE"
"ingredient_0092","guide_0012","HAS_GUIDE"
"ingredient_0092","guide_0013","HAS_GUIDE"
"ingredient_0092","guide_0014","HAS_GUIDE"
"ingredient_0092","guide_0015","HAS_GUIDE"
"ingredient_0094","guide_0016","HAS_GUIDE"
"ingredient_0094","guide_0017","HAS_GUIDE"
"ingredient_0094","guide_0018","HAS_GUIDE"
"ingredient_0094","guide_0019","HAS_GUIDE"
"ingredient_0103","guide_0024","HAS_GUIDE"
"ingredient_0103","guide_0025","HAS_GUIDE"
"ingredient_0103","guide_0026","HAS_GUIDE"
"ingredient_0103","guide_0027","HAS_GUIDE"
"ingredient_0104","guide_0028","HAS_GUIDE"
"ingredient_0104","guide_0029","HAS_GUIDE"
"ingredient_0104","guide_0030","HAS_GUIDE"
"ingredient_0104","guide_0031","HAS_GUIDE"
"ingredient_0129","guide_0032","HAS_GUIDE"
"ingredient_0129","guide_0033","HAS_GUIDE"
"ingredient_0129","guide_0034","HAS_GUIDE"
"ingredient_0129","guide_0035","HAS_GUIDE"
"ingredient_0141","guide_0036","HAS_GUIDE"
"ingredient_0141","guide_0037","HAS_GUIDE"
"ingredient_0141","guide_0038","HAS_GUIDE"
"ingredient_0141","guide_0039","HAS_GUIDE"
"ingredient_0142","guide_0040","HAS_GUIDE"
"ingredient_0142","guide_0041","HAS_GUIDE"
"ingredient_0142","guide_0042","HAS_GUIDE"
"ingredient_0142","guide_0043","HAS_GUIDE"
"ingredient_0143","guide_0044","HAS_GUIDE"
"ingredient_0143","guide_0045","HAS_GUIDE"
"ingredient_0143","guide_0046","HAS_GUIDE"
"ingredient_0143","guide_0047","HAS_GUIDE"
"ingredient_0144","guide_0048","HAS_GUIDE"
"ingredient_0144","guide_0049","HAS_GUIDE"
"ingredient_0144","guide_0050","HAS_GUIDE"
"ingredient_0144","guide_0051","HAS_GUIDE"
"ingredient_0145","guide_0052","HAS_GUIDE"
"ingredient_0145","guide_0053","HAS_GUIDE"
"ingredient_0145","guide_0054","HAS_GUIDE"
"ingredient_0145","guide_0055","HAS_GUIDE"
"ingredient_0146","guide_0056","HAS_GUIDE"
"ingredient_0146","guide_0057","HAS_GUIDE"
"ingredient_0146","guide_0058","HAS_GUIDE"
"ingredient_0146","guide_0059","HAS_GUIDE"
"ingredient_0147","guide_0060","HAS_GUIDE"
"ingredient_0147","guide_0061","HAS_GUIDE"
"ingredient_0147","guide_0062","HAS_GUIDE"
"ingredient_0147","guide_0063","HAS_GUIDE"
"ingredient_0148","guide_0064","HAS_GUIDE"
"ingredient_0148","guide_0065","HAS_GUIDE"
"ingredient_0148","guide_0066","HAS_GUIDE"
"ingredient_0148","guide_0067","HAS_GUIDE"
"ingredient_0149","guide_0068","HAS_GUIDE"
"ingredient_0149","guide_0069","HAS_GUIDE"
"ingredient_0149","guide_0070","HAS_GUIDE"
"ingredient_0149","guide_0071","HAS_GUIDE"
"ingredient_0151","guide_0072","HAS_GUIDE"
"ingredient_0151","guide_0073","HAS_GUIDE"
"ingredient_0151","guide_0074","HAS_GUIDE"
"ingredient_0151","guide_0075","HAS_GUIDE"
"ingredient_0152","guide_0076","HAS_GUIDE"
"ingredient_0152","guide_0077","HAS_GUIDE"
"ingredient_0152","guide_0078","HAS_GUIDE"
"ingredient_0152","guide_0079","HAS_GUIDE"
"ingredient_0153","guide_0080","HAS_GUIDE"
"ingredient_0153","guide_0081","HAS_GUIDE"
"ingredient_0153","guide_0082","HAS_GUIDE"
"ingredient_0153","guide_0083","HAS_GUIDE"
"ingredient_0154","guide_0084","HAS_GUIDE"
"ingredient_0154","guide_0085","HAS_GUIDE"
"ingredient_0154","guide_0086","HAS_GUIDE"
"ingredient_0154","guide_0087","HAS_GUIDE"
"ingredient_0155","guide_0088","HAS_GUIDE"
"ingredient_0155","guide_0089","HAS_GUIDE"
"ingredient_0155","guide_0090","HAS_GUIDE"
"ingredient_0155","guide_0091","HAS_GUIDE"
"ingredient_0156","guide_0092","HAS_GUIDE"
"ingredient_0156","guide_0093","HAS_GUIDE"
"ingredient_0156","guide_0094","HAS_GUIDE"
"ingredient_0156","guide_0095","HAS_GUIDE"
"ingredient_0157","guide_0096","HAS_GUIDE"
"ingredient_0157","guide_0097","HAS_GUIDE"
"ingredient_0157","guide_0098","HAS_GUIDE"
"ingredient_0157","guide_0099","HAS_GUIDE"
"ingredient_0158","guide_0100","HAS_GUIDE"
"ingredient_0158","guide_0102","HAS_GUIDE"
"ingredient_0158","guide_0103","HAS_GUIDE"
"ingredient_0159","guide_0104","HAS_GUIDE"
"ingredient_0159","guide_0106","HAS_GUIDE"
"ingredient_0159","guide_0107","HAS_GUIDE"
"ingredient_0160","guide_0108","HAS_GUIDE"
"ingredient_0160","guide_0109","HAS_GUIDE"
"ingredient_0160","guide_0110","HAS_GUIDE"
"ingredient_0160","guide_0111","HAS_GUIDE"
"ingredient_0161","guide_0112","HAS_GUIDE"
"ingredient_0161","guide_0113","HAS_GUIDE"
"ingredient_0161","guide_0114","HAS_GUIDE"
"ingredient_0161","guide_0115","HAS_GUIDE"
"ingredient_0162","guide_0116","HAS_GUIDE"
"ingredient_0162","guide_0117","HAS_GUIDE"
"ingredient_0162","guide_0118","HAS_GUIDE"
"ingredient_0162","guide_0119","HAS_GUIDE"
"ingredient_0163","guide_0120","HAS_GUIDE"
"ingredient_0163","guide_0121","HAS_GUIDE"
"ingredient_0163","guide_0122","HAS_GUIDE"
"ingredient_0163","guide_0123","HAS_GUIDE"
"ingredient_0164","guide_0125","HAS_GUIDE"
"ingredient_0164","guide_0126","HAS_GUIDE"
"ingredient_0165","guide_0129","HAS_GUIDE"
"ingredient_0165","guide_0130","HAS_GUIDE"
"ingredient_0168","guide_0132","HAS_GUIDE"
"ingredient_0168","guide_0133","HAS_GUIDE"
"ingredient_0168","guide_0134","HAS_GUIDE"
"ingredient_0168","guide_0135","HAS_GUIDE"
"ingredient_0169","guide_0136","HAS_GUIDE"
"ingredient_0169","guide_0137","HAS_GUIDE"
"ingredient_0169","guide_0138","HAS_GUIDE"
"ingredient_0169","guide_0139","HAS_GUIDE"
"ingredient_0170","guide_0140","HAS_GUIDE"
"ingredient_0170","guide_0141","HAS_GUIDE"
"ingredient_0170","guide_0142","HAS_GUIDE"
"ingredient_0170","guide_0143","HAS_GUIDE"
"ingredient_0172","guide_0144","HAS_GUIDE"
"ingredient_0172","guide_0145","HAS_GUIDE"
"ingredient_0172","guide_0146","HAS_GUIDE"
"ingredient_0172","guide_0147","HAS_GUIDE"
"ingredient_0173","guide_0148","HAS_GUIDE"
"ingredient_0173","guide_0149","HAS_GUIDE"
"ingredient_0173","guide_0150","HAS_GUIDE"
"ingredient_0173","guide_0151","HAS_GUIDE"
"ingredient_0174","guide_0152","HAS_GUIDE"
"ingredient_0174","guide_0153","HAS_GUIDE"
"ingredient_0174","guide_0154","HAS_GUIDE"
"ingredient_0174","guide_0155","HAS_GUIDE"
"ingredient_0175","guide_0156","HAS_GUIDE"
"ingredient_0175","guide_0157","HAS_GUIDE"
"ingredient_0175","guide_0158","HAS_GUIDE"
"ingredient_0175","guide_0159","HAS_GUIDE"
"ingredient_0176","guide_0160","HAS_GUIDE"
"ingredient_0176","guide_0161","HAS_GUIDE"
"ingredient_0176","guide_0162","HAS_GUIDE"
"ingredient_0176","guide_0163","HAS_GUIDE"
"ingredient_0177","guide_0164","HAS_GUIDE"
"ingredient_0177","guide_0165","HAS_GUIDE"
"ingredient_0177","guide_0166","HAS_GUIDE"
"ingredient_0177","guide_0167","HAS_GUIDE"
"ingredient_0178","guide_0168","HAS_GUIDE"
"ingredient_0178","guide_0169","HAS_GUIDE"
"ingredient_0178","guide_0170","HAS_GUIDE"
"ingredient_0178","guide_0171","HAS_GUIDE"
"ingredient_0180","guide_0172","HAS_GUIDE"
"ingredient_0180","guide_0173","HAS_GUIDE"
"ingredient_0180","guide_0174","HAS_GUIDE"
"ingredient_0180","guide_0175","HAS_GUIDE"
"ingredient_0181","guide_0177","HAS_GUIDE"
"ingredient_0181","guide_0178","HAS_GUIDE"
"ingredient_0182","guide_0180","HAS_GUIDE"
"ingredient_0182","guide_0181","HAS_GUIDE"
"ingredient_0182","guide_0182","HAS_GUIDE"
"ingredient_0182","guide_0183","HAS_GUIDE"
"ingredient_0183","guide_0185","HAS_GUIDE"
"ingredient_0183","guide_0186","HAS_GUIDE"
"ingredient_0184","guide_0188","HAS_GUIDE"
"ingredient_0184","guide_0189","HAS_GUIDE"
"ingredient_0184","guide_0190","HAS_GUIDE"
"ingredient_0184","guide_0191","HAS_GUIDE"
"ingredient_0185","guide_0192","HAS_GUIDE"
"ingredient_0185","guide_0193","HAS_GUIDE"
"ingredient_0185","guide_0194","HAS_GUIDE"
"ingredient_0185","guide_0195","HAS_GUIDE"
"ingredient_0186","guide_0196","HAS_GUIDE"
"ingredient_0186","guide_0198","HAS_GUIDE"
"ingredient_0186","guide_0199","HAS_GUIDE"
"ingredient_0187","guide_0200","HAS_GUIDE"
"ingredient_0187","guide_0202","HAS_GUIDE"
"ingredient_0187","guide_0203","HAS_GUIDE"
"ingredient_0188","guide_0204","HAS_GUIDE"
"ingredient_0188","guide_0205","HAS_GUIDE"
"ingredient_0188","guide_0206","HAS_GUIDE"
"ingredient_0188","guide_0207","HAS_GUIDE"
"ingredient_0190","guide_0208","HAS_GUIDE"
"ingredient_0190","guide_0209","HAS_GUIDE"
"ingredient_0190","guide_0210","HAS_GUIDE"
"ingredient_0190","guide_0211","HAS_GUIDE"
"ingredient_0191","guide_0212","HAS_GUIDE"
"ingredient_0191","guide_0213","HAS_GUIDE"
"ingredient_0191","guide_0214","HAS_GUIDE"
"ingredient_0191","guide_0215","HAS_GUIDE"
"ingredient_0192","guide_0216","HAS_GUIDE"
"ingredient_0192","guide_0217","HAS_GUIDE"
"ingredient_0192","guide_0218","HAS_GUIDE"
"ingredient_0193","guide_0220","HAS_GUIDE"
"ingredient_0193","guide_0221","HAS_GUIDE"
"ingredient_0193","guide_0222","HAS_GUIDE"
"ingredient_0193","guide_0223","HAS_GUIDE"
"ingredient_0194","guide_0224","HAS_GUIDE"
"ingredient_0194","guide_0225","HAS_GUIDE"
"ingredient_0194","guide_0226","HAS_GUIDE"
"ingredient_0194","guide_0227","HAS_GUIDE"
"ingredient_0195","guide_0228","HAS_GUIDE"
"ingredient_0195","guide_0229","HAS_GUIDE"
"ingredient_0195","guide_0230","HAS_GUIDE"
"ingredient_0195","guide_0231","HAS_GUIDE"
"ingredient_0196","guide_0232","HAS_GUIDE"
"ingredient_0196","guide_0233","HAS_GUIDE"
"ingredient_0196","guide_0234","HAS_GUIDE"
"ingredient_0196","guide_0235","HAS_GUIDE"
"ingredient_0198","guide_0236","HAS_GUIDE"
"ingredient_0198","guide_0237","HAS_GUIDE"
"ingredient_0198","guide_0238","HAS_GUIDE"
"ingredient_0198","guide_0239","HAS_GUIDE"
"ingredient_0202","guide_0240","HAS_GUIDE"
"ingredient_0202","guide_0241","HAS_GUIDE"
"ingredient_0202","guide_0242","HAS_GUIDE"
"ingredient_0202","guide_0243","HAS_GUIDE"
"ingredient_0205","guide_0244","HAS_GUIDE"
"ingredient_0205","guide_0245","HAS_GUIDE"
"ingredient_0205","guide_0246","HAS_GUIDE"
"ingredient_0205","guide_0247","HAS_GUIDE"
"ingredient_0206","guide_0248","HAS_GUIDE"
"ingredient_0206","guide_0249","HAS_GUIDE"
"ingredient_0206","guide_0250","HAS_GUIDE"
"ingredient_0206","guide_0251","HAS_GUIDE"
"ingredient_0207","guide_0254","HAS_GUIDE"
"ingredient_0208","guide_0258","HAS_GUIDE"
"ingredient_0209","guide_0262","HAS_GUIDE"
"ingredient_0209","guide_0263","HAS_GUIDE"
"ingredient_0210","guide_0265","HAS_GUIDE"
"ingredient_0210","guide_0266","HAS_GUIDE"
"ingredient_0211","guide_0268","HAS_GUIDE"
"ingredient_0211","guide_0269","HAS_GUIDE"
"ingredient_0211","guide_0270","HAS_GUIDE"
"ingredient_0211","guide_0271","HAS_GUIDE"
"ingredient_0212","guide_0272","HAS_GUIDE"
"ingredient_0212","guide_0273","HAS_GUIDE"
"ingredient_0212","guide_0274","HAS_GUIDE"
"ingredient_0212","guide_0275","HAS_GUIDE"
"ingredient_0213","guide_0278","HAS_GUIDE"
"ingredient_0214","guide_0280","HAS_GUIDE"
"ingredient_0214","guide_0281","HAS_GUIDE"
"ingredient_0214","guide_0282","HAS_GUIDE"
"ingredient_0214","guide_0283","HAS_GUIDE"
"ingredient_0215","guide_0284","HAS_GUIDE"
"ingredient_0215","guide_0285","HAS_GUIDE"
"ingredient_0215","guide_0286","HAS_GUIDE"
"ingredient_0215","guide_0287","HAS_GUIDE"
"ingredient_0216","guide_0288","HAS_GUIDE"
"ingredient_0216","guide_0289","HAS_GUIDE"
"ingredient_0216","guide_0290","HAS_GUIDE"
"ingredient_0216","guide_0291","HAS_GUIDE"
"ingredient_0217","guide_0292","HAS_GUIDE"
"ingredient_0217","guide_0293","HAS_GUIDE"
"ingredient_0217","guide_0294","HAS_GUIDE"
"ingredient_0217","guide_0295","HAS_GUIDE"
"ingredient_0218","guide_0296","HAS_GUIDE"
"ingredient_0218","guide_0297","HAS_GUIDE"
"ingredient_0218","guide_0298","HAS_GUIDE"
"ingredient_0218","guide_0299","HAS_GUIDE"
"ingredient_0220","guide_0300","HAS_GUIDE"
"ingredient_0220","guide_0301","HAS_GUIDE"
"ingredient_0220","guide_0302","HAS_GUIDE"
"ingredient_0220","guide_0303","HAS_GUIDE"
"ingredient_0221","guide_0304","HAS_GUIDE"
"ingredient_0221","guide_0305","HAS_GUIDE"
"ingredient_0221","guide_0306","HAS_GUIDE"
"ingredient_0221","guide_0307","HAS_GUIDE"
"ingredient_0222","guide_0310","HAS_GUIDE"
"ingredient_0223","guide_0312","HAS_GUIDE"
"ingredient_0223","guide_0313","HAS_GUIDE"
"ingredient_0223","guide_0314","HAS_GUIDE"
"ingredient_0223","guide_0315","HAS_GUIDE"
"ingredient_0224","guide_0316","HAS_GUIDE"
"ingredient_0224","guide_0317","HAS_GUIDE"
"ingredient_0224","guide_0318","HAS_GUIDE"
"ingredient_0224","guide_0319","HAS_GUIDE"
"ingredient_0225","guide_0320","HAS_GUIDE"
"ingredient_0225","guide_0321","HAS_GUIDE"
"ingredient_0225","guide_0322","HAS_GUIDE"
"ingredient_0225","guide_0323","HAS_GUIDE"
"ingredient_0226","guide_0324","HAS_GUIDE"
"ingredient_0226","guide_0326","HAS_GUIDE"
"ingredient_0227","guide_0328","HAS_GUIDE"
"ingredient_0227","guide_0329","HAS_GUIDE"
"ingredient_0227","guide_0330","HAS_GUIDE"
"ingredient_0227","guide_0331","HAS_GUIDE"
"ingredient_0228","guide_0332","HAS_GUIDE"
"ingredient_0228","guide_0333","HAS_GUIDE"
"ingredient_0228","guide_0334","HAS_GUIDE"
"ingredient_0228","guide_0335","HAS_GUIDE"
"ingredient_0229","guide_0336","HAS_GUIDE"
"ingredient_0229","guide_0337","HAS_GUIDE"
"ingredient_0229","guide_0338","HAS_GUIDE"
"ingredient_0229","guide_0339","HAS_GUIDE"
"ingredient_0230","guide_0340","HAS_GUIDE"
"ingredient_0230","guide_0341","HAS_GUIDE"
"ingredient_0230","guide_0342","HAS_GUIDE"
"ingredient_0230","guide_0343","HAS_GUIDE"
"ingredient_0231","guide_0344","HAS_GUIDE"
"ingredient_0231","guide_0346","HAS_GUIDE"
"ingredient_0231","guide_0347","HAS_GUIDE"
"ingredient_0232","guide_0348","HAS_GUIDE"
"ingredient_0232","guide_0349","HAS_GUIDE"
"ingredient_0232","guide_0350","HAS_GUIDE"
"ingredient_0232","guide_0351","HAS_GUIDE"
"ingredient_0233","guide_0352","HAS_GUIDE"
"ingredient_0233","guide_0353","HAS_GUIDE"
"ingredient_0233","guide_0354","HAS_GUIDE"
"ingredient_0233","guide_0355","HAS_GUIDE"
"ingredient_0234","guide_0356","HAS_GUIDE"
"ingredient_0234","guide_0357","HAS_GUIDE"
"ingredient_0234","guide_0358","HAS_GUIDE"
"ingredient_0234","guide_0359","HAS_GUIDE"
"ingredient_0235","guide_0360","HAS_GUIDE"
"ingredient_0235","guide_0361","HAS_GUIDE"
"ingredient_0235","guide_0362","HAS_GUIDE"
"ingredient_0235","guide_0363","HAS_GUIDE"
"ingredient_0236","guide_0364","HAS_GUIDE"
"ingredient_0236","guide_0365","HAS_GUIDE"
"ingredient_0236","guide_0366","HAS_GUIDE"
"ingredient_0236","guide_0367","HAS_GUIDE"
"ingredient_0237","guide_0369","HAS_GUIDE"
"ingredient_0237","guide_0370","HAS_GUIDE"
"ingredient_0237","guide_0371","HAS_GUIDE"
"ingredient_0238","guide_0372","HAS_GUIDE"
"ingredient_0238","guide_0374","HAS_GUIDE"
"ingredient_0238","guide_0375","HAS_GUIDE"
"ingredient_0239","guide_0376","HAS_GUIDE"
"ingredient_0239","guide_0377","HAS_GUIDE"
"ingredient_0239","guide_0378","HAS_GUIDE"
"ingredient_0239","guide_0379","HAS_GUIDE"
"ingredient_0240","guide_0380","HAS_GUIDE"
"ingredient_0240","guide_0382","HAS_GUIDE"
"ingredient_0240","guide_0383","HAS_GUIDE"
"ingredient_0241","guide_0384","HAS_GUIDE"
"ingredient_0241","guide_0385","HAS_GUIDE"
"ingredient_0241","guide_0386","HAS_GUIDE"
"ingredient_0241","guide_0387","HAS_GUIDE"
"ingredient_0242","guide_0388","HAS_GUIDE"
"ingredient_0242","guide_0389","HAS_GUIDE"
"ingredient_0242","guide_0390","HAS_GUIDE"
"ingredient_0242","guide_0391","HAS_GUIDE"
"ingredient_0243","guide_0392","HAS_GUIDE"
"ingredient_0243","guide_0393","HAS_GUIDE"
"ingredient_0243","guide_0394","HAS_GUIDE"
"ingredient_0243","guide_0395","HAS_GUIDE"
"ingredient_0244","guide_0396","HAS_GUIDE"
"ingredient_0244","guide_0397","HAS_GUIDE"
"ingredient_0244","guide_0398","HAS_GUIDE"
"ingredient_0244","guide_0399","HAS_GUIDE"
"ingredient_0245","guide_0400","HAS_GUIDE"
"ingredient_0245","guide_0401","HAS_GUIDE"
"ingredient_0245","guide_0402","HAS_GUIDE"
"ingredient_0245","guide_0403","HAS_GUIDE"
"ingredient_0246","guide_0404","HAS_GUIDE"
"ingredient_0246","guide_0405","HAS_GUIDE"
"ingredient_0246","guide_0406","HAS_GUIDE"
"ingredient_0246","guide_0407","HAS_GUIDE"
"ingredient_0247","guide_0408","HAS_GUIDE"
"ingredient_0247","guide_0409","HAS_GUIDE"
"ingredient_0247","guide_0410","HAS_GUIDE"
"ingredient_0247","guide_0411","HAS_GUIDE"
"ingredient_0248","guide_0412","HAS_GUIDE"
"ingredient_0248","guide_0413","HAS_GUIDE"
"ingredient_0248","guide_0414","HAS_GUIDE"
"ingredient_0248","guide_0415","HAS_GUIDE"
"ingredient_0249","guide_0416","HAS_GUIDE"
"ingredient_0249","guide_0417","HAS_GUIDE"
"ingredient_0249","guide_0418","HAS_GUIDE"
"ingredient_0249","guide_0419","HAS_GUIDE"
"ingredient_0250","guide_0422","HAS_GUIDE"
"ingredient_0251","guide_0424","HAS_GUIDE"
"ingredient_0251","guide_0425","HAS_GUIDE"
"ingredient_0251","guide_0426","HAS_GUIDE"
"ingredient_0251","guide_0427","HAS_GUIDE"
"ingredient_0252","guide_0430","HAS_GUIDE"
"ingredient_0252","guide_0431","HAS_GUIDE"
"ingredient_0253","guide_0432","HAS_GUIDE"
"ingredient_0253","guide_0433","HAS_GUIDE"
"ingredient_0253","guide_0434","HAS_GUIDE"
"ingredient_0253","guide_0435","HAS_GUIDE"
"ingredient_0254","guide_0436","HAS_GUIDE"
"ingredient_0254","guide_0437","HAS_GUIDE"
"ingredient_0254","guide_0438","HAS_GUIDE"
"ingredient_0254","guide_0439","HAS_GUIDE"
"ingredient_0255","guide_0440","HAS_GUIDE"
"ingredient_0255","guide_0441","HAS_GUIDE"
"ingredient_0255","guide_0442","HAS_GUIDE"
"ingredient_0255","guide_0443","HAS_GUIDE"
"ingredient_0256","guide_0444","HAS_GUIDE"
"ingredient_0256","guide_0445","HAS_GUIDE"
"ingredient_0256","guide_0446","HAS_GUIDE"
"ingredient_0256","guide_0447","HAS_GUIDE"
"ingredient_0257","guide_0448","HAS_GUIDE"
"ingredient_0257","guide_0449","HAS_GUIDE"
"ingredient_0257","guide_0450","HAS_GUIDE"
"ingredient_0257","guide_0451","HAS_GUIDE"
"ingredient_0258","guide_0452","HAS_GUIDE"
"ingredient_0258","guide_0454","HAS_GUIDE"
"ingredient_0259","guide_0456","HAS_GUIDE"
"ingredient_0259","guide_0457","HAS_GUIDE"
"ingredient_0259","guide_0458","HAS_GUIDE"
"ingredient_0259","guide_0459","HAS_GUIDE"
"ingredient_0260","guide_0460","HAS_GUIDE"
"ingredient_0260","guide_0461","HAS_GUIDE"
"ingredient_0260","guide_0462","HAS_GUIDE"
"ingredient_0261","guide_0464","HAS_GUIDE"
"ingredient_0261","guide_0465","HAS_GUIDE"
"ingredient_0261","guide_0466","HAS_GUIDE"
"ingredient_0261","guide_0467","HAS_GUIDE"
"ingredient_0262","guide_0468","HAS_GUIDE"
"ingredient_0262","guide_0469","HAS_GUIDE"
"ingredient_0262","guide_0470","HAS_GUIDE"
"ingredient_0262","guide_0471","HAS_GUIDE"
"ingredient_0263","guide_0472","HAS_GUIDE"
"ingredient_0263","guide_0473","HAS_GUIDE"
"ingredient_0263","guide_0474","HAS_GUIDE"
"ingredient_0263","guide_0475","HAS_GUIDE"
"ingredient_0264","guide_0476","HAS_GUIDE"
"ingredient_0264","guide_0477","HAS_GUIDE"
"ingredient_0264","guide_0478","HAS_GUIDE"
"ingredient_0264","guide_0479","HAS_GUIDE"
"ingredient_0265","guide_0480","HAS_GUIDE"
"ingredient_0265","guide_0481","HAS_GUIDE"
"ingredient_0265","guide_0482","HAS_GUIDE"
"ingredient_0265","guide_0483","HAS_GUIDE"
"ingredient_0266","guide_0484","HAS_GUIDE"
"ingredient_0266","guide_0485","HAS_GUIDE"
"ingredient_0266","guide_0486","HAS_GUIDE"
"ingredient_0266","guide_0487","HAS_GUIDE"
"ingredient_0267","guide_0488","HAS_GUIDE"
"ingredient_0267","guide_0489","HAS_GUIDE"
"ingredient_0267","guide_0490","HAS_GUIDE"
"ingredient_0267","guide_0491","HAS_GUIDE"
"ingredient_0268","guide_0492","HAS_GUIDE"
"ingredient_0268","guide_0493","HAS_GUIDE"
"ingredient_0268","guide_0494","HAS_GUIDE"
"ingredient_0268","guide_0495","HAS_GUIDE"
"ingredient_0269","guide_0496","HAS_GUIDE"
"ingredient_0269","guide_0497","HAS_GUIDE"
"ingredient_0269","guide_0498","HAS_GUIDE"
"ingredient_0269","guide_0499","HAS_GUIDE"
"ingredient_0270","guide_0500","HAS_GUIDE"
"ingredient_0270","guide_0501","HAS_GUIDE"
"ingredient_0270","guide_0502","HAS_GUIDE"
"ingredient_0270","guide_0503","HAS_GUIDE"
"ingredient_0271","guide_0504","HAS_GUIDE"
"ingredient_0271","guide_0505","HAS_GUIDE"
"ingredient_0271","guide_0506","HAS_GUIDE"
"ingredient_0271","guide_0507","HAS_GUIDE"
"ingredient_0272","guide_0508","HAS_GUIDE"
"ingredient_0272","guide_0509","HAS_GUIDE"
"ingredient_0272","guide_0510","HAS_GUIDE"
"ingredient_0272","guide_0511","HAS_GUIDE"
"ingredient_0273","guide_0512","HAS_GUIDE"
"ingredient_0273","guide_0513","HAS_GUIDE"
"ingredient_0273","guide_0514","HAS_GUIDE"
"ingredient_0273","guide_0515","HAS_GUIDE"
"ingredient_0274","guide_0516","HAS_GUIDE"
"ingredient_0274","guide_0517","HAS_GUIDE"
"ingredient_0274","guide_0518","HAS_GUIDE"
"ingredient_0274","guide_0519","HAS_GUIDE"
"ingredient_0275","guide_0520","HAS_GUIDE"
"ingredient_0275","guide_0521","HAS_GUIDE"
"ingredient_0275","guide_0522","HAS_GUIDE"
"ingredient_0275","guide_0523","HAS_GUIDE"
"ingredient_0276","guide_0524","HAS_GUIDE"
"ingredient_0276","guide_0525","HAS_GUIDE"
"ingredient_0276","guide_0526","HAS_GUIDE"
"ingredient_0276","guide_0527","HAS_GUIDE"
"ingredient_0277","guide_0528","HAS_GUIDE"
"ingredient_0277","guide_0529","HAS_GUIDE"
"ingredient_0277","guide_0530","HAS_GUIDE"
"ingredient_0277","guide_0531","HAS_GUIDE"
"ingredient_0278","guide_0532","HAS_GUIDE"
"ingredient_0278","guide_0533","HAS_GUIDE"
"ingredient_0278","guide_0534","HAS_GUIDE"
"ingredient_0278","guide_0535","HAS_GUIDE"
"ingredient_0279","guide_0536","HAS_GUIDE"
"ingredient_0279","guide_0537","HAS_GUIDE"
"ingredient_0279","guide_0538","HAS_GUIDE"
"ingredient_0279","guide_0539","HAS_GUIDE"
"ingredient_0280","guide_0540","HAS_GUIDE"
"ingredient_0280","guide_0541","HAS_GUIDE"
"ingredient_0280","guide_0542","HAS_GUIDE"
"ingredient_0280","guide_0543","HAS_GUIDE"
"ingredient_0281","guide_0544","HAS_GUIDE"
"ingredient_0281","guide_0545","HAS_GUIDE"
"ingredient_0281","guide_0546","HAS_GUIDE"
"ingredient_0281","guide_0547","HAS_GUIDE"
"ingredient_0282","guide_0548","HAS_GUIDE"
"ingredient_0282","guide_0549","HAS_GUIDE"
"ingredient_0282","guide_0550","HAS_GUIDE"
"ingredient_0282","guide_0551","HAS_GUIDE"
"ingredient_0283","guide_0552","HAS_GUIDE"
"ingredient_0283","guide_0553","HAS_GUIDE"
"ingredient_0283","guide_0554","HAS_GUIDE"
"ingredient_0283","guide_0555","HAS_GUIDE"
"ingredient_0284","guide_0556","HAS_GUIDE"
"ingredient_0284","guide_0557","HAS_GUIDE"
"ingredient_0284","guide_0558","HAS_GUIDE"
"ingredient_0284","guide_0559","HAS_GUIDE"
"ingredient_0285","guide_0560","HAS_GUIDE"
"ingredient_0285","guide_0561","HAS_GUIDE"
"ingredient_0285","guide_0562","HAS_GUIDE"
"ingredient_0285","guide_0563","HAS_GUIDE"
"ingredient_0286","guide_0564","HAS_GUIDE"
"ingredient_0286","guide_0565","HAS_GUIDE"
"ingredient_0286","guide_0566","HAS_GUIDE"
"ingredient_0286","guide_0567","HAS_GUIDE"
"ingredient_0287","guide_0568","HAS_GUIDE"
"ingredient_0287","guide_0569","HAS_GUIDE"
"ingredient_0287","guide_0570","HAS_GUIDE"
"ingredient_0287","guide_0571","HAS_GUIDE"
"ingredient_0288","guide_0572","HAS_GUIDE"
"ingredient_0288","guide_0573","HAS_GUIDE"
"ingredient_0288","guide_0574","HAS_GUIDE"
"ingredient_0288","guide_0575","HAS_GUIDE"
"ingredient_0289","guide_0576","HAS_GUIDE"
"ingredient_0289","guide_0577","HAS_GUIDE"
"ingredient_0289","guide_0578","HAS_GUIDE"
"ingredient_0289","guide_0579","HAS_GUIDE"
"ingredient_0290","guide_0580","HAS_GUIDE"
"ingredient_0290","guide_0581","HAS_GUIDE"
"ingredient_0290","guide_0582","HAS_GUIDE"
"ingredient_0290","guide_0583","HAS_GUIDE"
"ingredient_0291","guide_0584","HAS_GUIDE"
"ingredient_0291","guide_0585","HAS_GUIDE"
"ingredient_0291","guide_0586","HAS_GUIDE"
"ingredient_0291","guide_0587","HAS_GUIDE"
"ingredient_0292","guide_0588","HAS_GUIDE"
"ingredient_0292","guide_0589","HAS_GUIDE"
"ingredient_0292","guide_0590","HAS_GUIDE"
"ingredient_0292","guide_0591","HAS_GUIDE"
"ingredient_0293","guide_0592","HAS_GUIDE"
"ingredient_0293","guide_0593","HAS_GUIDE"
"ingredient_0293","guide_0594","HAS_GUIDE"
"ingredient_0293","guide_0595","HAS_GUIDE"
"ingredient_0697","guide_0596","HAS_GUIDE"
"ingredient_0697","guide_0597","HAS_GUIDE"
"ingredient_0697","guide_0598","HAS_GUIDE"
"ingredient_0697","guide_0599","HAS_GUIDE"
"ingredient_0295","guide_0600","HAS_GUIDE"
"ingredient_0295","guide_0601","HAS_GUIDE"
"ingredient_0295","guide_0602","HAS_GUIDE"
"ingredient_0295","guide_0603","HAS_GUIDE"
"ingredient_0296","guide_0604","HAS_GUIDE"
"ingredient_0296","guide_0605","HAS_GUIDE"
"ingredient_0296","guide_0606","HAS_GUIDE"
"ingredient_0296","guide_0607","HAS_GUIDE"
"ingredient_0298","guide_0612","HAS_GUIDE"
"ingredient_0298","guide_0613","HAS_GUIDE"
"ingredient_0298","guide_0614","HAS_GUIDE"
"ingredient_0298","guide_0615","HAS_GUIDE"
"ingredient_0300","guide_0620","HAS_GUIDE"
"ingredient_0300","guide_0621","HAS_GUIDE"
"ingredient_0300","guide_0622","HAS_GUIDE"
"ingredient_0300","guide_0623","HAS_GUIDE"
"ingredient_0301","guide_0624","HAS_GUIDE"
"ingredient_0301","guide_0625","HAS_GUIDE"
"ingredient_0301","guide_0626","HAS_GUIDE"
"ingredient_0301","guide_0627","HAS_GUIDE"
"ingredient_0302","guide_0628","HAS_GUIDE"
"ingredient_0302","guide_0629","HAS_GUIDE"
"ingredient_0302","guide_0630","HAS_GUIDE"
"ingredient_0302","guide_0631","HAS_GUIDE"
"ingredient_0304","guide_0632","HAS_GUIDE"
"ingredient_0304","guide_0633","HAS_GUIDE"
"ingredient_0304","guide_0634","HAS_GUIDE"
"ingredient_0304","guide_0635","HAS_GUIDE"
"ingredient_0305","guide_0636","HAS_GUIDE"
"ingredient_0305","guide_0637","HAS_GUIDE"
"ingredient_0305","guide_0638","HAS_GUIDE"
"ingredient_0305","guide_0639","HAS_GUIDE"
"ingredient_0306","guide_0640","HAS_GUIDE"
"ingredient_0306","guide_0641","HAS_GUIDE"
"ingredient_0306","guide_0642","HAS_GUIDE"
"ingredient_0306","guide_0643","HAS_GUIDE"
"ingredient_0307","guide_0644","HAS_GUIDE"
"ingredient_0307","guide_0645","HAS_GUIDE"
"ingredient_0307","guide_0646","HAS_GUIDE"
"ingredient_0307","guide_0647","HAS_GUIDE"
"ingredient_0308","guide_0648","HAS_GUIDE"
"ingredient_0308","guide_0649","HAS_GUIDE"
"ingredient_0308","guide_0650","HAS_GUIDE"
"ingredient_0308","guide_0651","HAS_GUIDE"
"ingredient_0311","guide_0656","HAS_GUIDE"
"ingredient_0311","guide_0657","HAS_GUIDE"
"ingredient_0311","guide_0658","HAS_GUIDE"
"ingredient_0311","guide_0659","HAS_GUIDE"
"ingredient_0313","guide_0660","HAS_GUIDE"
"ingredient_0313","guide_0661","HAS_GUIDE"
"ingredient_0313","guide_0662","HAS_GUIDE"
"ingredient_0313","guide_0663","HAS_GUIDE"
"ingredient_0314","guide_0664","HAS_GUIDE"
"ingredient_0314","guide_0665","HAS_GUIDE"
"ingredient_0314","guide_0666","HAS_GUIDE"
"ingredient_0314","guide_0667","HAS_GUIDE"
"ingredient_0315","guide_0668","HAS_GUIDE"
"ingredient_0315","guide_0669","HAS_GUIDE"
"ingredient_0315","guide_0670","HAS_GUIDE"
"ingredient_0315","guide_0671","HAS_GUIDE"
"ingredient_0316","guide_0672","HAS_GUIDE"
"ingredient_0316","guide_0673","HAS_GUIDE"
"ingredient_0316","guide_0674","HAS_GUIDE"
"ingredient_0317","guide_0675","HAS_GUIDE"
"ingredient_0317","guide_0676","HAS_GUIDE"
"ingredient_0317","guide_0677","HAS_GUIDE"
"ingredient_0317","guide_0678","HAS_GUIDE"
"ingredient_0318","guide_0679","HAS_GUIDE"
"ingredient_0318","guide_0680","HAS_GUIDE"
"ingredient_0318","guide_0681","HAS_GUIDE"
"ingredient_0319","guide_0683","HAS_GUIDE"
"ingredient_0319","guide_0684","HAS_GUIDE"
"ingredient_0319","guide_0685","HAS_GUIDE"
"ingredient_0319","guide_0686","HAS_GUIDE"
"ingredient_0320","guide_0687","HAS_GUIDE"
"ingredient_0320","guide_0688","HAS_GUIDE"
"ingredient_0320","guide_0689","HAS_GUIDE"
"ingredient_0320","guide_0690","HAS_GUIDE"
"ingredient_0321","guide_0691","HAS_GUIDE"
"ingredient_0321","guide_0692","HAS_GUIDE"
"ingredient_0321","guide_0693","HAS_GUIDE"
"ingredient_0321","guide_0694","HAS_GUIDE"
"ingredient_0322","guide_0695","HAS_GUIDE"
"ingredient_0322","guide_0696","HAS_GUIDE"
"ingredient_0322","guide_0697","HAS_GUIDE"
"ingredient_0322","guide_0698","HAS_GUIDE"
"ingredient_0323","guide_0699","HAS_GUIDE"
"ingredient_0323","guide_0700","HAS_GUIDE"
"ingredient_0323","guide_0701","HAS_GUIDE"
"ingredient_0323","guide_0702","HAS_GUIDE"
"ingredient_0324","guide_0703","HAS_GUIDE"
"ingredient_0324","guide_0704","HAS_GUIDE"
"ingredient_0324","guide_0705","HAS_GUIDE"
"ingredient_0324","guide_0706","HAS_GUIDE"
"ingredient_0325","guide_0707","HAS_GUIDE"
"ingredient_0325","guide_0708","HAS_GUIDE"
"ingredient_0325","guide_0709","HAS_GUIDE"
"ingredient_0325","guide_0710","HAS_GUIDE"
"ingredient_0326","guide_0711","HAS_GUIDE"
"ingredient_0326","guide_0712","HAS_GUIDE"
"ingredient_0326","guide_0713","HAS_GUIDE"
"ingredient_0326","guide_0714","HAS_GUIDE"
"ingredient_0327","guide_0715","HAS_GUIDE"
"ingredient_0327","guide_0716","HAS_GUIDE"
"ingredient_0327","guide_0717","HAS_GUIDE"
"ingredient_0327","guide_0718","HAS_GUIDE"
"ingredient_0328","guide_0719","HAS_GUIDE"
"ingredient_0328","guide_0720","HAS_GUIDE"
"ingredient_0328","guide_0721","HAS_GUIDE"
"ingredient_0328","guide_0722","HAS_GUIDE"
"ingredient_0329","guide_0723","HAS_GUIDE"
"ingredient_0329","guide_0724","HAS_GUIDE"
"ingredient_0329","guide_0725","HAS_GUIDE"
"ingredient_0329","guide_0726","HAS_GUIDE"
"ingredient_0330","guide_0727","HAS_GUIDE"
"ingredient_0330","guide_0728","HAS_GUIDE"
"ingredient_0330","guide_0729","HAS_GUIDE"
"ingredient_0330","guide_0730","HAS_GUIDE"
"ingredient_0331","guide_0731","HAS_GUIDE"
"ingredient_0331","guide_0732","HAS_GUIDE"
"ingredient_0331","guide_0733","HAS_GUIDE"
"ingredient_0331","guide_0734","HAS_GUIDE"
"ingredient_0332","guide_0735","HAS_GUIDE"
"ingredient_0332","guide_0736","HAS_GUIDE"
"ingredient_0332","guide_0737","HAS_GUIDE"
"ingredient_0332","guide_0738","HAS_GUIDE"
"ingredient_0333","guide_0739","HAS_GUIDE"
"ingredient_0333","guide_0740","HAS_GUIDE"
"ingredient_0333","guide_0741","HAS_GUIDE"
"ingredient_0333","guide_0742","HAS_GUIDE"
"ingredient_0334","guide_0743","HAS_GUIDE"
"ingredient_0334","guide_0744","HAS_GUIDE"
"ingredient_0334","guide_0745","HAS_GUIDE"
"ingredient_0334","guide_0746","HAS_GUIDE"
"ingredient_0335","guide_0747","HAS_GUIDE"
"ingredient_0335","guide_0748","HAS_GUIDE"
"ingredient_0335","guide_0749","HAS_GUIDE"
"ingredient_0335","guide_0750","HAS_GUIDE"
"ingredient_0334","guide_0751","HAS_GUIDE"
"ingredient_0334","guide_0752","HAS_GUIDE"
"ingredient_0334","guide_0753","HAS_GUIDE"
"ingredient_0334","guide_0754","HAS_GUIDE"
"ingredient_0337","guide_0755","HAS_GUIDE"
"ingredient_0337","guide_0756","HAS_GUIDE"
"ingredient_0337","guide_0757","HAS_GUIDE"
"ingredient_0337","guide_0758","HAS_GUIDE"
"ingredient_0338","guide_0759","HAS_GUIDE"
"ingredient_0338","guide_0760","HAS_GUIDE"
"ingredient_0338","guide_0761","HAS_GUIDE"
"ingredient_0338","guide_0762","HAS_GUIDE"
"ingredient_0339","guide_0763","HAS_GUIDE"
"ingredient_0339","guide_0764","HAS_GUIDE"
"ingredient_0339","guide_0765","HAS_GUIDE"
"ingredient_0339","guide_0766","HAS_GUIDE"
"ingredient_0340","guide_0767","HAS_GUIDE"
"ingredient_0340","guide_0768","HAS_GUIDE"
"ingredient_0340","guide_0769","HAS_GUIDE"
"ingredient_0341","guide_0770","HAS_GUIDE"
"ingredient_0341","guide_0771","HAS_GUIDE"
"ingredient_0341","guide_0772","HAS_GUIDE"
"ingredient_0342","guide_0773","HAS_GUIDE"
"ingredient_0342","guide_0774","HAS_GUIDE"
"ingredient_0342","guide_0775","HAS_GUIDE"
"ingredient_0344","guide_0779","HAS_GUIDE"
"ingredient_0344","guide_0780","HAS_GUIDE"
"ingredient_0344","guide_0781","HAS_GUIDE"
"ingredient_0345","guide_0782","HAS_GUIDE"
"ingredient_0345","guide_0783","HAS_GUIDE"
"ingredient_0345","guide_0784","HAS_GUIDE"
"ingredient_0346","guide_0785","HAS_GUIDE"
"ingredient_0346","guide_0786","HAS_GUIDE"
"ingredient_0346","guide_0787","HAS_GUIDE"
"ingredient_0347","guide_0788","HAS_GUIDE"
"ingredient_0347","guide_0789","HAS_GUIDE"
"ingredient_0347","guide_0790","HAS_GUIDE"
"ingredient_0348","guide_0791","HAS_GUIDE"
"ingredient_0348","guide_0792","HAS_GUIDE"
"ingredient_0348","guide_0793","HAS_GUIDE"
"ingredient_0350","guide_0797","HAS_GUIDE"
"ingredient_0350","guide_0798","HAS_GUIDE"
"ingredient_0350","guide_0799","HAS_GUIDE"
"ingredient_0351","guide_0800","HAS_GUIDE"
"ingredient_0351","guide_0801","HAS_GUIDE"
"ingredient_0351","guide_0802","HAS_GUIDE"
"ingredient_0352","guide_0803","HAS_GUIDE"
"ingredient_0352","guide_0804","HAS_GUIDE"
"ingredient_0352","guide_0805","HAS_GUIDE"
"ingredient_0353","guide_0806","HAS_GUIDE"
"ingredient_0353","guide_0807","HAS_GUIDE"
"ingredient_0353","guide_0808","HAS_GUIDE"
"ingredient_0354","guide_0809","HAS_GUIDE"
"ingredient_0354","guide_0810","HAS_GUIDE"
"ingredient_0354","guide_0811","HAS_GUIDE"
"ingredient_0355","guide_0812","HAS_GUIDE"
"ingredient_0355","guide_0813","HAS_GUIDE"
"ingredient_0355","guide_0814","HAS_GUIDE"
"ingredient_0356","guide_0815","HAS_GUIDE"
"ingredient_0356","guide_0816","HAS_GUIDE"
"ingredient_0356","guide_0817","HAS_GUIDE"
"ingredient_0357","guide_0818","HAS_GUIDE"
"ingredient_0357","guide_0819","HAS_GUIDE"
"ingredient_0357","guide_0820","HAS_GUIDE"
"ingredient_0358","guide_0821","HAS_GUIDE"
"ingredient_0358","guide_0822","HAS_GUIDE"
"ingredient_0358","guide_0823","HAS_GUIDE"
"ingredient_0359","guide_0824","HAS_GUIDE"
"ingredient_0359","guide_0825","HAS_GUIDE"
"ingredient_0359","guide_0826","HAS_GUIDE"
"ingredient_0360","guide_0827","HAS_GUIDE"
"ingredient_0360","guide_0828","HAS_GUIDE"
"ingredient_0360","guide_0829","HAS_GUIDE"
"ingredient_0361","guide_0830","HAS_GUIDE"
"ingredient_0361","guide_0831","HAS_GUIDE"
"ingredient_0361","guide_0832","HAS_GUIDE"
"ingredient_0362","guide_0833","HAS_GUIDE"
"ingredient_0362","guide_0834","HAS_GUIDE"
"ingredient_0362","guide_0835","HAS_GUIDE"
"ingredient_0363","guide_0836","HAS_GUIDE"
"ingredient_0363","guide_0837","HAS_GUIDE"
"ingredient_0363","guide_0838","HAS_GUIDE"
"ingredient_0364","guide_0839","HAS_GUIDE"
"ingredient_0364","guide_0840","HAS_GUIDE"
"ingredient_0364","guide_0841","HAS_GUIDE"
"ingredient_0365","guide_0844","HAS_GUIDE"
"ingredient_0366","guide_0845","HAS_GUIDE"
"ingredient_0366","guide_0846","HAS_GUIDE"
"ingredient_0366","guide_0847","HAS_GUIDE"
"ingredient_0367","guide_0848","HAS_GUIDE"
"ingredient_0367","guide_0849","HAS_GUIDE"
"ingredient_0367","guide_0850","HAS_GUIDE"
"ingredient_0368","guide_0851","HAS_GUIDE"
"ingredient_0368","guide_0852","HAS_GUIDE"
"ingredient_0368","guide_0853","HAS_GUIDE"
"ingredient_0369","guide_0854","HAS_GUIDE"
"ingredient_0369","guide_0855","HAS_GUIDE"
"ingredient_0369","guide_0856","HAS_GUIDE"
"ingredient_0370","guide_0857","HAS_GUIDE"
"ingredient_0370","guide_0858","HAS_GUIDE"
"ingredient_0370","guide_0859","HAS_GUIDE"
"ingredient_0371","guide_0860","HAS_GUIDE"
"ingredient_0371","guide_0861","HAS_GUIDE"
"ingredient_0371","guide_0862","HAS_GUIDE"
"ingredient_0368","guide_0865","HAS_GUIDE"
"ingredient_0373","guide_0866","HAS_GUIDE"
"ingredient_0373","guide_0867","HAS_GUIDE"
"ingredient_0373","guide_0868","HAS_GUIDE"
"ingredient_0374","guide_0869","HAS_GUIDE"
"ingredient_0374","guide_0870","HAS_GUIDE"
"ingredient_0374","guide_0871","HAS_GUIDE"
"ingredient_0375","guide_0872","HAS_GUIDE"
"ingredient_0375","guide_0873","HAS_GUIDE"
"ingredient_0375","guide_0874","HAS_GUIDE"
"ingredient_0376","guide_0875","HAS_GUIDE"
"ingredient_0376","guide_0876","HAS_GUIDE"
"ingredient_0376","guide_0877","HAS_GUIDE"
"ingredient_0377","guide_0880","HAS_GUIDE"
"ingredient_0378","guide_0881","HAS_GUIDE"
"ingredient_0378","guide_0882","HAS_GUIDE"
"ingredient_0378","guide_0883","HAS_GUIDE"
"ingredient_0379","guide_0884","HAS_GUIDE"
"ingredient_0379","guide_0885","HAS_GUIDE"
"ingredient_0379","guide_0886","HAS_GUIDE"
"ingredient_0375","guide_0887","HAS_GUIDE"
"ingredient_0375","guide_0888","HAS_GUIDE"
"ingredient_0375","guide_0889","HAS_GUIDE"
"ingredient_0371","guide_0890","HAS_GUIDE"
"ingredient_0371","guide_0891","HAS_GUIDE"
"ingredient_0371","guide_0892","HAS_GUIDE"
"ingredient_0623","guide_0895","HAS_GUIDE"
"ingredient_0624","guide_0899","HAS_GUIDE"
"ingredient_0625","guide_0901","HAS_GUIDE"
"ingredient_0625","guide_0902","HAS_GUIDE"
"ingredient_0625","guide_0903","HAS_GUIDE"
"ingredient_0625","guide_0904","HAS_GUIDE"
"ingredient_0626","guide_0907","HAS_GUIDE"
"ingredient_0627","guide_0911","HAS_GUIDE"
"ingredient_0639","guide_0913","HAS_GUIDE"
"ingredient_0640","guide_0914","HAS_GUIDE"
"ingredient_0640","guide_0915","HAS_GUIDE"
"ingredient_0640","guide_0916","HAS_GUIDE"
"ingredient_0641","guide_0918","HAS_GUIDE"
"ingredient_0642","guide_0919","HAS_GUIDE"
"ingredient_0643","guide_0920","HAS_GUIDE"
"ingredient_0644","guide_0921","HAS_GUIDE"
"ingredient_0645","guide_0922","HAS_GUIDE"
"ingredient_0646","guide_0923","HAS_GUIDE"
"ingredient_0646","guide_0924","HAS_GUIDE"
"ingredient_0646","guide_0925","HAS_GUIDE"
"ingredient_0646","guide_0926","HAS_GUIDE"
"ingredient_0647","guide_0927","HAS_GUIDE"
"ingredient_0647","guide_0928","HAS_GUIDE"
"ingredient_0647","guide_0929","HAS_GUIDE"
"ingredient_0647","guide_0930","HAS_GUIDE"
"ingredient_0648","guide_0933","HAS_GUIDE"
"ingredient_0648","guide_0934","HAS_GUIDE"
"ingredient_0649","guide_0935","HAS_GUIDE"
"ingredient_0650","guide_0936","HAS_GUIDE"
"ingredient_0651","guide_0937","HAS_GUIDE"
"ingredient_0652","guide_0938","HAS_GUIDE"
"ingredient_0656","guide_0939","HAS_GUIDE"
"ingredient_0654","guide_0940","HAS_GUIDE"
"ingredient_0655","guide_0941","HAS_GUIDE"
"ingredient_0656","guide_0942","HAS_GUIDE"
"ingredient_0657","guide_0943","HAS_GUIDE"
"ingredient_0658","guide_0944","HAS_GUIDE"
"ingredient_0659","guide_0945","HAS_GUIDE"
"ingredient_0660","guide_0946","HAS_GUIDE"
"ingredient_0661","guide_0947","HAS_GUIDE"
"ingredient_0662","guide_0948","HAS_GUIDE"
"ingredient_0663","guide_0949","HAS_GUIDE"
"ingredient_0664","guide_0952","HAS_GUIDE"
"ingredient_0664","guide_0953","HAS_GUIDE"
"ingredient_0665","guide_0954","HAS_GUIDE"
"ingredient_0665","guide_0955","HAS_GUIDE"
"ingredient_0665","guide_0956","HAS_GUIDE"
"ingredient_0665","guide_0957","HAS_GUIDE"
"ingredient_0666","guide_0958","HAS_GUIDE"
"ingredient_0666","guide_0959","HAS_GUIDE"
"ingredient_0666","guide_0960","HAS_GUIDE"
"ingredient_0666","guide_0961","HAS_GUIDE"
"ingredient_0667","guide_0962","HAS_GUIDE"
"ingredient_0668","guide_0963","HAS_GUIDE"
"ingredient_0668","guide_0965","HAS_GUIDE"
"ingredient_0669","guide_0969","HAS_GUIDE"
"ingredient_0670","guide_0973","HAS_GUIDE"
"ingredient_0671","guide_0975","HAS_GUIDE"
"ingredient_0674","guide_0976","HAS_GUIDE"
"ingredient_0674","guide_0977","HAS_GUIDE"
"ingredient_0674","guide_0978","HAS_GUIDE"
"ingredient_0674","guide_0979","HAS_GUIDE"
"ingredient_0675","guide_0980","HAS_GUIDE"
"ingredient_0675","guide_0981","HAS_GUIDE"
"ingredient_0675","guide_0982","HAS_GUIDE"
"ingredient_0675","guide_0983","HAS_GUIDE"
"ingredient_0676","guide_0984","HAS_GUIDE"
"ingredient_0676","guide_0985","HAS_GUIDE"
"ingredient_0676","guide_0986","HAS_GUIDE"
"ingredient_0676","guide_0987","HAS_GUIDE"
"ingredient_0680","guide_0988","HAS_GUIDE"
"ingredient_0680","guide_0989","HAS_GUIDE"
"ingredient_0680","guide_0990","HAS_GUIDE"
"ingredient_0681","guide_0992","HAS_GUIDE"
"ingredient_0681","guide_0993","HAS_GUIDE"
"ingredient_0681","guide_0994","HAS_GUIDE"
"ingredient_0681","guide_0995","HAS_GUIDE"
"ingredient_0682","guide_0996","HAS_GUIDE"
"ingredient_0682","guide_0997","HAS_GUIDE"
"ingredient_0682","guide_0998","HAS_GUIDE"
"ingredient_0683","guide_1000","HAS_GUIDE"
"ingredient_0683","guide_1001","HAS_GUIDE"
"ingredient_0683","guide_1002","HAS_GUIDE"
"ingredient_0683","guide_1003","HAS_GUIDE"
"ingredient_0684","guide_1004","HAS_GUIDE"
"ingredient_0684","guide_1005","HAS_GUIDE"
"ingredient_0684","guide_1006","HAS_GUIDE"
"ingredient_0684","guide_1007","HAS_GUIDE"
"ingredient_0685","guide_1008","HAS_GUIDE"
"ingredient_0685","guide_1009","HAS_GUIDE"
"ingredient_0685","guide_1010","HAS_GUIDE"
"ingredient_0685","guide_1011","HAS_GUIDE"
"ingredient_0683","guide_1012","HAS_GUIDE"
"ingredient_0683","guide_1013","HAS_GUIDE"
"ingredient_0683","guide_1014","HAS_GUIDE"
"ingredient_0683","guide_1015","HAS_GUIDE"
"ingredient_0687","guide_1016","HAS_GUIDE"
"ingredient_0687","guide_1017","HAS_GUIDE"
"ingredient_0687","guide_1018","HAS_GUIDE"
"ingredient_0687","guide_1019","HAS_GUIDE"
"ingredient_0688","guide_1020","HAS_GUIDE"
"ingredient_0688","guide_1021","HAS_GUIDE"
"ingredient_0688","guide_1022","HAS_GUIDE"
"ingredient_0688","guide_1023","HAS_GUIDE"
"ingredient_0689","guide_1024","HAS_GUIDE"
"ingredient_0689","guide_1025","HAS_GUIDE"
"ingredient_0689","guide_1026","HAS_GUIDE"
"ingredient_0689","guide_1027","HAS_GUIDE"
"ingredient_0690","guide_1028","HAS_GUIDE"
"ingredient_0690","guide_1029","HAS_GUIDE"
"ingredient_0690","guide_1030","HAS_GUIDE"
"ingredient_0690","guide_1031","HAS_GUIDE"
"ingredient_0691","guide_1032","HAS_GUIDE"
"ingredient_0691","guide_1033","HAS_GUIDE"
"ingredient_0691","guide_1034","HAS_GUIDE"
"ingredient_0691","guide_1035","HAS_GUIDE"
"ingredient_0692","guide_1036","HAS_GUIDE"
"ingredient_0692","guide_1037","HAS_GUIDE"
"ingredient_0692","guide_1038","HAS_GUIDE"
"ingredient_0692","guide_1039","HAS_GUIDE"
"ingredient_0693","guide_1040","HAS_GUIDE"
"ingredient_0693","guide_1041","HAS_GUIDE"
"ingredient_0693","guide_1042","HAS_GUIDE"
"ingredient_0693","guide_1043","HAS_GUIDE"
"ingredient_0694","guide_1044","HAS_GUIDE"
"ingredient_0694","guide_1045","HAS_GUIDE"
"ingredient_0694","guide_1046","HAS_GUIDE"
"ingredient_0694","guide_1047","HAS_GUIDE"
"ingredient_0695","guide_1048","HAS_GUIDE"
"ingredient_0695","guide_1049","HAS_GUIDE"
"ingredient_0695","guide_1050","HAS_GUIDE"
"ingredient_0695","guide_1051","HAS_GUIDE"
"ingredient_0696","guide_1052","HAS_GUIDE"
"ingredient_0696","guide_1053","HAS_GUIDE"
"ingredient_0696","guide_1054","HAS_GUIDE"
"ingredient_0696","guide_1055","HAS_GUIDE"
"ingredient_0697","guide_1056","HAS_GUIDE"
"ingredient_0697","guide_1057","HAS_GUIDE"
"ingredient_0697","guide_1058","HAS_GUIDE"
"ingredient_0697","guide_1059","HAS_GUIDE"
"ingredient_0698","guide_1060","HAS_GUIDE"
"ingredient_0698","guide_1061","HAS_GUIDE"
"ingredient_0698","guide_1062","HAS_GUIDE"
"ingredient_0698","guide_1063","HAS_GUIDE"
"ingredient_0699","guide_1064","HAS_GUIDE"
"ingredient_0699","guide_1065","HAS_GUIDE"
"ingredient_0699","guide_1066","HAS_GUIDE"
"ingredient_0700","guide_1068","HAS_GUIDE"
"ingredient_0700","guide_1069","HAS_GUIDE"
"ingredient_0700","guide_1070","HAS_GUIDE"
"ingredient_0701","guide_1072","HAS_GUIDE"
"ingredient_0701","guide_1073","HAS_GUIDE"
"ingredient_0701","guide_1074","HAS_GUIDE"
"ingredient_0701","guide_1075","HAS_GUIDE"
"ingredient_0702","guide_1076","HAS_GUIDE"
"ingredient_0702","guide_1077","HAS_GUIDE"
"ingredient_0702","guide_1078","HAS_GUIDE"
"ingredient_0702","guide_1079","HAS_GUIDE"
"ingredient_0703","guide_1080","HAS_GUIDE"
"ingredient_0703","guide_1081","HAS_GUIDE"
"ingredient_0703","guide_1082","HAS_GUIDE"
"ingredient_0703","guide_1083","HAS_GUIDE"
"ingredient_0704","guide_1084","HAS_GUIDE"
"ingredient_0704","guide_1085","HAS_GUIDE"
"ingredient_0704","guide_1086","HAS_GUIDE"
"ingredient_0704","guide_1087","HAS_GUIDE"
"ingredient_0705","guide_1088","HAS_GUIDE"
"ingredient_0705","guide_1089","HAS_GUIDE"
"ingredient_0705","guide_1090","HAS_GUIDE"
"ingredient_0705","guide_1091","HAS_GUIDE"
"ingredient_0706","guide_1092","HAS_GUIDE"
"ingredient_0706","guide_1093","HAS_GUIDE"
"ingredient_0706","guide_1094","HAS_GUIDE"
"ingredient_0706","guide_1095","HAS_GUIDE"
"ingredient_0707","guide_1096","HAS_GUIDE"
"ingredient_0707","guide_1097","HAS_GUIDE"
"ingredient_0707","guide_1098","HAS_GUIDE"
"ingredient_0707","guide_1099","HAS_GUIDE"
"ingredient_0708","guide_1100","HAS_GUIDE"
"ingredient_0708","guide_1101","HAS_GUIDE"
"ingredient_0708","guide_1102","HAS_GUIDE"
"ingredient_0708","guide_1103","HAS_GUIDE"
"ingredient_0709","guide_1104","HAS_GUIDE"
"ingredient_0709","guide_1105","HAS_GUIDE"
"ingredient_0709","guide_1106","HAS_GUIDE"
"ingredient_0709","guide_1107","HAS_GUIDE"
"ingredient_0710","guide_1108","HAS_GUIDE"
"ingredient_0710","guide_1109","HAS_GUIDE"
"ingredient_0710","guide_1110","HAS_GUIDE"
"ingredient_0710","guide_1111","HAS_GUIDE"
"ingredient_0711","guide_1112","HAS_GUIDE"
"ingredient_0711","guide_1113","HAS_GUIDE"
"ingredient_0711","guide_1114","HAS_GUIDE"
"ingredient_0711","guide_1115","HAS_GUIDE"
"ingredient_0712","guide_1116","HAS_GUIDE"
"ingredient_0712","guide_1117","HAS_GUIDE"
"ingredient_0712","guide_1118","HAS_GUIDE"
"ingredient_0712","guide_1119","HAS_GUIDE"
"ingredient_0713","guide_1120","HAS_GUIDE"
"ingredient_0713","guide_1121","HAS_GUIDE"
"ingredient_0713","guide_1122","HAS_GUIDE"
"ingredient_0713","guide_1123","HAS_GUIDE"
"ingredient_0714","guide_1124","HAS_GUIDE"
"ingredient_0714","guide_1125","HAS_GUIDE"
"ingredient_0714","guide_1126","HAS_GUIDE"
"ingredient_0715","guide_1127","HAS_GUIDE"
"ingredient_0715","guide_1128","HAS_GUIDE"
"ingredient_0715","guide_1129","HAS_GUIDE"
"ingredient_0716","guide_1130","HAS_GUIDE"
"ingredient_0716","guide_1131","HAS_GUIDE"
"ingredient_0716","guide_1132","HAS_GUIDE"
"ingredient_0717","guide_1133","HAS_GUIDE"
"ingredient_0717","guide_1134","HAS_GUIDE"
"ingredient_0717","guide_1135","HAS_GUIDE"
"ingredient_0718","guide_1136","HAS_GUIDE"
"ingredient_0718","guide_1138","HAS_GUIDE"
"ingredient_0719","guide_1139","HAS_GUIDE"
"ingredient_0719","guide_1141","HAS_GUIDE"
"ingredient_0720","guide_1143","HAS_GUIDE"
"ingredient_0720","guide_1144","HAS_GUIDE"
"ingredient_0724","guide_1155","HAS_GUIDE"
"ingredient_0724","guide_1156","HAS_GUIDE"
"ingredient_0725","guide_1158","HAS_GUIDE"
"ingredient_0725","guide_1159","HAS_GUIDE"
"ingredient_0726","guide_1161","HAS_GUIDE"
"ingredient_0726","guide_1162","HAS_GUIDE"
"ingredient_0727","guide_1164","HAS_GUIDE"
"ingredient_0727","guide_1165","HAS_GUIDE"
"ingredient_0728","guide_1167","HAS_GUIDE"
"ingredient_0728","guide_1168","HAS_GUIDE"
"ingredient_0729","guide_1170","HAS_GUIDE"
"ingredient_0729","guide_1171","HAS_GUIDE"
"ingredient_0730","guide_1173","HAS_GUIDE"
"ingredient_0730","guide_1174","HAS_GUIDE"
"ingredient_0732","guide_1178","HAS_GUIDE"
"ingredient_0732","guide_1179","HAS_GUIDE"
"ingredient_0732","guide_1180","HAS_GUIDE"
"ingredient_0733","guide_1181","HAS_GUIDE"
"ingredient_0733","guide_1182","HAS_GUIDE"
"ingredient_0733","guide_1183","HAS_GUIDE"
"ingredient_0734","guide_1184","HAS_GUIDE"
"ingredient_0734","guide_1185","HAS_GUIDE"
"ingredient_0734","guide_1186","HAS_GUIDE"
"ingredient_0735","guide_1187","HAS_GUIDE"
"ingredient_0735","guide_1188","HAS_GUIDE"
"ingredient_0735","guide_1189","HAS_GUIDE"
"ingredient_0736","guide_1190","HAS_GUIDE"
"ingredient_0736","guide_1191","HAS_GUIDE"
"ingredient_0736","guide_1192","HAS_GUIDE"
"ingredient_0381","guide_1196","HAS_GUIDE"
"ingredient_0381","guide_1197","HAS_GUIDE"
"ingredient_0381","guide_1198","HAS_GUIDE"
"ingredient_0137","guide_1199","HAS_GUIDE"
"ingredient_0137","guide_1200","HAS_GUIDE"
"ingredient_0137","guide_1201","HAS_GUIDE"
"ingredient_0388","guide_1202","HAS_GUIDE"
"ingredient_0385","guide_1203","HAS_GUIDE"
"ingredient_0616","guide_1204","HAS_GUIDE"
"ingredient_0663","guide_1205","HAS_GUIDE"
