ingredient_id,alias_id,relationship
ingredient_0001,alias_0001,HAS_ALIAS
ingredient_0002,alias_0002,HAS_ALIAS
ingredient_0002,alias_0003,HAS_ALIAS
ingredient_0003,alias_0004,HAS_ALIAS
ingredient_0004,alias_0002,HAS_ALIAS
ingredient_0004,alias_0005,HAS_ALIAS
ingredient_0005,alias_0006,HAS_ALIAS
ingredient_0005,alias_0007,HAS_ALIAS
ingredient_0006,alias_0008,HAS_ALIAS
ingredient_0007,alias_0002,HAS_ALIAS
ingredient_0007,alias_0009,HAS_ALIAS
ingredient_0008,alias_0010,HAS_ALIAS
ingredient_0009,alias_0002,HAS_ALIAS
ingredient_0009,alias_0011,HAS_ALIAS
ingredient_0010,alias_0002,HAS_ALIAS
ingredient_0010,alias_0012,HAS_ALIAS
ingredient_0011,alias_0002,HAS_ALIAS
ingredient_0011,alias_0013,HAS_ALIAS
ingredient_0012,alias_0014,HAS_ALIAS
ingredient_0012,alias_0015,HAS_ALIAS
ingredient_0012,alias_0016,HAS_ALIAS
ingredient_0013,alias_0017,HAS_ALIAS
ingredient_0013,alias_0018,HAS_ALIAS
ingredient_0014,alias_0019,HAS_ALIAS
ingredient_0015,alias_0002,HAS_ALIAS
ingredient_0015,alias_0020,HAS_ALIAS
ingredient_0016,alias_0021,HAS_ALIAS
ingredient_0017,alias_0022,HAS_ALIAS
ingredient_0018,alias_0023,HAS_ALIAS
ingredient_0019,alias_0024,HAS_ALIAS
ingredient_0019,alias_0025,HAS_ALIAS
ingredient_0020,alias_0026,HAS_ALIAS
ingredient_0020,alias_0027,HAS_ALIAS
ingredient_0020,alias_0028,HAS_ALIAS
ingredient_0020,alias_0029,HAS_ALIAS
ingredient_0020,alias_0030,HAS_ALIAS
ingredient_0021,alias_0002,HAS_ALIAS
ingredient_0021,alias_0031,HAS_ALIAS
ingredient_0022,alias_0032,HAS_ALIAS
ingredient_0023,alias_0033,HAS_ALIAS
ingredient_0023,alias_0034,HAS_ALIAS
ingredient_0023,alias_0035,HAS_ALIAS
ingredient_0023,alias_0036,HAS_ALIAS
ingredient_0023,alias_0037,HAS_ALIAS
ingredient_0023,alias_0038,HAS_ALIAS
ingredient_0023,alias_0039,HAS_ALIAS
ingredient_0023,alias_0040,HAS_ALIAS
ingredient_0023,alias_0041,HAS_ALIAS
ingredient_0023,alias_0042,HAS_ALIAS
ingredient_0024,alias_0002,HAS_ALIAS
ingredient_0024,alias_0043,HAS_ALIAS
ingredient_0025,alias_0044,HAS_ALIAS
ingredient_0025,alias_0045,HAS_ALIAS
ingredient_0025,alias_0046,HAS_ALIAS
ingredient_0026,alias_0047,HAS_ALIAS
ingredient_0027,alias_0048,HAS_ALIAS
ingredient_0027,alias_0049,HAS_ALIAS
ingredient_0028,alias_0050,HAS_ALIAS
ingredient_0029,alias_0051,HAS_ALIAS
ingredient_0030,alias_0052,HAS_ALIAS
ingredient_0031,alias_0053,HAS_ALIAS
ingredient_0032,alias_0054,HAS_ALIAS
ingredient_0032,alias_0055,HAS_ALIAS
ingredient_0033,alias_0056,HAS_ALIAS
ingredient_0033,alias_0057,HAS_ALIAS
ingredient_0033,alias_0058,HAS_ALIAS
ingredient_0033,alias_0059,HAS_ALIAS
ingredient_0033,alias_0060,HAS_ALIAS
ingredient_0033,alias_0061,HAS_ALIAS
ingredient_0033,alias_0062,HAS_ALIAS
ingredient_0033,alias_0063,HAS_ALIAS
ingredient_0033,alias_0064,HAS_ALIAS
ingredient_0034,alias_0065,HAS_ALIAS
ingredient_0034,alias_0066,HAS_ALIAS
ingredient_0034,alias_0067,HAS_ALIAS
ingredient_0035,alias_0068,HAS_ALIAS
ingredient_0036,alias_0069,HAS_ALIAS
ingredient_0037,alias_0070,HAS_ALIAS
ingredient_0038,alias_0071,HAS_ALIAS
ingredient_0039,alias_0072,HAS_ALIAS
ingredient_0039,alias_0073,HAS_ALIAS
ingredient_0040,alias_0074,HAS_ALIAS
ingredient_0041,alias_0075,HAS_ALIAS
ingredient_0041,alias_0076,HAS_ALIAS
ingredient_0042,alias_0077,HAS_ALIAS
ingredient_0042,alias_0078,HAS_ALIAS
ingredient_0042,alias_0079,HAS_ALIAS
ingredient_0042,alias_0080,HAS_ALIAS
ingredient_0043,alias_0081,HAS_ALIAS
ingredient_0043,alias_0082,HAS_ALIAS
ingredient_0044,alias_0083,HAS_ALIAS
ingredient_0045,alias_0084,HAS_ALIAS
ingredient_0046,alias_0085,HAS_ALIAS
ingredient_0046,alias_0086,HAS_ALIAS
ingredient_0046,alias_0087,HAS_ALIAS
ingredient_0046,alias_0088,HAS_ALIAS
ingredient_0046,alias_0089,HAS_ALIAS
ingredient_0047,alias_0090,HAS_ALIAS
ingredient_0048,alias_0091,HAS_ALIAS
ingredient_0048,alias_0092,HAS_ALIAS
ingredient_0048,alias_0093,HAS_ALIAS
ingredient_0048,alias_0094,HAS_ALIAS
ingredient_0049,alias_0095,HAS_ALIAS
ingredient_0050,alias_0096,HAS_ALIAS
ingredient_0051,alias_0097,HAS_ALIAS
ingredient_0052,alias_0098,HAS_ALIAS
ingredient_0052,alias_0099,HAS_ALIAS
ingredient_0052,alias_0100,HAS_ALIAS
ingredient_0053,alias_0101,HAS_ALIAS
ingredient_0053,alias_0102,HAS_ALIAS
ingredient_0054,alias_0103,HAS_ALIAS
ingredient_0055,alias_0104,HAS_ALIAS
ingredient_0056,alias_0105,HAS_ALIAS
ingredient_0057,alias_0106,HAS_ALIAS
ingredient_0057,alias_0107,HAS_ALIAS
ingredient_0057,alias_0108,HAS_ALIAS
ingredient_0057,alias_0109,HAS_ALIAS
ingredient_0057,alias_0110,HAS_ALIAS
ingredient_0057,alias_0111,HAS_ALIAS
ingredient_0057,alias_0112,HAS_ALIAS
ingredient_0057,alias_0113,HAS_ALIAS
ingredient_0057,alias_0114,HAS_ALIAS
ingredient_0058,alias_0115,HAS_ALIAS
ingredient_0059,alias_0116,HAS_ALIAS
ingredient_0060,alias_0117,HAS_ALIAS
ingredient_0060,alias_0118,HAS_ALIAS
ingredient_0061,alias_0119,HAS_ALIAS
ingredient_0061,alias_0120,HAS_ALIAS
ingredient_0061,alias_0121,HAS_ALIAS
ingredient_0061,alias_0122,HAS_ALIAS
ingredient_0061,alias_0123,HAS_ALIAS
ingredient_0062,alias_0124,HAS_ALIAS
ingredient_0062,alias_0125,HAS_ALIAS
ingredient_0063,alias_0126,HAS_ALIAS
ingredient_0064,alias_0127,HAS_ALIAS
ingredient_0064,alias_0128,HAS_ALIAS
ingredient_0065,alias_0129,HAS_ALIAS
ingredient_0066,alias_0130,HAS_ALIAS
ingredient_0067,alias_0131,HAS_ALIAS
ingredient_0068,alias_0132,HAS_ALIAS
ingredient_0069,alias_0133,HAS_ALIAS
ingredient_0070,alias_0134,HAS_ALIAS
ingredient_0071,alias_0135,HAS_ALIAS
ingredient_0072,alias_0136,HAS_ALIAS
ingredient_0073,alias_0137,HAS_ALIAS
ingredient_0074,alias_0138,HAS_ALIAS
ingredient_0075,alias_0139,HAS_ALIAS
ingredient_0076,alias_0140,HAS_ALIAS
ingredient_0076,alias_0141,HAS_ALIAS
ingredient_0076,alias_0142,HAS_ALIAS
ingredient_0077,alias_0143,HAS_ALIAS
ingredient_0077,alias_0144,HAS_ALIAS
ingredient_0077,alias_0145,HAS_ALIAS
ingredient_0077,alias_0146,HAS_ALIAS
ingredient_0077,alias_0147,HAS_ALIAS
ingredient_0078,alias_0148,HAS_ALIAS
ingredient_0078,alias_0149,HAS_ALIAS
ingredient_0078,alias_0150,HAS_ALIAS
ingredient_0079,alias_0151,HAS_ALIAS
ingredient_0080,alias_0152,HAS_ALIAS
ingredient_0080,alias_0153,HAS_ALIAS
ingredient_0080,alias_0154,HAS_ALIAS
ingredient_0081,alias_0155,HAS_ALIAS
ingredient_0082,alias_0156,HAS_ALIAS
ingredient_0083,alias_0157,HAS_ALIAS
ingredient_0084,alias_0158,HAS_ALIAS
ingredient_0084,alias_0159,HAS_ALIAS
ingredient_0084,alias_0160,HAS_ALIAS
ingredient_0085,alias_0161,HAS_ALIAS
ingredient_0086,alias_0162,HAS_ALIAS
ingredient_0086,alias_0163,HAS_ALIAS
ingredient_0087,alias_0024,HAS_ALIAS
ingredient_0087,alias_0164,HAS_ALIAS
ingredient_0088,alias_0165,HAS_ALIAS
ingredient_0089,alias_0166,HAS_ALIAS
ingredient_0089,alias_0167,HAS_ALIAS
ingredient_0089,alias_0168,HAS_ALIAS
ingredient_0089,alias_0169,HAS_ALIAS
ingredient_0089,alias_0170,HAS_ALIAS
ingredient_0089,alias_0171,HAS_ALIAS
ingredient_0089,alias_0172,HAS_ALIAS
ingredient_0090,alias_0173,HAS_ALIAS
ingredient_0091,alias_0174,HAS_ALIAS
ingredient_0092,alias_0175,HAS_ALIAS
ingredient_0092,alias_0176,HAS_ALIAS
ingredient_0092,alias_0177,HAS_ALIAS
ingredient_0093,alias_0140,HAS_ALIAS
ingredient_0093,alias_0178,HAS_ALIAS
ingredient_0093,alias_0179,HAS_ALIAS
ingredient_0093,alias_0180,HAS_ALIAS
ingredient_0093,alias_0181,HAS_ALIAS
ingredient_0093,alias_0182,HAS_ALIAS
ingredient_0093,alias_0183,HAS_ALIAS
ingredient_0093,alias_0184,HAS_ALIAS
ingredient_0093,alias_0185,HAS_ALIAS
ingredient_0093,alias_0186,HAS_ALIAS
ingredient_0094,alias_0187,HAS_ALIAS
ingredient_0094,alias_0188,HAS_ALIAS
ingredient_0094,alias_0189,HAS_ALIAS
ingredient_0095,alias_0190,HAS_ALIAS
ingredient_0096,alias_0191,HAS_ALIAS
ingredient_0096,alias_0192,HAS_ALIAS
ingredient_0096,alias_0193,HAS_ALIAS
ingredient_0097,alias_0194,HAS_ALIAS
ingredient_0097,alias_0195,HAS_ALIAS
ingredient_0097,alias_0196,HAS_ALIAS
ingredient_0097,alias_0197,HAS_ALIAS
ingredient_0098,alias_0198,HAS_ALIAS
ingredient_0099,alias_0199,HAS_ALIAS
ingredient_0099,alias_0200,HAS_ALIAS
ingredient_0099,alias_0201,HAS_ALIAS
ingredient_0099,alias_0202,HAS_ALIAS
ingredient_0099,alias_0203,HAS_ALIAS
ingredient_0099,alias_0204,HAS_ALIAS
ingredient_0099,alias_0205,HAS_ALIAS
ingredient_0099,alias_0206,HAS_ALIAS
ingredient_0099,alias_0207,HAS_ALIAS
ingredient_0099,alias_0208,HAS_ALIAS
ingredient_0099,alias_0209,HAS_ALIAS
ingredient_0099,alias_0210,HAS_ALIAS
ingredient_0099,alias_0211,HAS_ALIAS
ingredient_0100,alias_0212,HAS_ALIAS
ingredient_0100,alias_0213,HAS_ALIAS
ingredient_0100,alias_0214,HAS_ALIAS
ingredient_0100,alias_0215,HAS_ALIAS
ingredient_0100,alias_0216,HAS_ALIAS
ingredient_0100,alias_0217,HAS_ALIAS
ingredient_0100,alias_0218,HAS_ALIAS
ingredient_0100,alias_0219,HAS_ALIAS
ingredient_0100,alias_0220,HAS_ALIAS
ingredient_0100,alias_0221,HAS_ALIAS
ingredient_0100,alias_0222,HAS_ALIAS
ingredient_0100,alias_0223,HAS_ALIAS
ingredient_0100,alias_0224,HAS_ALIAS
ingredient_0101,alias_0225,HAS_ALIAS
ingredient_0101,alias_0226,HAS_ALIAS
ingredient_0102,alias_0227,HAS_ALIAS
ingredient_0103,alias_0228,HAS_ALIAS
ingredient_0104,alias_0229,HAS_ALIAS
ingredient_0105,alias_0230,HAS_ALIAS
ingredient_0105,alias_0231,HAS_ALIAS
ingredient_0106,alias_0232,HAS_ALIAS
ingredient_0106,alias_0233,HAS_ALIAS
ingredient_0106,alias_0234,HAS_ALIAS
ingredient_0107,alias_0235,HAS_ALIAS
ingredient_0108,alias_0236,HAS_ALIAS
ingredient_0108,alias_0237,HAS_ALIAS
ingredient_0109,alias_0238,HAS_ALIAS
ingredient_0110,alias_0239,HAS_ALIAS
ingredient_0110,alias_0240,HAS_ALIAS
ingredient_0111,alias_0241,HAS_ALIAS
ingredient_0111,alias_0242,HAS_ALIAS
ingredient_0112,alias_0243,HAS_ALIAS
ingredient_0113,alias_0024,HAS_ALIAS
ingredient_0113,alias_0244,HAS_ALIAS
ingredient_0114,alias_0245,HAS_ALIAS
ingredient_0115,alias_0246,HAS_ALIAS
ingredient_0115,alias_0247,HAS_ALIAS
ingredient_0115,alias_0248,HAS_ALIAS
ingredient_0115,alias_0249,HAS_ALIAS
ingredient_0115,alias_0250,HAS_ALIAS
ingredient_0115,alias_0251,HAS_ALIAS
ingredient_0115,alias_0252,HAS_ALIAS
ingredient_0115,alias_0253,HAS_ALIAS
ingredient_0115,alias_0254,HAS_ALIAS
ingredient_0116,alias_0255,HAS_ALIAS
ingredient_0116,alias_0256,HAS_ALIAS
ingredient_0116,alias_0257,HAS_ALIAS
ingredient_0117,alias_0258,HAS_ALIAS
ingredient_0118,alias_0259,HAS_ALIAS
ingredient_0119,alias_0260,HAS_ALIAS
ingredient_0119,alias_0261,HAS_ALIAS
ingredient_0120,alias_0262,HAS_ALIAS
ingredient_0120,alias_0263,HAS_ALIAS
ingredient_0120,alias_0264,HAS_ALIAS
ingredient_0120,alias_0265,HAS_ALIAS
ingredient_0121,alias_0266,HAS_ALIAS
ingredient_0121,alias_0267,HAS_ALIAS
ingredient_0122,alias_0268,HAS_ALIAS
ingredient_0122,alias_0269,HAS_ALIAS
ingredient_0122,alias_0270,HAS_ALIAS
ingredient_0123,alias_0271,HAS_ALIAS
ingredient_0123,alias_0272,HAS_ALIAS
ingredient_0123,alias_0273,HAS_ALIAS
ingredient_0123,alias_0274,HAS_ALIAS
ingredient_0123,alias_0275,HAS_ALIAS
ingredient_0123,alias_0276,HAS_ALIAS
ingredient_0124,alias_0277,HAS_ALIAS
ingredient_0124,alias_0278,HAS_ALIAS
ingredient_0125,alias_0279,HAS_ALIAS
ingredient_0125,alias_0280,HAS_ALIAS
ingredient_0125,alias_0281,HAS_ALIAS
ingredient_0126,alias_0282,HAS_ALIAS
ingredient_0126,alias_0283,HAS_ALIAS
ingredient_0126,alias_0284,HAS_ALIAS
ingredient_0126,alias_0285,HAS_ALIAS
ingredient_0126,alias_0286,HAS_ALIAS
ingredient_0127,alias_0287,HAS_ALIAS
ingredient_0128,alias_0288,HAS_ALIAS
ingredient_0129,alias_0289,HAS_ALIAS
ingredient_0129,alias_0290,HAS_ALIAS
ingredient_0129,alias_0291,HAS_ALIAS
ingredient_0129,alias_0292,HAS_ALIAS
ingredient_0129,alias_0293,HAS_ALIAS
ingredient_0129,alias_0294,HAS_ALIAS
ingredient_0130,alias_0295,HAS_ALIAS
ingredient_0131,alias_0296,HAS_ALIAS
ingredient_0132,alias_0297,HAS_ALIAS
ingredient_0133,alias_0298,HAS_ALIAS
ingredient_0133,alias_0299,HAS_ALIAS
ingredient_0133,alias_0300,HAS_ALIAS
ingredient_0133,alias_0301,HAS_ALIAS
ingredient_0133,alias_0302,HAS_ALIAS
ingredient_0134,alias_0303,HAS_ALIAS
ingredient_0134,alias_0304,HAS_ALIAS
ingredient_0134,alias_0305,HAS_ALIAS
ingredient_0134,alias_0306,HAS_ALIAS
ingredient_0134,alias_0307,HAS_ALIAS
ingredient_0134,alias_0308,HAS_ALIAS
ingredient_0135,alias_0309,HAS_ALIAS
ingredient_0136,alias_0310,HAS_ALIAS
ingredient_0136,alias_0311,HAS_ALIAS
ingredient_0136,alias_0312,HAS_ALIAS
ingredient_0136,alias_0313,HAS_ALIAS
ingredient_0137,alias_0291,HAS_ALIAS
ingredient_0137,alias_0293,HAS_ALIAS
ingredient_0137,alias_0314,HAS_ALIAS
ingredient_0138,alias_0315,HAS_ALIAS
ingredient_0139,alias_0212,HAS_ALIAS
ingredient_0139,alias_0213,HAS_ALIAS
ingredient_0139,alias_0214,HAS_ALIAS
ingredient_0139,alias_0215,HAS_ALIAS
ingredient_0139,alias_0216,HAS_ALIAS
ingredient_0139,alias_0217,HAS_ALIAS
ingredient_0139,alias_0218,HAS_ALIAS
ingredient_0139,alias_0219,HAS_ALIAS
ingredient_0139,alias_0220,HAS_ALIAS
ingredient_0139,alias_0222,HAS_ALIAS
ingredient_0139,alias_0223,HAS_ALIAS
ingredient_0139,alias_0316,HAS_ALIAS
ingredient_0139,alias_0224,HAS_ALIAS
ingredient_0140,alias_0317,HAS_ALIAS
ingredient_0141,alias_0318,HAS_ALIAS
ingredient_0142,alias_0319,HAS_ALIAS
ingredient_0143,alias_0320,HAS_ALIAS
ingredient_0143,alias_0321,HAS_ALIAS
ingredient_0143,alias_0322,HAS_ALIAS
ingredient_0143,alias_0323,HAS_ALIAS
ingredient_0143,alias_0324,HAS_ALIAS
ingredient_0145,alias_0325,HAS_ALIAS
ingredient_0145,alias_0326,HAS_ALIAS
ingredient_0145,alias_0327,HAS_ALIAS
ingredient_0146,alias_0328,HAS_ALIAS
ingredient_0146,alias_0329,HAS_ALIAS
ingredient_0146,alias_0330,HAS_ALIAS
ingredient_0146,alias_0331,HAS_ALIAS
ingredient_0146,alias_0332,HAS_ALIAS
ingredient_0146,alias_0333,HAS_ALIAS
ingredient_0146,alias_0334,HAS_ALIAS
ingredient_0148,alias_0335,HAS_ALIAS
ingredient_0148,alias_0336,HAS_ALIAS
ingredient_0148,alias_0337,HAS_ALIAS
ingredient_0148,alias_0338,HAS_ALIAS
ingredient_0148,alias_0339,HAS_ALIAS
ingredient_0149,alias_0340,HAS_ALIAS
ingredient_0150,alias_0341,HAS_ALIAS
ingredient_0151,alias_0304,HAS_ALIAS
ingredient_0151,alias_0342,HAS_ALIAS
ingredient_0151,alias_0343,HAS_ALIAS
ingredient_0152,alias_0344,HAS_ALIAS
ingredient_0154,alias_0335,HAS_ALIAS
ingredient_0154,alias_0336,HAS_ALIAS
ingredient_0154,alias_0338,HAS_ALIAS
ingredient_0154,alias_0345,HAS_ALIAS
ingredient_0154,alias_0339,HAS_ALIAS
ingredient_0155,alias_0346,HAS_ALIAS
ingredient_0155,alias_0347,HAS_ALIAS
ingredient_0155,alias_0335,HAS_ALIAS
ingredient_0155,alias_0348,HAS_ALIAS
ingredient_0155,alias_0336,HAS_ALIAS
ingredient_0155,alias_0338,HAS_ALIAS
ingredient_0155,alias_0349,HAS_ALIAS
ingredient_0155,alias_0350,HAS_ALIAS
ingredient_0155,alias_0351,HAS_ALIAS
ingredient_0155,alias_0352,HAS_ALIAS
ingredient_0155,alias_0339,HAS_ALIAS
ingredient_0155,alias_0353,HAS_ALIAS
ingredient_0157,alias_0354,HAS_ALIAS
ingredient_0157,alias_0355,HAS_ALIAS
ingredient_0157,alias_0356,HAS_ALIAS
ingredient_0158,alias_0357,HAS_ALIAS
ingredient_0158,alias_0358,HAS_ALIAS
ingredient_0158,alias_0359,HAS_ALIAS
ingredient_0158,alias_0360,HAS_ALIAS
ingredient_0159,alias_0361,HAS_ALIAS
ingredient_0159,alias_0360,HAS_ALIAS
ingredient_0160,alias_0362,HAS_ALIAS
ingredient_0160,alias_0363,HAS_ALIAS
ingredient_0160,alias_0364,HAS_ALIAS
ingredient_0161,alias_0365,HAS_ALIAS
ingredient_0161,alias_0366,HAS_ALIAS
ingredient_0161,alias_0367,HAS_ALIAS
ingredient_0162,alias_0368,HAS_ALIAS
ingredient_0162,alias_0355,HAS_ALIAS
ingredient_0162,alias_0356,HAS_ALIAS
ingredient_0163,alias_0369,HAS_ALIAS
ingredient_0163,alias_0370,HAS_ALIAS
ingredient_0164,alias_0371,HAS_ALIAS
ingredient_0165,alias_0372,HAS_ALIAS
ingredient_0165,alias_0373,HAS_ALIAS
ingredient_0165,alias_0374,HAS_ALIAS
ingredient_0166,alias_0375,HAS_ALIAS
ingredient_0167,alias_0376,HAS_ALIAS
ingredient_0167,alias_0016,HAS_ALIAS
ingredient_0168,alias_0377,HAS_ALIAS
ingredient_0170,alias_0378,HAS_ALIAS
ingredient_0171,alias_0379,HAS_ALIAS
ingredient_0172,alias_0239,HAS_ALIAS
ingredient_0173,alias_0380,HAS_ALIAS
ingredient_0173,alias_0381,HAS_ALIAS
ingredient_0174,alias_0382,HAS_ALIAS
ingredient_0175,alias_0241,HAS_ALIAS
ingredient_0176,alias_0383,HAS_ALIAS
ingredient_0176,alias_0384,HAS_ALIAS
ingredient_0178,alias_0385,HAS_ALIAS
ingredient_0179,alias_0386,HAS_ALIAS
ingredient_0181,alias_0387,HAS_ALIAS
ingredient_0181,alias_0388,HAS_ALIAS
ingredient_0181,alias_0389,HAS_ALIAS
ingredient_0182,alias_0390,HAS_ALIAS
ingredient_0182,alias_0391,HAS_ALIAS
ingredient_0182,alias_0392,HAS_ALIAS
ingredient_0182,alias_0393,HAS_ALIAS
ingredient_0183,alias_0394,HAS_ALIAS
ingredient_0184,alias_0395,HAS_ALIAS
ingredient_0184,alias_0396,HAS_ALIAS
ingredient_0184,alias_0397,HAS_ALIAS
ingredient_0184,alias_0398,HAS_ALIAS
ingredient_0184,alias_0399,HAS_ALIAS
ingredient_0184,alias_0400,HAS_ALIAS
ingredient_0185,alias_0401,HAS_ALIAS
ingredient_0185,alias_0402,HAS_ALIAS
ingredient_0186,alias_0403,HAS_ALIAS
ingredient_0186,alias_0404,HAS_ALIAS
ingredient_0186,alias_0405,HAS_ALIAS
ingredient_0186,alias_0406,HAS_ALIAS
ingredient_0186,alias_0407,HAS_ALIAS
ingredient_0186,alias_0408,HAS_ALIAS
ingredient_0187,alias_0409,HAS_ALIAS
ingredient_0187,alias_0410,HAS_ALIAS
ingredient_0187,alias_0411,HAS_ALIAS
ingredient_0188,alias_0412,HAS_ALIAS
ingredient_0188,alias_0413,HAS_ALIAS
ingredient_0188,alias_0414,HAS_ALIAS
ingredient_0188,alias_0415,HAS_ALIAS
ingredient_0189,alias_0416,HAS_ALIAS
ingredient_0190,alias_0417,HAS_ALIAS
ingredient_0190,alias_0402,HAS_ALIAS
ingredient_0190,alias_0418,HAS_ALIAS
ingredient_0190,alias_0419,HAS_ALIAS
ingredient_0192,alias_0420,HAS_ALIAS
ingredient_0192,alias_0421,HAS_ALIAS
ingredient_0192,alias_0422,HAS_ALIAS
ingredient_0193,alias_0423,HAS_ALIAS
ingredient_0193,alias_0424,HAS_ALIAS
ingredient_0193,alias_0425,HAS_ALIAS
ingredient_0194,alias_0426,HAS_ALIAS
ingredient_0195,alias_0026,HAS_ALIAS
ingredient_0195,alias_0427,HAS_ALIAS
ingredient_0195,alias_0028,HAS_ALIAS
ingredient_0195,alias_0029,HAS_ALIAS
ingredient_0196,alias_0428,HAS_ALIAS
ingredient_0197,alias_0429,HAS_ALIAS
ingredient_0197,alias_0430,HAS_ALIAS
ingredient_0197,alias_0431,HAS_ALIAS
ingredient_0197,alias_0432,HAS_ALIAS
ingredient_0197,alias_0433,HAS_ALIAS
ingredient_0197,alias_0434,HAS_ALIAS
ingredient_0197,alias_0435,HAS_ALIAS
ingredient_0197,alias_0436,HAS_ALIAS
ingredient_0197,alias_0437,HAS_ALIAS
ingredient_0197,alias_0438,HAS_ALIAS
ingredient_0197,alias_0439,HAS_ALIAS
ingredient_0197,alias_0440,HAS_ALIAS
ingredient_0197,alias_0441,HAS_ALIAS
ingredient_0197,alias_0442,HAS_ALIAS
ingredient_0197,alias_0443,HAS_ALIAS
ingredient_0198,alias_0444,HAS_ALIAS
ingredient_0198,alias_0445,HAS_ALIAS
ingredient_0198,alias_0446,HAS_ALIAS
ingredient_0199,alias_0447,HAS_ALIAS
ingredient_0199,alias_0271,HAS_ALIAS
ingredient_0199,alias_0275,HAS_ALIAS
ingredient_0200,alias_0448,HAS_ALIAS
ingredient_0200,alias_0449,HAS_ALIAS
ingredient_0200,alias_0450,HAS_ALIAS
ingredient_0200,alias_0451,HAS_ALIAS
ingredient_0200,alias_0452,HAS_ALIAS
ingredient_0200,alias_0453,HAS_ALIAS
ingredient_0200,alias_0454,HAS_ALIAS
ingredient_0200,alias_0455,HAS_ALIAS
ingredient_0200,alias_0280,HAS_ALIAS
ingredient_0200,alias_0456,HAS_ALIAS
ingredient_0200,alias_0281,HAS_ALIAS
ingredient_0200,alias_0457,HAS_ALIAS
ingredient_0200,alias_0458,HAS_ALIAS
ingredient_0200,alias_0459,HAS_ALIAS
ingredient_0201,alias_0460,HAS_ALIAS
ingredient_0201,alias_0461,HAS_ALIAS
ingredient_0201,alias_0462,HAS_ALIAS
ingredient_0201,alias_0463,HAS_ALIAS
ingredient_0201,alias_0464,HAS_ALIAS
ingredient_0202,alias_0465,HAS_ALIAS
ingredient_0202,alias_0466,HAS_ALIAS
ingredient_0203,alias_0467,HAS_ALIAS
ingredient_0203,alias_0468,HAS_ALIAS
ingredient_0203,alias_0469,HAS_ALIAS
ingredient_0203,alias_0470,HAS_ALIAS
ingredient_0203,alias_0471,HAS_ALIAS
ingredient_0203,alias_0472,HAS_ALIAS
ingredient_0203,alias_0473,HAS_ALIAS
ingredient_0203,alias_0474,HAS_ALIAS
ingredient_0203,alias_0475,HAS_ALIAS
ingredient_0203,alias_0476,HAS_ALIAS
ingredient_0204,alias_0477,HAS_ALIAS
ingredient_0204,alias_0478,HAS_ALIAS
ingredient_0204,alias_0479,HAS_ALIAS
ingredient_0204,alias_0480,HAS_ALIAS
ingredient_0204,alias_0481,HAS_ALIAS
ingredient_0204,alias_0482,HAS_ALIAS
ingredient_0204,alias_0483,HAS_ALIAS
ingredient_0204,alias_0484,HAS_ALIAS
ingredient_0204,alias_0485,HAS_ALIAS
ingredient_0204,alias_0486,HAS_ALIAS
ingredient_0204,alias_0450,HAS_ALIAS
ingredient_0204,alias_0451,HAS_ALIAS
ingredient_0204,alias_0487,HAS_ALIAS
ingredient_0204,alias_0488,HAS_ALIAS
ingredient_0204,alias_0489,HAS_ALIAS
ingredient_0204,alias_0490,HAS_ALIAS
ingredient_0204,alias_0491,HAS_ALIAS
ingredient_0204,alias_0492,HAS_ALIAS
ingredient_0204,alias_0493,HAS_ALIAS
ingredient_0204,alias_0494,HAS_ALIAS
ingredient_0204,alias_0495,HAS_ALIAS
ingredient_0204,alias_0496,HAS_ALIAS
ingredient_0204,alias_0497,HAS_ALIAS
ingredient_0204,alias_0498,HAS_ALIAS
ingredient_0204,alias_0499,HAS_ALIAS
ingredient_0205,alias_0212,HAS_ALIAS
ingredient_0205,alias_0213,HAS_ALIAS
ingredient_0205,alias_0500,HAS_ALIAS
ingredient_0205,alias_0214,HAS_ALIAS
ingredient_0205,alias_0215,HAS_ALIAS
ingredient_0205,alias_0501,HAS_ALIAS
ingredient_0205,alias_0216,HAS_ALIAS
ingredient_0205,alias_0502,HAS_ALIAS
ingredient_0205,alias_0217,HAS_ALIAS
ingredient_0205,alias_0218,HAS_ALIAS
ingredient_0205,alias_0219,HAS_ALIAS
ingredient_0205,alias_0503,HAS_ALIAS
ingredient_0205,alias_0504,HAS_ALIAS
ingredient_0205,alias_0220,HAS_ALIAS
ingredient_0205,alias_0222,HAS_ALIAS
ingredient_0205,alias_0223,HAS_ALIAS
ingredient_0205,alias_0224,HAS_ALIAS
ingredient_0206,alias_0505,HAS_ALIAS
ingredient_0206,alias_0506,HAS_ALIAS
ingredient_0206,alias_0507,HAS_ALIAS
ingredient_0206,alias_0508,HAS_ALIAS
ingredient_0206,alias_0509,HAS_ALIAS
ingredient_0206,alias_0510,HAS_ALIAS
ingredient_0207,alias_0511,HAS_ALIAS
ingredient_0208,alias_0512,HAS_ALIAS
ingredient_0209,alias_0513,HAS_ALIAS
ingredient_0210,alias_0514,HAS_ALIAS
ingredient_0211,alias_0515,HAS_ALIAS
ingredient_0212,alias_0516,HAS_ALIAS
ingredient_0213,alias_0517,HAS_ALIAS
ingredient_0213,alias_0518,HAS_ALIAS
ingredient_0213,alias_0519,HAS_ALIAS
ingredient_0214,alias_0520,HAS_ALIAS
ingredient_0214,alias_0521,HAS_ALIAS
ingredient_0214,alias_0522,HAS_ALIAS
ingredient_0214,alias_0523,HAS_ALIAS
ingredient_0214,alias_0524,HAS_ALIAS
ingredient_0214,alias_0525,HAS_ALIAS
ingredient_0214,alias_0526,HAS_ALIAS
ingredient_0214,alias_0527,HAS_ALIAS
ingredient_0214,alias_0528,HAS_ALIAS
ingredient_0215,alias_0529,HAS_ALIAS
ingredient_0215,alias_0530,HAS_ALIAS
ingredient_0215,alias_0280,HAS_ALIAS
ingredient_0215,alias_0281,HAS_ALIAS
ingredient_0216,alias_0531,HAS_ALIAS
ingredient_0217,alias_0532,HAS_ALIAS
ingredient_0217,alias_0533,HAS_ALIAS
ingredient_0217,alias_0534,HAS_ALIAS
ingredient_0218,alias_0535,HAS_ALIAS
ingredient_0218,alias_0536,HAS_ALIAS
ingredient_0219,alias_0537,HAS_ALIAS
ingredient_0219,alias_0538,HAS_ALIAS
ingredient_0222,alias_0539,HAS_ALIAS
ingredient_0222,alias_0540,HAS_ALIAS
ingredient_0222,alias_0541,HAS_ALIAS
ingredient_0223,alias_0542,HAS_ALIAS
ingredient_0223,alias_0543,HAS_ALIAS
ingredient_0223,alias_0544,HAS_ALIAS
ingredient_0223,alias_0545,HAS_ALIAS
ingredient_0223,alias_0546,HAS_ALIAS
ingredient_0224,alias_0547,HAS_ALIAS
ingredient_0224,alias_0548,HAS_ALIAS
ingredient_0225,alias_0549,HAS_ALIAS
ingredient_0225,alias_0550,HAS_ALIAS
ingredient_0225,alias_0551,HAS_ALIAS
ingredient_0226,alias_0552,HAS_ALIAS
ingredient_0227,alias_0553,HAS_ALIAS
ingredient_0227,alias_0554,HAS_ALIAS
ingredient_0227,alias_0555,HAS_ALIAS
ingredient_0227,alias_0556,HAS_ALIAS
ingredient_0227,alias_0557,HAS_ALIAS
ingredient_0228,alias_0026,HAS_ALIAS
ingredient_0228,alias_0558,HAS_ALIAS
ingredient_0228,alias_0559,HAS_ALIAS
ingredient_0228,alias_0028,HAS_ALIAS
ingredient_0228,alias_0029,HAS_ALIAS
ingredient_0229,alias_0560,HAS_ALIAS
ingredient_0229,alias_0561,HAS_ALIAS
ingredient_0230,alias_0562,HAS_ALIAS
ingredient_0230,alias_0563,HAS_ALIAS
ingredient_0230,alias_0564,HAS_ALIAS
ingredient_0230,alias_0565,HAS_ALIAS
ingredient_0231,alias_0566,HAS_ALIAS
ingredient_0231,alias_0567,HAS_ALIAS
ingredient_0231,alias_0568,HAS_ALIAS
ingredient_0232,alias_0569,HAS_ALIAS
ingredient_0232,alias_0570,HAS_ALIAS
ingredient_0233,alias_0571,HAS_ALIAS
ingredient_0233,alias_0572,HAS_ALIAS
ingredient_0233,alias_0573,HAS_ALIAS
ingredient_0234,alias_0024,HAS_ALIAS
ingredient_0234,alias_0574,HAS_ALIAS
ingredient_0234,alias_0575,HAS_ALIAS
ingredient_0235,alias_0444,HAS_ALIAS
ingredient_0235,alias_0576,HAS_ALIAS
ingredient_0235,alias_0577,HAS_ALIAS
ingredient_0235,alias_0446,HAS_ALIAS
ingredient_0236,alias_0578,HAS_ALIAS
ingredient_0236,alias_0579,HAS_ALIAS
ingredient_0237,alias_0580,HAS_ALIAS
ingredient_0237,alias_0581,HAS_ALIAS
ingredient_0237,alias_0582,HAS_ALIAS
ingredient_0237,alias_0583,HAS_ALIAS
ingredient_0238,alias_0584,HAS_ALIAS
ingredient_0239,alias_0585,HAS_ALIAS
ingredient_0239,alias_0586,HAS_ALIAS
ingredient_0240,alias_0587,HAS_ALIAS
ingredient_0241,alias_0588,HAS_ALIAS
ingredient_0241,alias_0589,HAS_ALIAS
ingredient_0242,alias_0590,HAS_ALIAS
ingredient_0242,alias_0591,HAS_ALIAS
ingredient_0242,alias_0592,HAS_ALIAS
ingredient_0242,alias_0593,HAS_ALIAS
ingredient_0242,alias_0594,HAS_ALIAS
ingredient_0242,alias_0595,HAS_ALIAS
ingredient_0243,alias_0596,HAS_ALIAS
ingredient_0243,alias_0597,HAS_ALIAS
ingredient_0244,alias_0026,HAS_ALIAS
ingredient_0244,alias_0028,HAS_ALIAS
ingredient_0244,alias_0029,HAS_ALIAS
ingredient_0244,alias_0598,HAS_ALIAS
ingredient_0245,alias_0599,HAS_ALIAS
ingredient_0245,alias_0600,HAS_ALIAS
ingredient_0245,alias_0601,HAS_ALIAS
ingredient_0246,alias_0602,HAS_ALIAS
ingredient_0247,alias_0603,HAS_ALIAS
ingredient_0247,alias_0604,HAS_ALIAS
ingredient_0247,alias_0605,HAS_ALIAS
ingredient_0247,alias_0606,HAS_ALIAS
ingredient_0247,alias_0607,HAS_ALIAS
ingredient_0247,alias_0608,HAS_ALIAS
ingredient_0247,alias_0609,HAS_ALIAS
ingredient_0247,alias_0610,HAS_ALIAS
ingredient_0247,alias_0611,HAS_ALIAS
ingredient_0249,alias_0612,HAS_ALIAS
ingredient_0250,alias_0613,HAS_ALIAS
ingredient_0251,alias_0614,HAS_ALIAS
ingredient_0252,alias_0615,HAS_ALIAS
ingredient_0252,alias_0616,HAS_ALIAS
ingredient_0253,alias_0212,HAS_ALIAS
ingredient_0253,alias_0213,HAS_ALIAS
ingredient_0253,alias_0214,HAS_ALIAS
ingredient_0253,alias_0215,HAS_ALIAS
ingredient_0253,alias_0216,HAS_ALIAS
ingredient_0253,alias_0217,HAS_ALIAS
ingredient_0253,alias_0218,HAS_ALIAS
ingredient_0253,alias_0219,HAS_ALIAS
ingredient_0253,alias_0220,HAS_ALIAS
ingredient_0253,alias_0222,HAS_ALIAS
ingredient_0253,alias_0223,HAS_ALIAS
ingredient_0253,alias_0617,HAS_ALIAS
ingredient_0253,alias_0224,HAS_ALIAS
ingredient_0255,alias_0618,HAS_ALIAS
ingredient_0256,alias_0619,HAS_ALIAS
ingredient_0256,alias_0620,HAS_ALIAS
ingredient_0256,alias_0621,HAS_ALIAS
ingredient_0256,alias_0622,HAS_ALIAS
ingredient_0256,alias_0623,HAS_ALIAS
ingredient_0256,alias_0624,HAS_ALIAS
ingredient_0256,alias_0625,HAS_ALIAS
ingredient_0257,alias_0626,HAS_ALIAS
ingredient_0257,alias_0627,HAS_ALIAS
ingredient_0257,alias_0628,HAS_ALIAS
ingredient_0257,alias_0629,HAS_ALIAS
ingredient_0257,alias_0630,HAS_ALIAS
ingredient_0257,alias_0631,HAS_ALIAS
ingredient_0257,alias_0632,HAS_ALIAS
ingredient_0258,alias_0633,HAS_ALIAS
ingredient_0258,alias_0634,HAS_ALIAS
ingredient_0258,alias_0635,HAS_ALIAS
ingredient_0258,alias_0636,HAS_ALIAS
ingredient_0259,alias_0585,HAS_ALIAS
ingredient_0259,alias_0637,HAS_ALIAS
ingredient_0259,alias_0638,HAS_ALIAS
ingredient_0260,alias_0639,HAS_ALIAS
ingredient_0260,alias_0640,HAS_ALIAS
ingredient_0261,alias_0641,HAS_ALIAS
ingredient_0262,alias_0642,HAS_ALIAS
ingredient_0263,alias_0643,HAS_ALIAS
ingredient_0263,alias_0644,HAS_ALIAS
ingredient_0263,alias_0642,HAS_ALIAS
ingredient_0263,alias_0645,HAS_ALIAS
ingredient_0263,alias_0646,HAS_ALIAS
ingredient_0264,alias_0647,HAS_ALIAS
ingredient_0265,alias_0648,HAS_ALIAS
ingredient_0266,alias_0649,HAS_ALIAS
ingredient_0267,alias_0650,HAS_ALIAS
ingredient_0268,alias_0651,HAS_ALIAS
ingredient_0269,alias_0652,HAS_ALIAS
ingredient_0270,alias_0653,HAS_ALIAS
ingredient_0271,alias_0654,HAS_ALIAS
ingredient_0272,alias_0655,HAS_ALIAS
ingredient_0272,alias_0656,HAS_ALIAS
ingredient_0273,alias_0657,HAS_ALIAS
ingredient_0274,alias_0658,HAS_ALIAS
ingredient_0274,alias_0659,HAS_ALIAS
ingredient_0275,alias_0660,HAS_ALIAS
ingredient_0276,alias_0661,HAS_ALIAS
ingredient_0277,alias_0662,HAS_ALIAS
ingredient_0278,alias_0663,HAS_ALIAS
ingredient_0279,alias_0664,HAS_ALIAS
ingredient_0279,alias_0665,HAS_ALIAS
ingredient_0279,alias_0666,HAS_ALIAS
ingredient_0279,alias_0667,HAS_ALIAS
ingredient_0280,alias_0668,HAS_ALIAS
ingredient_0281,alias_0669,HAS_ALIAS
ingredient_0282,alias_0670,HAS_ALIAS
ingredient_0283,alias_0671,HAS_ALIAS
ingredient_0284,alias_0672,HAS_ALIAS
ingredient_0285,alias_0673,HAS_ALIAS
ingredient_0286,alias_0674,HAS_ALIAS
ingredient_0287,alias_0675,HAS_ALIAS
ingredient_0288,alias_0676,HAS_ALIAS
ingredient_0289,alias_0677,HAS_ALIAS
ingredient_0290,alias_0678,HAS_ALIAS
ingredient_0291,alias_0679,HAS_ALIAS
ingredient_0292,alias_0680,HAS_ALIAS
ingredient_0292,alias_0681,HAS_ALIAS
ingredient_0292,alias_0682,HAS_ALIAS
ingredient_0292,alias_0683,HAS_ALIAS
ingredient_0292,alias_0684,HAS_ALIAS
ingredient_0293,alias_0685,HAS_ALIAS
ingredient_0294,alias_0686,HAS_ALIAS
ingredient_0295,alias_0687,HAS_ALIAS
ingredient_0296,alias_0688,HAS_ALIAS
ingredient_0297,alias_0689,HAS_ALIAS
ingredient_0297,alias_0690,HAS_ALIAS
ingredient_0297,alias_0691,HAS_ALIAS
ingredient_0298,alias_0692,HAS_ALIAS
ingredient_0299,alias_0693,HAS_ALIAS
ingredient_0299,alias_0694,HAS_ALIAS
ingredient_0299,alias_0695,HAS_ALIAS
ingredient_0300,alias_0696,HAS_ALIAS
ingredient_0300,alias_0697,HAS_ALIAS
ingredient_0300,alias_0698,HAS_ALIAS
ingredient_0300,alias_0699,HAS_ALIAS
ingredient_0301,alias_0700,HAS_ALIAS
ingredient_0302,alias_0701,HAS_ALIAS
ingredient_0302,alias_0702,HAS_ALIAS
ingredient_0303,alias_0703,HAS_ALIAS
ingredient_0304,alias_0704,HAS_ALIAS
ingredient_0304,alias_0705,HAS_ALIAS
ingredient_0305,alias_0706,HAS_ALIAS
ingredient_0305,alias_0707,HAS_ALIAS
ingredient_0306,alias_0708,HAS_ALIAS
ingredient_0306,alias_0709,HAS_ALIAS
ingredient_0306,alias_0710,HAS_ALIAS
ingredient_0306,alias_0711,HAS_ALIAS
ingredient_0306,alias_0712,HAS_ALIAS
ingredient_0306,alias_0713,HAS_ALIAS
ingredient_0306,alias_0714,HAS_ALIAS
ingredient_0306,alias_0715,HAS_ALIAS
ingredient_0306,alias_0716,HAS_ALIAS
ingredient_0306,alias_0717,HAS_ALIAS
ingredient_0307,alias_0718,HAS_ALIAS
ingredient_0307,alias_0719,HAS_ALIAS
ingredient_0307,alias_0720,HAS_ALIAS
ingredient_0308,alias_0721,HAS_ALIAS
ingredient_0308,alias_0722,HAS_ALIAS
ingredient_0308,alias_0723,HAS_ALIAS
ingredient_0308,alias_0724,HAS_ALIAS
ingredient_0308,alias_0725,HAS_ALIAS
ingredient_0309,alias_0726,HAS_ALIAS
ingredient_0309,alias_0727,HAS_ALIAS
ingredient_0309,alias_0728,HAS_ALIAS
ingredient_0310,alias_0729,HAS_ALIAS
ingredient_0311,alias_0730,HAS_ALIAS
ingredient_0311,alias_0731,HAS_ALIAS
ingredient_0311,alias_0732,HAS_ALIAS
ingredient_0311,alias_0733,HAS_ALIAS
ingredient_0311,alias_0734,HAS_ALIAS
ingredient_0312,alias_0735,HAS_ALIAS
ingredient_0312,alias_0736,HAS_ALIAS
ingredient_0312,alias_0737,HAS_ALIAS
ingredient_0313,alias_0738,HAS_ALIAS
ingredient_0313,alias_0739,HAS_ALIAS
ingredient_0313,alias_0740,HAS_ALIAS
ingredient_0314,alias_0741,HAS_ALIAS
ingredient_0314,alias_0742,HAS_ALIAS
ingredient_0314,alias_0743,HAS_ALIAS
ingredient_0314,alias_0655,HAS_ALIAS
ingredient_0314,alias_0744,HAS_ALIAS
ingredient_0314,alias_0745,HAS_ALIAS
ingredient_0314,alias_0746,HAS_ALIAS
ingredient_0314,alias_0747,HAS_ALIAS
ingredient_0314,alias_0721,HAS_ALIAS
ingredient_0314,alias_0748,HAS_ALIAS
ingredient_0314,alias_0749,HAS_ALIAS
ingredient_0314,alias_0750,HAS_ALIAS
ingredient_0314,alias_0751,HAS_ALIAS
ingredient_0314,alias_0752,HAS_ALIAS
ingredient_0314,alias_0753,HAS_ALIAS
ingredient_0314,alias_0754,HAS_ALIAS
ingredient_0314,alias_0723,HAS_ALIAS
ingredient_0314,alias_0724,HAS_ALIAS
ingredient_0314,alias_0755,HAS_ALIAS
ingredient_0315,alias_0756,HAS_ALIAS
ingredient_0316,alias_0757,HAS_ALIAS
ingredient_0317,alias_0758,HAS_ALIAS
ingredient_0318,alias_0759,HAS_ALIAS
ingredient_0319,alias_0760,HAS_ALIAS
ingredient_0320,alias_0707,HAS_ALIAS
ingredient_0321,alias_0761,HAS_ALIAS
ingredient_0322,alias_0762,HAS_ALIAS
ingredient_0322,alias_0763,HAS_ALIAS
ingredient_0323,alias_0764,HAS_ALIAS
ingredient_0323,alias_0765,HAS_ALIAS
ingredient_0324,alias_0766,HAS_ALIAS
ingredient_0325,alias_0767,HAS_ALIAS
ingredient_0326,alias_0768,HAS_ALIAS
ingredient_0327,alias_0769,HAS_ALIAS
ingredient_0328,alias_0770,HAS_ALIAS
ingredient_0328,alias_0771,HAS_ALIAS
ingredient_0329,alias_0768,HAS_ALIAS
ingredient_0329,alias_0772,HAS_ALIAS
ingredient_0329,alias_0773,HAS_ALIAS
ingredient_0330,alias_0774,HAS_ALIAS
ingredient_0331,alias_0775,HAS_ALIAS
ingredient_0332,alias_0776,HAS_ALIAS
ingredient_0333,alias_0777,HAS_ALIAS
ingredient_0333,alias_0778,HAS_ALIAS
ingredient_0334,alias_0779,HAS_ALIAS
ingredient_0335,alias_0780,HAS_ALIAS
ingredient_0335,alias_0781,HAS_ALIAS
ingredient_0335,alias_0782,HAS_ALIAS
ingredient_0336,alias_0783,HAS_ALIAS
ingredient_0336,alias_0784,HAS_ALIAS
ingredient_0336,alias_0779,HAS_ALIAS
ingredient_0336,alias_0785,HAS_ALIAS
ingredient_0336,alias_0786,HAS_ALIAS
ingredient_0336,alias_0787,HAS_ALIAS
ingredient_0336,alias_0788,HAS_ALIAS
ingredient_0336,alias_0789,HAS_ALIAS
ingredient_0336,alias_0790,HAS_ALIAS
ingredient_0336,alias_0791,HAS_ALIAS
ingredient_0337,alias_0792,HAS_ALIAS
ingredient_0338,alias_0778,HAS_ALIAS
ingredient_0339,alias_0793,HAS_ALIAS
ingredient_0339,alias_0794,HAS_ALIAS
ingredient_0339,alias_0795,HAS_ALIAS
ingredient_0339,alias_0796,HAS_ALIAS
ingredient_0339,alias_0797,HAS_ALIAS
ingredient_0339,alias_0798,HAS_ALIAS
ingredient_0340,alias_0799,HAS_ALIAS
ingredient_0340,alias_0800,HAS_ALIAS
ingredient_0340,alias_0801,HAS_ALIAS
ingredient_0340,alias_0802,HAS_ALIAS
ingredient_0340,alias_0803,HAS_ALIAS
ingredient_0340,alias_0804,HAS_ALIAS
ingredient_0340,alias_0805,HAS_ALIAS
ingredient_0340,alias_0806,HAS_ALIAS
ingredient_0340,alias_0807,HAS_ALIAS
ingredient_0340,alias_0808,HAS_ALIAS
ingredient_0340,alias_0809,HAS_ALIAS
ingredient_0340,alias_0810,HAS_ALIAS
ingredient_0340,alias_0811,HAS_ALIAS
ingredient_0340,alias_0812,HAS_ALIAS
ingredient_0340,alias_0813,HAS_ALIAS
ingredient_0340,alias_0814,HAS_ALIAS
ingredient_0340,alias_0815,HAS_ALIAS
ingredient_0340,alias_0816,HAS_ALIAS
ingredient_0340,alias_0817,HAS_ALIAS
ingredient_0340,alias_0818,HAS_ALIAS
ingredient_0341,alias_0819,HAS_ALIAS
ingredient_0341,alias_0820,HAS_ALIAS
ingredient_0341,alias_0821,HAS_ALIAS
ingredient_0342,alias_0799,HAS_ALIAS
ingredient_0342,alias_0800,HAS_ALIAS
ingredient_0342,alias_0801,HAS_ALIAS
ingredient_0342,alias_0802,HAS_ALIAS
ingredient_0342,alias_0803,HAS_ALIAS
ingredient_0342,alias_0804,HAS_ALIAS
ingredient_0342,alias_0806,HAS_ALIAS
ingredient_0342,alias_0808,HAS_ALIAS
ingredient_0342,alias_0809,HAS_ALIAS
ingredient_0342,alias_0810,HAS_ALIAS
ingredient_0342,alias_0822,HAS_ALIAS
ingredient_0342,alias_0816,HAS_ALIAS
ingredient_0342,alias_0817,HAS_ALIAS
ingredient_0343,alias_0799,HAS_ALIAS
ingredient_0343,alias_0800,HAS_ALIAS
ingredient_0343,alias_0801,HAS_ALIAS
ingredient_0343,alias_0802,HAS_ALIAS
ingredient_0343,alias_0803,HAS_ALIAS
ingredient_0343,alias_0804,HAS_ALIAS
ingredient_0343,alias_0806,HAS_ALIAS
ingredient_0343,alias_0808,HAS_ALIAS
ingredient_0343,alias_0809,HAS_ALIAS
ingredient_0343,alias_0810,HAS_ALIAS
ingredient_0343,alias_0823,HAS_ALIAS
ingredient_0343,alias_0816,HAS_ALIAS
ingredient_0343,alias_0817,HAS_ALIAS
ingredient_0344,alias_0799,HAS_ALIAS
ingredient_0344,alias_0800,HAS_ALIAS
ingredient_0344,alias_0801,HAS_ALIAS
ingredient_0344,alias_0802,HAS_ALIAS
ingredient_0344,alias_0803,HAS_ALIAS
ingredient_0344,alias_0804,HAS_ALIAS
ingredient_0344,alias_0806,HAS_ALIAS
ingredient_0344,alias_0808,HAS_ALIAS
ingredient_0344,alias_0809,HAS_ALIAS
ingredient_0344,alias_0810,HAS_ALIAS
ingredient_0344,alias_0816,HAS_ALIAS
ingredient_0344,alias_0824,HAS_ALIAS
ingredient_0344,alias_0817,HAS_ALIAS
ingredient_0345,alias_0799,HAS_ALIAS
ingredient_0345,alias_0800,HAS_ALIAS
ingredient_0345,alias_0801,HAS_ALIAS
ingredient_0345,alias_0802,HAS_ALIAS
ingredient_0345,alias_0803,HAS_ALIAS
ingredient_0345,alias_0804,HAS_ALIAS
ingredient_0345,alias_0806,HAS_ALIAS
ingredient_0345,alias_0808,HAS_ALIAS
ingredient_0345,alias_0809,HAS_ALIAS
ingredient_0345,alias_0810,HAS_ALIAS
ingredient_0345,alias_0816,HAS_ALIAS
ingredient_0345,alias_0825,HAS_ALIAS
ingredient_0345,alias_0826,HAS_ALIAS
ingredient_0345,alias_0817,HAS_ALIAS
ingredient_0346,alias_0799,HAS_ALIAS
ingredient_0346,alias_0800,HAS_ALIAS
ingredient_0346,alias_0801,HAS_ALIAS
ingredient_0346,alias_0802,HAS_ALIAS
ingredient_0346,alias_0803,HAS_ALIAS
ingredient_0346,alias_0804,HAS_ALIAS
ingredient_0346,alias_0806,HAS_ALIAS
ingredient_0346,alias_0808,HAS_ALIAS
ingredient_0346,alias_0809,HAS_ALIAS
ingredient_0346,alias_0810,HAS_ALIAS
ingredient_0346,alias_0816,HAS_ALIAS
ingredient_0346,alias_0817,HAS_ALIAS
ingredient_0346,alias_0827,HAS_ALIAS
ingredient_0347,alias_0828,HAS_ALIAS
ingredient_0347,alias_0829,HAS_ALIAS
ingredient_0347,alias_0830,HAS_ALIAS
ingredient_0347,alias_0831,HAS_ALIAS
ingredient_0347,alias_0832,HAS_ALIAS
ingredient_0347,alias_0833,HAS_ALIAS
ingredient_0347,alias_0834,HAS_ALIAS
ingredient_0348,alias_0835,HAS_ALIAS
ingredient_0348,alias_0836,HAS_ALIAS
ingredient_0349,alias_0836,HAS_ALIAS
ingredient_0350,alias_0836,HAS_ALIAS
ingredient_0350,alias_0837,HAS_ALIAS
ingredient_0350,alias_0838,HAS_ALIAS
ingredient_0351,alias_0836,HAS_ALIAS
ingredient_0351,alias_0839,HAS_ALIAS
ingredient_0351,alias_0840,HAS_ALIAS
ingredient_0352,alias_0841,HAS_ALIAS
ingredient_0352,alias_0836,HAS_ALIAS
ingredient_0352,alias_0842,HAS_ALIAS
ingredient_0352,alias_0843,HAS_ALIAS
ingredient_0352,alias_0844,HAS_ALIAS
ingredient_0353,alias_0836,HAS_ALIAS
ingredient_0353,alias_0845,HAS_ALIAS
ingredient_0353,alias_0846,HAS_ALIAS
ingredient_0354,alias_0847,HAS_ALIAS
ingredient_0354,alias_0848,HAS_ALIAS
ingredient_0354,alias_0849,HAS_ALIAS
ingredient_0354,alias_0850,HAS_ALIAS
ingredient_0354,alias_0851,HAS_ALIAS
ingredient_0354,alias_0852,HAS_ALIAS
ingredient_0354,alias_0853,HAS_ALIAS
ingredient_0354,alias_0854,HAS_ALIAS
ingredient_0354,alias_0855,HAS_ALIAS
ingredient_0354,alias_0856,HAS_ALIAS
ingredient_0354,alias_0857,HAS_ALIAS
ingredient_0355,alias_0106,HAS_ALIAS
ingredient_0355,alias_0107,HAS_ALIAS
ingredient_0355,alias_0108,HAS_ALIAS
ingredient_0355,alias_0858,HAS_ALIAS
ingredient_0355,alias_0110,HAS_ALIAS
ingredient_0355,alias_0111,HAS_ALIAS
ingredient_0355,alias_0112,HAS_ALIAS
ingredient_0355,alias_0113,HAS_ALIAS
ingredient_0355,alias_0114,HAS_ALIAS
ingredient_0355,alias_0859,HAS_ALIAS
ingredient_0355,alias_0860,HAS_ALIAS
ingredient_0356,alias_0106,HAS_ALIAS
ingredient_0356,alias_0107,HAS_ALIAS
ingredient_0356,alias_0108,HAS_ALIAS
ingredient_0356,alias_0861,HAS_ALIAS
ingredient_0356,alias_0862,HAS_ALIAS
ingredient_0356,alias_0110,HAS_ALIAS
ingredient_0356,alias_0111,HAS_ALIAS
ingredient_0356,alias_0112,HAS_ALIAS
ingredient_0356,alias_0113,HAS_ALIAS
ingredient_0356,alias_0114,HAS_ALIAS
ingredient_0357,alias_0106,HAS_ALIAS
ingredient_0357,alias_0107,HAS_ALIAS
ingredient_0357,alias_0108,HAS_ALIAS
ingredient_0357,alias_0863,HAS_ALIAS
ingredient_0357,alias_0864,HAS_ALIAS
ingredient_0357,alias_0110,HAS_ALIAS
ingredient_0357,alias_0111,HAS_ALIAS
ingredient_0357,alias_0112,HAS_ALIAS
ingredient_0357,alias_0113,HAS_ALIAS
ingredient_0357,alias_0114,HAS_ALIAS
ingredient_0358,alias_0106,HAS_ALIAS
ingredient_0358,alias_0107,HAS_ALIAS
ingredient_0358,alias_0108,HAS_ALIAS
ingredient_0358,alias_0865,HAS_ALIAS
ingredient_0358,alias_0866,HAS_ALIAS
ingredient_0358,alias_0110,HAS_ALIAS
ingredient_0358,alias_0867,HAS_ALIAS
ingredient_0358,alias_0111,HAS_ALIAS
ingredient_0358,alias_0112,HAS_ALIAS
ingredient_0358,alias_0113,HAS_ALIAS
ingredient_0358,alias_0114,HAS_ALIAS
ingredient_0359,alias_0106,HAS_ALIAS
ingredient_0359,alias_0107,HAS_ALIAS
ingredient_0359,alias_0108,HAS_ALIAS
ingredient_0359,alias_0868,HAS_ALIAS
ingredient_0359,alias_0869,HAS_ALIAS
ingredient_0359,alias_0110,HAS_ALIAS
ingredient_0359,alias_0111,HAS_ALIAS
ingredient_0359,alias_0112,HAS_ALIAS
ingredient_0359,alias_0870,HAS_ALIAS
ingredient_0359,alias_0113,HAS_ALIAS
ingredient_0359,alias_0114,HAS_ALIAS
ingredient_0360,alias_0106,HAS_ALIAS
ingredient_0360,alias_0107,HAS_ALIAS
ingredient_0360,alias_0108,HAS_ALIAS
ingredient_0360,alias_0871,HAS_ALIAS
ingredient_0360,alias_0110,HAS_ALIAS
ingredient_0360,alias_0111,HAS_ALIAS
ingredient_0360,alias_0112,HAS_ALIAS
ingredient_0360,alias_0113,HAS_ALIAS
ingredient_0360,alias_0114,HAS_ALIAS
ingredient_0360,alias_0872,HAS_ALIAS
ingredient_0361,alias_0106,HAS_ALIAS
ingredient_0361,alias_0107,HAS_ALIAS
ingredient_0361,alias_0108,HAS_ALIAS
ingredient_0361,alias_0873,HAS_ALIAS
ingredient_0361,alias_0110,HAS_ALIAS
ingredient_0361,alias_0111,HAS_ALIAS
ingredient_0361,alias_0112,HAS_ALIAS
ingredient_0361,alias_0113,HAS_ALIAS
ingredient_0361,alias_0114,HAS_ALIAS
ingredient_0361,alias_0874,HAS_ALIAS
ingredient_0362,alias_0106,HAS_ALIAS
ingredient_0362,alias_0107,HAS_ALIAS
ingredient_0362,alias_0108,HAS_ALIAS
ingredient_0362,alias_0110,HAS_ALIAS
ingredient_0362,alias_0111,HAS_ALIAS
ingredient_0362,alias_0112,HAS_ALIAS
ingredient_0362,alias_0113,HAS_ALIAS
ingredient_0362,alias_0114,HAS_ALIAS
ingredient_0362,alias_0875,HAS_ALIAS
ingredient_0362,alias_0876,HAS_ALIAS
ingredient_0362,alias_0877,HAS_ALIAS
ingredient_0363,alias_0106,HAS_ALIAS
ingredient_0363,alias_0107,HAS_ALIAS
ingredient_0363,alias_0108,HAS_ALIAS
ingredient_0363,alias_0110,HAS_ALIAS
ingredient_0363,alias_0878,HAS_ALIAS
ingredient_0363,alias_0111,HAS_ALIAS
ingredient_0363,alias_0112,HAS_ALIAS
ingredient_0363,alias_0113,HAS_ALIAS
ingredient_0363,alias_0114,HAS_ALIAS
ingredient_0363,alias_0879,HAS_ALIAS
ingredient_0364,alias_0880,HAS_ALIAS
ingredient_0365,alias_0881,HAS_ALIAS
ingredient_0366,alias_0882,HAS_ALIAS
ingredient_0367,alias_0883,HAS_ALIAS
ingredient_0368,alias_0884,HAS_ALIAS
ingredient_0369,alias_0885,HAS_ALIAS
ingredient_0370,alias_0886,HAS_ALIAS
ingredient_0371,alias_0887,HAS_ALIAS
ingredient_0372,alias_0888,HAS_ALIAS
ingredient_0373,alias_0889,HAS_ALIAS
ingredient_0374,alias_0890,HAS_ALIAS
ingredient_0375,alias_0891,HAS_ALIAS
ingredient_0375,alias_0892,HAS_ALIAS
ingredient_0375,alias_0893,HAS_ALIAS
ingredient_0376,alias_0894,HAS_ALIAS
ingredient_0377,alias_0895,HAS_ALIAS
ingredient_0378,alias_0896,HAS_ALIAS
ingredient_0379,alias_0897,HAS_ALIAS
ingredient_0380,alias_0898,HAS_ALIAS
ingredient_0380,alias_0899,HAS_ALIAS
ingredient_0381,alias_0900,HAS_ALIAS
ingredient_0382,alias_0901,HAS_ALIAS
ingredient_0383,alias_0902,HAS_ALIAS
ingredient_0384,alias_0903,HAS_ALIAS
ingredient_0385,alias_0904,HAS_ALIAS
ingredient_0385,alias_0905,HAS_ALIAS
ingredient_0385,alias_0906,HAS_ALIAS
ingredient_0385,alias_0907,HAS_ALIAS
ingredient_0385,alias_0908,HAS_ALIAS
ingredient_0386,alias_0909,HAS_ALIAS
ingredient_0387,alias_0910,HAS_ALIAS
ingredient_0388,alias_0911,HAS_ALIAS
ingredient_0388,alias_0912,HAS_ALIAS
ingredient_0389,alias_0833,HAS_ALIAS
ingredient_0389,alias_0834,HAS_ALIAS
ingredient_0389,alias_0913,HAS_ALIAS
ingredient_0144,alias_0914,HAS_ALIAS
ingredient_0147,alias_0915,HAS_ALIAS
ingredient_0149,alias_0916,HAS_ALIAS
ingredient_0153,alias_0917,HAS_ALIAS
ingredient_0156,alias_0918,HAS_ALIAS
ingredient_0169,alias_0919,HAS_ALIAS
ingredient_0177,alias_0920,HAS_ALIAS
ingredient_0180,alias_0921,HAS_ALIAS
ingredient_0191,alias_0922,HAS_ALIAS
ingredient_0196,alias_0923,HAS_ALIAS
ingredient_0199,alias_0924,HAS_ALIAS
ingredient_0204,alias_0457,HAS_ALIAS
ingredient_0220,alias_0925,HAS_ALIAS
ingredient_0221,alias_0926,HAS_ALIAS
ingredient_0248,alias_0927,HAS_ALIAS
ingredient_0254,alias_0928,HAS_ALIAS
ingredient_0255,alias_0929,HAS_ALIAS
ingredient_0154,alias_0930,HAS_ALIAS
ingredient_0154,alias_0931,HAS_ALIAS
ingredient_0154,alias_0932,HAS_ALIAS
ingredient_0214,alias_0933,HAS_ALIAS
ingredient_0076,alias_0934,HAS_ALIAS
ingredient_0319,alias_0935,HAS_ALIAS
ingredient_0202,alias_0936,HAS_ALIAS
ingredient_0172,alias_0937,HAS_ALIAS
ingredient_0329,alias_0938,HAS_ALIAS
ingredient_0248,alias_0939,HAS_ALIAS
ingredient_0256,alias_0940,HAS_ALIAS
ingredient_0080,alias_0941,HAS_ALIAS
ingredient_0156,alias_0942,HAS_ALIAS
ingredient_0149,alias_0943,HAS_ALIAS
ingredient_0149,alias_0944,HAS_ALIAS
ingredient_0048,alias_0947,HAS_ALIAS
ingredient_0257,alias_0951,HAS_ALIAS
ingredient_0257,alias_0952,HAS_ALIAS
ingredient_0214,alias_0953,HAS_ALIAS
ingredient_0214,alias_0954,HAS_ALIAS
ingredient_0143,alias_0340,HAS_ALIAS
ingredient_0144,alias_0340,HAS_ALIAS
ingredient_0146,alias_0340,HAS_ALIAS
ingredient_0147,alias_0340,HAS_ALIAS
ingredient_0152,alias_0340,HAS_ALIAS
ingredient_0153,alias_0340,HAS_ALIAS
ingredient_0155,alias_0340,HAS_ALIAS
ingredient_0156,alias_0340,HAS_ALIAS
ingredient_0143,alias_0955,HAS_ALIAS
ingredient_0144,alias_0955,HAS_ALIAS
ingredient_0146,alias_0955,HAS_ALIAS
ingredient_0147,alias_0955,HAS_ALIAS
ingredient_0149,alias_0955,HAS_ALIAS
ingredient_0152,alias_0955,HAS_ALIAS
ingredient_0153,alias_0955,HAS_ALIAS
ingredient_0155,alias_0955,HAS_ALIAS
ingredient_0156,alias_0955,HAS_ALIAS
ingredient_0143,alias_0943,HAS_ALIAS
ingredient_0144,alias_0943,HAS_ALIAS
ingredient_0146,alias_0943,HAS_ALIAS
ingredient_0147,alias_0943,HAS_ALIAS
ingredient_0152,alias_0943,HAS_ALIAS
ingredient_0153,alias_0943,HAS_ALIAS
ingredient_0155,alias_0943,HAS_ALIAS
ingredient_0156,alias_0943,HAS_ALIAS
ingredient_0143,alias_0944,HAS_ALIAS
ingredient_0144,alias_0944,HAS_ALIAS
ingredient_0146,alias_0944,HAS_ALIAS
ingredient_0147,alias_0944,HAS_ALIAS
ingredient_0152,alias_0944,HAS_ALIAS
ingredient_0153,alias_0944,HAS_ALIAS
ingredient_0155,alias_0944,HAS_ALIAS
ingredient_0156,alias_0944,HAS_ALIAS
ingredient_0349,alias_0956,HAS_ALIAS
ingredient_0349,alias_0957,HAS_ALIAS
ingredient_0349,alias_0958,HAS_ALIAS
ingredient_0349,alias_0959,HAS_ALIAS
ingredient_0349,alias_0960,HAS_ALIAS
ingredient_0068,alias_0961,HAS_ALIAS
ingredient_0068,alias_0962,HAS_ALIAS
ingredient_0068,alias_0963,HAS_ALIAS
ingredient_0190,alias_0964,HAS_ALIAS
ingredient_0190,alias_0965,HAS_ALIAS
ingredient_0312,alias_0966,HAS_ALIAS
ingredient_0054,alias_0966,HAS_ALIAS
ingredient_0052,alias_0967,HAS_ALIAS
ingredient_0052,alias_0968,HAS_ALIAS
ingredient_0263,alias_0969,HAS_ALIAS
ingredient_0263,alias_0970,HAS_ALIAS
ingredient_0263,alias_0971,HAS_ALIAS
ingredient_0247,alias_0972,HAS_ALIAS
ingredient_0162,alias_0972,HAS_ALIAS
ingredient_0157,alias_0972,HAS_ALIAS
ingredient_0247,alias_0973,HAS_ALIAS
ingredient_0162,alias_0973,HAS_ALIAS
ingredient_0157,alias_0973,HAS_ALIAS
ingredient_0097,alias_0974,HAS_ALIAS
ingredient_0103,alias_0974,HAS_ALIAS
ingredient_0104,alias_0974,HAS_ALIAS
ingredient_0191,alias_0975,HAS_ALIAS
ingredient_0221,alias_0975,HAS_ALIAS
ingredient_0236,alias_0975,HAS_ALIAS
ingredient_0266,alias_0976,HAS_ALIAS
ingredient_0267,alias_0976,HAS_ALIAS
ingredient_0268,alias_0976,HAS_ALIAS
ingredient_0269,alias_0976,HAS_ALIAS
ingredient_0270,alias_0976,HAS_ALIAS
ingredient_0271,alias_0976,HAS_ALIAS
ingredient_0272,alias_0976,HAS_ALIAS
ingredient_0273,alias_0976,HAS_ALIAS
ingredient_0274,alias_0976,HAS_ALIAS
ingredient_0275,alias_0976,HAS_ALIAS
ingredient_0276,alias_0976,HAS_ALIAS
ingredient_0277,alias_0976,HAS_ALIAS
ingredient_0278,alias_0976,HAS_ALIAS
ingredient_0280,alias_0976,HAS_ALIAS
ingredient_0281,alias_0976,HAS_ALIAS
ingredient_0282,alias_0976,HAS_ALIAS
ingredient_0283,alias_0976,HAS_ALIAS
ingredient_0284,alias_0976,HAS_ALIAS
ingredient_0285,alias_0976,HAS_ALIAS
ingredient_0286,alias_0976,HAS_ALIAS
ingredient_0287,alias_0976,HAS_ALIAS
ingredient_0288,alias_0976,HAS_ALIAS
ingredient_0289,alias_0976,HAS_ALIAS
ingredient_0290,alias_0976,HAS_ALIAS
ingredient_0291,alias_0976,HAS_ALIAS
ingredient_0292,alias_0976,HAS_ALIAS
ingredient_0293,alias_0976,HAS_ALIAS
ingredient_0294,alias_0976,HAS_ALIAS
ingredient_0295,alias_0976,HAS_ALIAS
ingredient_0296,alias_0976,HAS_ALIAS
ingredient_0302,alias_0976,HAS_ALIAS
ingredient_0310,alias_0976,HAS_ALIAS
ingredient_0316,alias_0976,HAS_ALIAS
ingredient_0266,alias_0977,HAS_ALIAS
ingredient_0267,alias_0977,HAS_ALIAS
ingredient_0268,alias_0977,HAS_ALIAS
ingredient_0269,alias_0977,HAS_ALIAS
ingredient_0270,alias_0977,HAS_ALIAS
ingredient_0271,alias_0977,HAS_ALIAS
ingredient_0272,alias_0977,HAS_ALIAS
ingredient_0273,alias_0977,HAS_ALIAS
ingredient_0274,alias_0977,HAS_ALIAS
ingredient_0275,alias_0977,HAS_ALIAS
ingredient_0276,alias_0977,HAS_ALIAS
ingredient_0277,alias_0977,HAS_ALIAS
ingredient_0278,alias_0977,HAS_ALIAS
ingredient_0280,alias_0977,HAS_ALIAS
ingredient_0281,alias_0977,HAS_ALIAS
ingredient_0282,alias_0977,HAS_ALIAS
ingredient_0283,alias_0977,HAS_ALIAS
ingredient_0284,alias_0977,HAS_ALIAS
ingredient_0285,alias_0977,HAS_ALIAS
ingredient_0286,alias_0977,HAS_ALIAS
ingredient_0287,alias_0977,HAS_ALIAS
ingredient_0288,alias_0977,HAS_ALIAS
ingredient_0289,alias_0977,HAS_ALIAS
ingredient_0290,alias_0977,HAS_ALIAS
ingredient_0291,alias_0977,HAS_ALIAS
ingredient_0292,alias_0977,HAS_ALIAS
ingredient_0293,alias_0977,HAS_ALIAS
ingredient_0294,alias_0977,HAS_ALIAS
ingredient_0295,alias_0977,HAS_ALIAS
ingredient_0296,alias_0977,HAS_ALIAS
ingredient_0302,alias_0977,HAS_ALIAS
ingredient_0310,alias_0977,HAS_ALIAS
ingredient_0316,alias_0977,HAS_ALIAS
ingredient_0266,alias_0978,HAS_ALIAS
ingredient_0267,alias_0978,HAS_ALIAS
ingredient_0268,alias_0978,HAS_ALIAS
ingredient_0269,alias_0978,HAS_ALIAS
ingredient_0270,alias_0978,HAS_ALIAS
ingredient_0271,alias_0978,HAS_ALIAS
ingredient_0272,alias_0978,HAS_ALIAS
ingredient_0273,alias_0978,HAS_ALIAS
ingredient_0274,alias_0978,HAS_ALIAS
ingredient_0275,alias_0978,HAS_ALIAS
ingredient_0276,alias_0978,HAS_ALIAS
ingredient_0277,alias_0978,HAS_ALIAS
ingredient_0278,alias_0978,HAS_ALIAS
ingredient_0280,alias_0978,HAS_ALIAS
ingredient_0281,alias_0978,HAS_ALIAS
ingredient_0282,alias_0978,HAS_ALIAS
ingredient_0283,alias_0978,HAS_ALIAS
ingredient_0284,alias_0978,HAS_ALIAS
ingredient_0285,alias_0978,HAS_ALIAS
ingredient_0286,alias_0978,HAS_ALIAS
ingredient_0287,alias_0978,HAS_ALIAS
ingredient_0288,alias_0978,HAS_ALIAS
ingredient_0289,alias_0978,HAS_ALIAS
ingredient_0290,alias_0978,HAS_ALIAS
ingredient_0291,alias_0978,HAS_ALIAS
ingredient_0292,alias_0978,HAS_ALIAS
ingredient_0293,alias_0978,HAS_ALIAS
ingredient_0294,alias_0978,HAS_ALIAS
ingredient_0295,alias_0978,HAS_ALIAS
ingredient_0296,alias_0978,HAS_ALIAS
ingredient_0302,alias_0978,HAS_ALIAS
ingredient_0310,alias_0978,HAS_ALIAS
ingredient_0316,alias_0978,HAS_ALIAS
ingredient_0211,alias_0979,HAS_ALIAS
ingredient_0386,alias_0980,HAS_ALIAS
ingredient_0085,alias_0981,HAS_ALIAS
ingredient_0095,alias_0981,HAS_ALIAS
ingredient_0098,alias_0981,HAS_ALIAS
ingredient_0190,alias_0982,HAS_ALIAS
ingredient_0375,alias_0983,HAS_ALIAS
ingredient_0380,alias_0983,HAS_ALIAS
ingredient_0050,alias_0984,HAS_ALIAS
ingredient_0057,alias_0984,HAS_ALIAS
ingredient_0062,alias_0984,HAS_ALIAS
ingredient_0052,alias_0984,HAS_ALIAS
ingredient_0242,alias_0985,HAS_ALIAS
ingredient_0219,alias_0985,HAS_ALIAS
ingredient_0257,alias_0985,HAS_ALIAS
ingredient_0228,alias_0985,HAS_ALIAS
ingredient_0226,alias_0985,HAS_ALIAS
ingredient_0240,alias_0985,HAS_ALIAS
ingredient_0211,alias_0985,HAS_ALIAS
ingredient_0332,alias_0985,HAS_ALIAS
ingredient_0186,alias_0986,HAS_ALIAS
ingredient_0186,alias_0987,HAS_ALIAS
ingredient_0143,alias_0988,HAS_ALIAS
ingredient_0144,alias_0988,HAS_ALIAS
ingredient_0146,alias_0988,HAS_ALIAS
ingredient_0147,alias_0988,HAS_ALIAS
ingredient_0149,alias_0988,HAS_ALIAS
ingredient_0152,alias_0988,HAS_ALIAS
ingredient_0153,alias_0988,HAS_ALIAS
ingredient_0155,alias_0988,HAS_ALIAS
ingredient_0156,alias_0988,HAS_ALIAS
ingredient_0030,alias_0989,HAS_ALIAS
ingredient_0084,alias_0989,HAS_ALIAS
ingredient_0086,alias_0989,HAS_ALIAS
ingredient_0092,alias_0989,HAS_ALIAS
ingredient_0094,alias_0989,HAS_ALIAS
ingredient_0104,alias_0989,HAS_ALIAS
ingredient_0141,alias_0989,HAS_ALIAS
ingredient_0142,alias_0989,HAS_ALIAS
ingredient_0151,alias_0989,HAS_ALIAS
ingredient_0191,alias_0989,HAS_ALIAS
ingredient_0192,alias_0989,HAS_ALIAS
ingredient_0193,alias_0989,HAS_ALIAS
ingredient_0194,alias_0989,HAS_ALIAS
ingredient_0195,alias_0989,HAS_ALIAS
ingredient_0196,alias_0989,HAS_ALIAS
ingredient_0212,alias_0989,HAS_ALIAS
ingredient_0213,alias_0989,HAS_ALIAS
ingredient_0214,alias_0989,HAS_ALIAS
ingredient_0215,alias_0989,HAS_ALIAS
ingredient_0216,alias_0989,HAS_ALIAS
ingredient_0217,alias_0989,HAS_ALIAS
ingredient_0218,alias_0989,HAS_ALIAS
ingredient_0219,alias_0989,HAS_ALIAS
ingredient_0220,alias_0989,HAS_ALIAS
ingredient_0221,alias_0989,HAS_ALIAS
ingredient_0222,alias_0989,HAS_ALIAS
ingredient_0223,alias_0989,HAS_ALIAS
ingredient_0224,alias_0989,HAS_ALIAS
ingredient_0225,alias_0989,HAS_ALIAS
ingredient_0226,alias_0989,HAS_ALIAS
ingredient_0227,alias_0989,HAS_ALIAS
ingredient_0228,alias_0989,HAS_ALIAS
ingredient_0229,alias_0989,HAS_ALIAS
ingredient_0230,alias_0989,HAS_ALIAS
ingredient_0231,alias_0989,HAS_ALIAS
ingredient_0232,alias_0989,HAS_ALIAS
ingredient_0233,alias_0989,HAS_ALIAS
ingredient_0234,alias_0989,HAS_ALIAS
ingredient_0235,alias_0989,HAS_ALIAS
ingredient_0236,alias_0989,HAS_ALIAS
ingredient_0237,alias_0989,HAS_ALIAS
ingredient_0238,alias_0989,HAS_ALIAS
ingredient_0239,alias_0989,HAS_ALIAS
ingredient_0240,alias_0989,HAS_ALIAS
ingredient_0241,alias_0989,HAS_ALIAS
ingredient_0242,alias_0989,HAS_ALIAS
ingredient_0243,alias_0989,HAS_ALIAS
ingredient_0244,alias_0989,HAS_ALIAS
ingredient_0245,alias_0989,HAS_ALIAS
ingredient_0246,alias_0989,HAS_ALIAS
ingredient_0247,alias_0989,HAS_ALIAS
ingredient_0248,alias_0989,HAS_ALIAS
ingredient_0249,alias_0989,HAS_ALIAS
ingredient_0250,alias_0989,HAS_ALIAS
ingredient_0251,alias_0989,HAS_ALIAS
ingredient_0252,alias_0989,HAS_ALIAS
ingredient_0253,alias_0989,HAS_ALIAS
ingredient_0254,alias_0989,HAS_ALIAS
ingredient_0255,alias_0989,HAS_ALIAS
ingredient_0256,alias_0989,HAS_ALIAS
ingredient_0257,alias_0989,HAS_ALIAS
ingredient_0258,alias_0989,HAS_ALIAS
ingredient_0259,alias_0989,HAS_ALIAS
ingredient_0030,alias_0990,HAS_ALIAS
ingredient_0084,alias_0990,HAS_ALIAS
ingredient_0086,alias_0990,HAS_ALIAS
ingredient_0092,alias_0990,HAS_ALIAS
ingredient_0094,alias_0990,HAS_ALIAS
ingredient_0104,alias_0990,HAS_ALIAS
ingredient_0141,alias_0990,HAS_ALIAS
ingredient_0142,alias_0990,HAS_ALIAS
ingredient_0151,alias_0990,HAS_ALIAS
ingredient_0191,alias_0990,HAS_ALIAS
ingredient_0192,alias_0990,HAS_ALIAS
ingredient_0193,alias_0990,HAS_ALIAS
ingredient_0194,alias_0990,HAS_ALIAS
ingredient_0195,alias_0990,HAS_ALIAS
ingredient_0196,alias_0990,HAS_ALIAS
ingredient_0212,alias_0990,HAS_ALIAS
ingredient_0213,alias_0990,HAS_ALIAS
ingredient_0214,alias_0990,HAS_ALIAS
ingredient_0215,alias_0990,HAS_ALIAS
ingredient_0216,alias_0990,HAS_ALIAS
ingredient_0217,alias_0990,HAS_ALIAS
ingredient_0218,alias_0990,HAS_ALIAS
ingredient_0219,alias_0990,HAS_ALIAS
ingredient_0220,alias_0990,HAS_ALIAS
ingredient_0221,alias_0990,HAS_ALIAS
ingredient_0222,alias_0990,HAS_ALIAS
ingredient_0223,alias_0990,HAS_ALIAS
ingredient_0224,alias_0990,HAS_ALIAS
ingredient_0225,alias_0990,HAS_ALIAS
ingredient_0226,alias_0990,HAS_ALIAS
ingredient_0227,alias_0990,HAS_ALIAS
ingredient_0228,alias_0990,HAS_ALIAS
ingredient_0229,alias_0990,HAS_ALIAS
ingredient_0230,alias_0990,HAS_ALIAS
ingredient_0231,alias_0990,HAS_ALIAS
ingredient_0232,alias_0990,HAS_ALIAS
ingredient_0233,alias_0990,HAS_ALIAS
ingredient_0234,alias_0990,HAS_ALIAS
ingredient_0235,alias_0990,HAS_ALIAS
ingredient_0236,alias_0990,HAS_ALIAS
ingredient_0237,alias_0990,HAS_ALIAS
ingredient_0238,alias_0990,HAS_ALIAS
ingredient_0239,alias_0990,HAS_ALIAS
ingredient_0240,alias_0990,HAS_ALIAS
ingredient_0241,alias_0990,HAS_ALIAS
ingredient_0242,alias_0990,HAS_ALIAS
ingredient_0243,alias_0990,HAS_ALIAS
ingredient_0244,alias_0990,HAS_ALIAS
ingredient_0245,alias_0990,HAS_ALIAS
ingredient_0246,alias_0990,HAS_ALIAS
ingredient_0247,alias_0990,HAS_ALIAS
ingredient_0248,alias_0990,HAS_ALIAS
ingredient_0249,alias_0990,HAS_ALIAS
ingredient_0250,alias_0990,HAS_ALIAS
ingredient_0251,alias_0990,HAS_ALIAS
ingredient_0252,alias_0990,HAS_ALIAS
ingredient_0253,alias_0990,HAS_ALIAS
ingredient_0254,alias_0990,HAS_ALIAS
ingredient_0255,alias_0990,HAS_ALIAS
ingredient_0256,alias_0990,HAS_ALIAS
ingredient_0257,alias_0990,HAS_ALIAS
ingredient_0258,alias_0990,HAS_ALIAS
ingredient_0259,alias_0990,HAS_ALIAS
ingredient_0030,alias_0991,HAS_ALIAS
ingredient_0084,alias_0991,HAS_ALIAS
ingredient_0086,alias_0991,HAS_ALIAS
ingredient_0092,alias_0991,HAS_ALIAS
ingredient_0094,alias_0991,HAS_ALIAS
ingredient_0104,alias_0991,HAS_ALIAS
ingredient_0141,alias_0991,HAS_ALIAS
ingredient_0142,alias_0991,HAS_ALIAS
ingredient_0151,alias_0991,HAS_ALIAS
ingredient_0191,alias_0991,HAS_ALIAS
ingredient_0192,alias_0991,HAS_ALIAS
ingredient_0193,alias_0991,HAS_ALIAS
ingredient_0194,alias_0991,HAS_ALIAS
ingredient_0195,alias_0991,HAS_ALIAS
ingredient_0196,alias_0991,HAS_ALIAS
ingredient_0212,alias_0991,HAS_ALIAS
ingredient_0213,alias_0991,HAS_ALIAS
ingredient_0214,alias_0991,HAS_ALIAS
ingredient_0215,alias_0991,HAS_ALIAS
ingredient_0216,alias_0991,HAS_ALIAS
ingredient_0217,alias_0991,HAS_ALIAS
ingredient_0218,alias_0991,HAS_ALIAS
ingredient_0219,alias_0991,HAS_ALIAS
ingredient_0220,alias_0991,HAS_ALIAS
ingredient_0221,alias_0991,HAS_ALIAS
ingredient_0222,alias_0991,HAS_ALIAS
ingredient_0223,alias_0991,HAS_ALIAS
ingredient_0224,alias_0991,HAS_ALIAS
ingredient_0225,alias_0991,HAS_ALIAS
ingredient_0226,alias_0991,HAS_ALIAS
ingredient_0227,alias_0991,HAS_ALIAS
ingredient_0228,alias_0991,HAS_ALIAS
ingredient_0229,alias_0991,HAS_ALIAS
ingredient_0230,alias_0991,HAS_ALIAS
ingredient_0231,alias_0991,HAS_ALIAS
ingredient_0232,alias_0991,HAS_ALIAS
ingredient_0233,alias_0991,HAS_ALIAS
ingredient_0234,alias_0991,HAS_ALIAS
ingredient_0235,alias_0991,HAS_ALIAS
ingredient_0236,alias_0991,HAS_ALIAS
ingredient_0237,alias_0991,HAS_ALIAS
ingredient_0238,alias_0991,HAS_ALIAS
ingredient_0239,alias_0991,HAS_ALIAS
ingredient_0240,alias_0991,HAS_ALIAS
ingredient_0241,alias_0991,HAS_ALIAS
ingredient_0242,alias_0991,HAS_ALIAS
ingredient_0243,alias_0991,HAS_ALIAS
ingredient_0244,alias_0991,HAS_ALIAS
ingredient_0245,alias_0991,HAS_ALIAS
ingredient_0246,alias_0991,HAS_ALIAS
ingredient_0247,alias_0991,HAS_ALIAS
ingredient_0248,alias_0991,HAS_ALIAS
ingredient_0249,alias_0991,HAS_ALIAS
ingredient_0250,alias_0991,HAS_ALIAS
ingredient_0251,alias_0991,HAS_ALIAS
ingredient_0252,alias_0991,HAS_ALIAS
ingredient_0253,alias_0991,HAS_ALIAS
ingredient_0254,alias_0991,HAS_ALIAS
ingredient_0255,alias_0991,HAS_ALIAS
ingredient_0256,alias_0991,HAS_ALIAS
ingredient_0257,alias_0991,HAS_ALIAS
ingredient_0258,alias_0991,HAS_ALIAS
ingredient_0259,alias_0991,HAS_ALIAS
ingredient_0030,alias_0992,HAS_ALIAS
ingredient_0084,alias_0992,HAS_ALIAS
ingredient_0086,alias_0992,HAS_ALIAS
ingredient_0092,alias_0992,HAS_ALIAS
ingredient_0094,alias_0992,HAS_ALIAS
ingredient_0104,alias_0992,HAS_ALIAS
ingredient_0141,alias_0992,HAS_ALIAS
ingredient_0142,alias_0992,HAS_ALIAS
ingredient_0151,alias_0992,HAS_ALIAS
ingredient_0191,alias_0992,HAS_ALIAS
ingredient_0192,alias_0992,HAS_ALIAS
ingredient_0193,alias_0992,HAS_ALIAS
ingredient_0194,alias_0992,HAS_ALIAS
ingredient_0195,alias_0992,HAS_ALIAS
ingredient_0196,alias_0992,HAS_ALIAS
ingredient_0212,alias_0992,HAS_ALIAS
ingredient_0213,alias_0992,HAS_ALIAS
ingredient_0214,alias_0992,HAS_ALIAS
ingredient_0215,alias_0992,HAS_ALIAS
ingredient_0216,alias_0992,HAS_ALIAS
ingredient_0217,alias_0992,HAS_ALIAS
ingredient_0218,alias_0992,HAS_ALIAS
ingredient_0219,alias_0992,HAS_ALIAS
ingredient_0220,alias_0992,HAS_ALIAS
ingredient_0221,alias_0992,HAS_ALIAS
ingredient_0222,alias_0992,HAS_ALIAS
ingredient_0223,alias_0992,HAS_ALIAS
ingredient_0224,alias_0992,HAS_ALIAS
ingredient_0225,alias_0992,HAS_ALIAS
ingredient_0226,alias_0992,HAS_ALIAS
ingredient_0227,alias_0992,HAS_ALIAS
ingredient_0228,alias_0992,HAS_ALIAS
ingredient_0229,alias_0992,HAS_ALIAS
ingredient_0230,alias_0992,HAS_ALIAS
ingredient_0231,alias_0992,HAS_ALIAS
ingredient_0232,alias_0992,HAS_ALIAS
ingredient_0233,alias_0992,HAS_ALIAS
ingredient_0234,alias_0992,HAS_ALIAS
ingredient_0235,alias_0992,HAS_ALIAS
ingredient_0236,alias_0992,HAS_ALIAS
ingredient_0237,alias_0992,HAS_ALIAS
ingredient_0238,alias_0992,HAS_ALIAS
ingredient_0239,alias_0992,HAS_ALIAS
ingredient_0240,alias_0992,HAS_ALIAS
ingredient_0241,alias_0992,HAS_ALIAS
ingredient_0242,alias_0992,HAS_ALIAS
ingredient_0243,alias_0992,HAS_ALIAS
ingredient_0244,alias_0992,HAS_ALIAS
ingredient_0245,alias_0992,HAS_ALIAS
ingredient_0246,alias_0992,HAS_ALIAS
ingredient_0247,alias_0992,HAS_ALIAS
ingredient_0248,alias_0992,HAS_ALIAS
ingredient_0249,alias_0992,HAS_ALIAS
ingredient_0250,alias_0992,HAS_ALIAS
ingredient_0251,alias_0992,HAS_ALIAS
ingredient_0252,alias_0992,HAS_ALIAS
ingredient_0253,alias_0992,HAS_ALIAS
ingredient_0254,alias_0992,HAS_ALIAS
ingredient_0255,alias_0992,HAS_ALIAS
ingredient_0256,alias_0992,HAS_ALIAS
ingredient_0257,alias_0992,HAS_ALIAS
ingredient_0258,alias_0992,HAS_ALIAS
ingredient_0259,alias_0992,HAS_ALIAS
ingredient_0030,alias_0993,HAS_ALIAS
ingredient_0084,alias_0993,HAS_ALIAS
ingredient_0086,alias_0993,HAS_ALIAS
ingredient_0092,alias_0993,HAS_ALIAS
ingredient_0094,alias_0993,HAS_ALIAS
ingredient_0104,alias_0993,HAS_ALIAS
ingredient_0141,alias_0993,HAS_ALIAS
ingredient_0142,alias_0993,HAS_ALIAS
ingredient_0151,alias_0993,HAS_ALIAS
ingredient_0191,alias_0993,HAS_ALIAS
ingredient_0192,alias_0993,HAS_ALIAS
ingredient_0193,alias_0993,HAS_ALIAS
ingredient_0194,alias_0993,HAS_ALIAS
ingredient_0195,alias_0993,HAS_ALIAS
ingredient_0196,alias_0993,HAS_ALIAS
ingredient_0212,alias_0993,HAS_ALIAS
ingredient_0213,alias_0993,HAS_ALIAS
ingredient_0214,alias_0993,HAS_ALIAS
ingredient_0215,alias_0993,HAS_ALIAS
ingredient_0216,alias_0993,HAS_ALIAS
ingredient_0217,alias_0993,HAS_ALIAS
ingredient_0218,alias_0993,HAS_ALIAS
ingredient_0219,alias_0993,HAS_ALIAS
ingredient_0220,alias_0993,HAS_ALIAS
ingredient_0221,alias_0993,HAS_ALIAS
ingredient_0222,alias_0993,HAS_ALIAS
ingredient_0223,alias_0993,HAS_ALIAS
ingredient_0224,alias_0993,HAS_ALIAS
ingredient_0225,alias_0993,HAS_ALIAS
ingredient_0226,alias_0993,HAS_ALIAS
ingredient_0227,alias_0993,HAS_ALIAS
ingredient_0228,alias_0993,HAS_ALIAS
ingredient_0229,alias_0993,HAS_ALIAS
ingredient_0230,alias_0993,HAS_ALIAS
ingredient_0231,alias_0993,HAS_ALIAS
ingredient_0232,alias_0993,HAS_ALIAS
ingredient_0233,alias_0993,HAS_ALIAS
ingredient_0234,alias_0993,HAS_ALIAS
ingredient_0235,alias_0993,HAS_ALIAS
ingredient_0236,alias_0993,HAS_ALIAS
ingredient_0237,alias_0993,HAS_ALIAS
ingredient_0238,alias_0993,HAS_ALIAS
ingredient_0239,alias_0993,HAS_ALIAS
ingredient_0240,alias_0993,HAS_ALIAS
ingredient_0241,alias_0993,HAS_ALIAS
ingredient_0242,alias_0993,HAS_ALIAS
ingredient_0243,alias_0993,HAS_ALIAS
ingredient_0244,alias_0993,HAS_ALIAS
ingredient_0245,alias_0993,HAS_ALIAS
ingredient_0246,alias_0993,HAS_ALIAS
ingredient_0247,alias_0993,HAS_ALIAS
ingredient_0248,alias_0993,HAS_ALIAS
ingredient_0249,alias_0993,HAS_ALIAS
ingredient_0250,alias_0993,HAS_ALIAS
ingredient_0251,alias_0993,HAS_ALIAS
ingredient_0252,alias_0993,HAS_ALIAS
ingredient_0253,alias_0993,HAS_ALIAS
ingredient_0254,alias_0993,HAS_ALIAS
ingredient_0255,alias_0993,HAS_ALIAS
ingredient_0256,alias_0993,HAS_ALIAS
ingredient_0257,alias_0993,HAS_ALIAS
ingredient_0258,alias_0993,HAS_ALIAS
ingredient_0259,alias_0993,HAS_ALIAS
ingredient_0030,alias_0994,HAS_ALIAS
ingredient_0084,alias_0994,HAS_ALIAS
ingredient_0086,alias_0994,HAS_ALIAS
ingredient_0092,alias_0994,HAS_ALIAS
ingredient_0094,alias_0994,HAS_ALIAS
ingredient_0104,alias_0994,HAS_ALIAS
ingredient_0141,alias_0994,HAS_ALIAS
ingredient_0142,alias_0994,HAS_ALIAS
ingredient_0151,alias_0994,HAS_ALIAS
ingredient_0191,alias_0994,HAS_ALIAS
ingredient_0192,alias_0994,HAS_ALIAS
ingredient_0193,alias_0994,HAS_ALIAS
ingredient_0194,alias_0994,HAS_ALIAS
ingredient_0195,alias_0994,HAS_ALIAS
ingredient_0196,alias_0994,HAS_ALIAS
ingredient_0212,alias_0994,HAS_ALIAS
ingredient_0213,alias_0994,HAS_ALIAS
ingredient_0214,alias_0994,HAS_ALIAS
ingredient_0215,alias_0994,HAS_ALIAS
ingredient_0216,alias_0994,HAS_ALIAS
ingredient_0217,alias_0994,HAS_ALIAS
ingredient_0218,alias_0994,HAS_ALIAS
ingredient_0219,alias_0994,HAS_ALIAS
ingredient_0220,alias_0994,HAS_ALIAS
ingredient_0221,alias_0994,HAS_ALIAS
ingredient_0222,alias_0994,HAS_ALIAS
ingredient_0223,alias_0994,HAS_ALIAS
ingredient_0224,alias_0994,HAS_ALIAS
ingredient_0225,alias_0994,HAS_ALIAS
ingredient_0226,alias_0994,HAS_ALIAS
ingredient_0227,alias_0994,HAS_ALIAS
ingredient_0228,alias_0994,HAS_ALIAS
ingredient_0229,alias_0994,HAS_ALIAS
ingredient_0230,alias_0994,HAS_ALIAS
ingredient_0231,alias_0994,HAS_ALIAS
ingredient_0232,alias_0994,HAS_ALIAS
ingredient_0233,alias_0994,HAS_ALIAS
ingredient_0234,alias_0994,HAS_ALIAS
ingredient_0235,alias_0994,HAS_ALIAS
ingredient_0236,alias_0994,HAS_ALIAS
ingredient_0237,alias_0994,HAS_ALIAS
ingredient_0238,alias_0994,HAS_ALIAS
ingredient_0239,alias_0994,HAS_ALIAS
ingredient_0240,alias_0994,HAS_ALIAS
ingredient_0241,alias_0994,HAS_ALIAS
ingredient_0242,alias_0994,HAS_ALIAS
ingredient_0243,alias_0994,HAS_ALIAS
ingredient_0244,alias_0994,HAS_ALIAS
ingredient_0245,alias_0994,HAS_ALIAS
ingredient_0246,alias_0994,HAS_ALIAS
ingredient_0247,alias_0994,HAS_ALIAS
ingredient_0248,alias_0994,HAS_ALIAS
ingredient_0249,alias_0994,HAS_ALIAS
ingredient_0250,alias_0994,HAS_ALIAS
ingredient_0251,alias_0994,HAS_ALIAS
ingredient_0252,alias_0994,HAS_ALIAS
ingredient_0253,alias_0994,HAS_ALIAS
ingredient_0254,alias_0994,HAS_ALIAS
ingredient_0255,alias_0994,HAS_ALIAS
ingredient_0256,alias_0994,HAS_ALIAS
ingredient_0257,alias_0994,HAS_ALIAS
ingredient_0258,alias_0994,HAS_ALIAS
ingredient_0259,alias_0994,HAS_ALIAS
ingredient_0030,alias_0995,HAS_ALIAS
ingredient_0084,alias_0995,HAS_ALIAS
ingredient_0086,alias_0995,HAS_ALIAS
ingredient_0092,alias_0995,HAS_ALIAS
ingredient_0094,alias_0995,HAS_ALIAS
ingredient_0104,alias_0995,HAS_ALIAS
ingredient_0141,alias_0995,HAS_ALIAS
ingredient_0142,alias_0995,HAS_ALIAS
ingredient_0151,alias_0995,HAS_ALIAS
ingredient_0191,alias_0995,HAS_ALIAS
ingredient_0192,alias_0995,HAS_ALIAS
ingredient_0193,alias_0995,HAS_ALIAS
ingredient_0194,alias_0995,HAS_ALIAS
ingredient_0195,alias_0995,HAS_ALIAS
ingredient_0196,alias_0995,HAS_ALIAS
ingredient_0212,alias_0995,HAS_ALIAS
ingredient_0213,alias_0995,HAS_ALIAS
ingredient_0214,alias_0995,HAS_ALIAS
ingredient_0215,alias_0995,HAS_ALIAS
ingredient_0216,alias_0995,HAS_ALIAS
ingredient_0217,alias_0995,HAS_ALIAS
ingredient_0218,alias_0995,HAS_ALIAS
ingredient_0219,alias_0995,HAS_ALIAS
ingredient_0220,alias_0995,HAS_ALIAS
ingredient_0221,alias_0995,HAS_ALIAS
ingredient_0222,alias_0995,HAS_ALIAS
ingredient_0223,alias_0995,HAS_ALIAS
ingredient_0224,alias_0995,HAS_ALIAS
ingredient_0225,alias_0995,HAS_ALIAS
ingredient_0226,alias_0995,HAS_ALIAS
ingredient_0227,alias_0995,HAS_ALIAS
ingredient_0228,alias_0995,HAS_ALIAS
ingredient_0229,alias_0995,HAS_ALIAS
ingredient_0230,alias_0995,HAS_ALIAS
ingredient_0231,alias_0995,HAS_ALIAS
ingredient_0232,alias_0995,HAS_ALIAS
ingredient_0233,alias_0995,HAS_ALIAS
ingredient_0234,alias_0995,HAS_ALIAS
ingredient_0235,alias_0995,HAS_ALIAS
ingredient_0236,alias_0995,HAS_ALIAS
ingredient_0237,alias_0995,HAS_ALIAS
ingredient_0238,alias_0995,HAS_ALIAS
ingredient_0239,alias_0995,HAS_ALIAS
ingredient_0240,alias_0995,HAS_ALIAS
ingredient_0241,alias_0995,HAS_ALIAS
ingredient_0242,alias_0995,HAS_ALIAS
ingredient_0243,alias_0995,HAS_ALIAS
ingredient_0244,alias_0995,HAS_ALIAS
ingredient_0245,alias_0995,HAS_ALIAS
ingredient_0246,alias_0995,HAS_ALIAS
ingredient_0247,alias_0995,HAS_ALIAS
ingredient_0248,alias_0995,HAS_ALIAS
ingredient_0249,alias_0995,HAS_ALIAS
ingredient_0250,alias_0995,HAS_ALIAS
ingredient_0251,alias_0995,HAS_ALIAS
ingredient_0252,alias_0995,HAS_ALIAS
ingredient_0253,alias_0995,HAS_ALIAS
ingredient_0254,alias_0995,HAS_ALIAS
ingredient_0255,alias_0995,HAS_ALIAS
ingredient_0256,alias_0995,HAS_ALIAS
ingredient_0257,alias_0995,HAS_ALIAS
ingredient_0258,alias_0995,HAS_ALIAS
ingredient_0259,alias_0995,HAS_ALIAS
ingredient_0030,alias_0996,HAS_ALIAS
ingredient_0084,alias_0996,HAS_ALIAS
ingredient_0086,alias_0996,HAS_ALIAS
ingredient_0092,alias_0996,HAS_ALIAS
ingredient_0094,alias_0996,HAS_ALIAS
ingredient_0104,alias_0996,HAS_ALIAS
ingredient_0141,alias_0996,HAS_ALIAS
ingredient_0142,alias_0996,HAS_ALIAS
ingredient_0151,alias_0996,HAS_ALIAS
ingredient_0191,alias_0996,HAS_ALIAS
ingredient_0192,alias_0996,HAS_ALIAS
ingredient_0193,alias_0996,HAS_ALIAS
ingredient_0194,alias_0996,HAS_ALIAS
ingredient_0195,alias_0996,HAS_ALIAS
ingredient_0196,alias_0996,HAS_ALIAS
ingredient_0212,alias_0996,HAS_ALIAS
ingredient_0213,alias_0996,HAS_ALIAS
ingredient_0214,alias_0996,HAS_ALIAS
ingredient_0215,alias_0996,HAS_ALIAS
ingredient_0216,alias_0996,HAS_ALIAS
ingredient_0217,alias_0996,HAS_ALIAS
ingredient_0218,alias_0996,HAS_ALIAS
ingredient_0219,alias_0996,HAS_ALIAS
ingredient_0220,alias_0996,HAS_ALIAS
ingredient_0221,alias_0996,HAS_ALIAS
ingredient_0222,alias_0996,HAS_ALIAS
ingredient_0223,alias_0996,HAS_ALIAS
ingredient_0224,alias_0996,HAS_ALIAS
ingredient_0225,alias_0996,HAS_ALIAS
ingredient_0226,alias_0996,HAS_ALIAS
ingredient_0227,alias_0996,HAS_ALIAS
ingredient_0228,alias_0996,HAS_ALIAS
ingredient_0229,alias_0996,HAS_ALIAS
ingredient_0230,alias_0996,HAS_ALIAS
ingredient_0231,alias_0996,HAS_ALIAS
ingredient_0232,alias_0996,HAS_ALIAS
ingredient_0233,alias_0996,HAS_ALIAS
ingredient_0234,alias_0996,HAS_ALIAS
ingredient_0235,alias_0996,HAS_ALIAS
ingredient_0236,alias_0996,HAS_ALIAS
ingredient_0237,alias_0996,HAS_ALIAS
ingredient_0238,alias_0996,HAS_ALIAS
ingredient_0239,alias_0996,HAS_ALIAS
ingredient_0240,alias_0996,HAS_ALIAS
ingredient_0241,alias_0996,HAS_ALIAS
ingredient_0242,alias_0996,HAS_ALIAS
ingredient_0243,alias_0996,HAS_ALIAS
ingredient_0244,alias_0996,HAS_ALIAS
ingredient_0245,alias_0996,HAS_ALIAS
ingredient_0246,alias_0996,HAS_ALIAS
ingredient_0247,alias_0996,HAS_ALIAS
ingredient_0248,alias_0996,HAS_ALIAS
ingredient_0249,alias_0996,HAS_ALIAS
ingredient_0250,alias_0996,HAS_ALIAS
ingredient_0251,alias_0996,HAS_ALIAS
ingredient_0252,alias_0996,HAS_ALIAS
ingredient_0253,alias_0996,HAS_ALIAS
ingredient_0254,alias_0996,HAS_ALIAS
ingredient_0255,alias_0996,HAS_ALIAS
ingredient_0256,alias_0996,HAS_ALIAS
ingredient_0257,alias_0996,HAS_ALIAS
ingredient_0258,alias_0996,HAS_ALIAS
ingredient_0259,alias_0996,HAS_ALIAS
ingredient_0030,alias_0997,HAS_ALIAS
ingredient_0084,alias_0997,HAS_ALIAS
ingredient_0086,alias_0997,HAS_ALIAS
ingredient_0092,alias_0997,HAS_ALIAS
ingredient_0094,alias_0997,HAS_ALIAS
ingredient_0104,alias_0997,HAS_ALIAS
ingredient_0141,alias_0997,HAS_ALIAS
ingredient_0142,alias_0997,HAS_ALIAS
ingredient_0151,alias_0997,HAS_ALIAS
ingredient_0191,alias_0997,HAS_ALIAS
ingredient_0192,alias_0997,HAS_ALIAS
ingredient_0193,alias_0997,HAS_ALIAS
ingredient_0194,alias_0997,HAS_ALIAS
ingredient_0195,alias_0997,HAS_ALIAS
ingredient_0196,alias_0997,HAS_ALIAS
ingredient_0212,alias_0997,HAS_ALIAS
ingredient_0213,alias_0997,HAS_ALIAS
ingredient_0214,alias_0997,HAS_ALIAS
ingredient_0215,alias_0997,HAS_ALIAS
ingredient_0216,alias_0997,HAS_ALIAS
ingredient_0217,alias_0997,HAS_ALIAS
ingredient_0218,alias_0997,HAS_ALIAS
ingredient_0219,alias_0997,HAS_ALIAS
ingredient_0220,alias_0997,HAS_ALIAS
ingredient_0221,alias_0997,HAS_ALIAS
ingredient_0222,alias_0997,HAS_ALIAS
ingredient_0223,alias_0997,HAS_ALIAS
ingredient_0224,alias_0997,HAS_ALIAS
ingredient_0225,alias_0997,HAS_ALIAS
ingredient_0226,alias_0997,HAS_ALIAS
ingredient_0227,alias_0997,HAS_ALIAS
ingredient_0228,alias_0997,HAS_ALIAS
ingredient_0229,alias_0997,HAS_ALIAS
ingredient_0230,alias_0997,HAS_ALIAS
ingredient_0231,alias_0997,HAS_ALIAS
ingredient_0232,alias_0997,HAS_ALIAS
ingredient_0233,alias_0997,HAS_ALIAS
ingredient_0234,alias_0997,HAS_ALIAS
ingredient_0235,alias_0997,HAS_ALIAS
ingredient_0236,alias_0997,HAS_ALIAS
ingredient_0237,alias_0997,HAS_ALIAS
ingredient_0238,alias_0997,HAS_ALIAS
ingredient_0239,alias_0997,HAS_ALIAS
ingredient_0240,alias_0997,HAS_ALIAS
ingredient_0241,alias_0997,HAS_ALIAS
ingredient_0242,alias_0997,HAS_ALIAS
ingredient_0243,alias_0997,HAS_ALIAS
ingredient_0244,alias_0997,HAS_ALIAS
ingredient_0245,alias_0997,HAS_ALIAS
ingredient_0246,alias_0997,HAS_ALIAS
ingredient_0247,alias_0997,HAS_ALIAS
ingredient_0248,alias_0997,HAS_ALIAS
ingredient_0249,alias_0997,HAS_ALIAS
ingredient_0250,alias_0997,HAS_ALIAS
ingredient_0251,alias_0997,HAS_ALIAS
ingredient_0252,alias_0997,HAS_ALIAS
ingredient_0253,alias_0997,HAS_ALIAS
ingredient_0254,alias_0997,HAS_ALIAS
ingredient_0255,alias_0997,HAS_ALIAS
ingredient_0256,alias_0997,HAS_ALIAS
ingredient_0257,alias_0997,HAS_ALIAS
ingredient_0258,alias_0997,HAS_ALIAS
ingredient_0259,alias_0997,HAS_ALIAS
ingredient_0030,alias_0998,HAS_ALIAS
ingredient_0084,alias_0998,HAS_ALIAS
ingredient_0086,alias_0998,HAS_ALIAS
ingredient_0092,alias_0998,HAS_ALIAS
ingredient_0094,alias_0998,HAS_ALIAS
ingredient_0104,alias_0998,HAS_ALIAS
ingredient_0141,alias_0998,HAS_ALIAS
ingredient_0142,alias_0998,HAS_ALIAS
ingredient_0151,alias_0998,HAS_ALIAS
ingredient_0191,alias_0998,HAS_ALIAS
ingredient_0192,alias_0998,HAS_ALIAS
ingredient_0193,alias_0998,HAS_ALIAS
ingredient_0194,alias_0998,HAS_ALIAS
ingredient_0195,alias_0998,HAS_ALIAS
ingredient_0196,alias_0998,HAS_ALIAS
ingredient_0212,alias_0998,HAS_ALIAS
ingredient_0213,alias_0998,HAS_ALIAS
ingredient_0214,alias_0998,HAS_ALIAS
ingredient_0215,alias_0998,HAS_ALIAS
ingredient_0216,alias_0998,HAS_ALIAS
ingredient_0217,alias_0998,HAS_ALIAS
ingredient_0218,alias_0998,HAS_ALIAS
ingredient_0219,alias_0998,HAS_ALIAS
ingredient_0220,alias_0998,HAS_ALIAS
ingredient_0221,alias_0998,HAS_ALIAS
ingredient_0222,alias_0998,HAS_ALIAS
ingredient_0223,alias_0998,HAS_ALIAS
ingredient_0224,alias_0998,HAS_ALIAS
ingredient_0225,alias_0998,HAS_ALIAS
ingredient_0226,alias_0998,HAS_ALIAS
ingredient_0227,alias_0998,HAS_ALIAS
ingredient_0228,alias_0998,HAS_ALIAS
ingredient_0229,alias_0998,HAS_ALIAS
ingredient_0230,alias_0998,HAS_ALIAS
ingredient_0231,alias_0998,HAS_ALIAS
ingredient_0232,alias_0998,HAS_ALIAS
ingredient_0233,alias_0998,HAS_ALIAS
ingredient_0234,alias_0998,HAS_ALIAS
ingredient_0235,alias_0998,HAS_ALIAS
ingredient_0236,alias_0998,HAS_ALIAS
ingredient_0237,alias_0998,HAS_ALIAS
ingredient_0238,alias_0998,HAS_ALIAS
ingredient_0239,alias_0998,HAS_ALIAS
ingredient_0240,alias_0998,HAS_ALIAS
ingredient_0241,alias_0998,HAS_ALIAS
ingredient_0242,alias_0998,HAS_ALIAS
ingredient_0243,alias_0998,HAS_ALIAS
ingredient_0244,alias_0998,HAS_ALIAS
ingredient_0245,alias_0998,HAS_ALIAS
ingredient_0246,alias_0998,HAS_ALIAS
ingredient_0247,alias_0998,HAS_ALIAS
ingredient_0248,alias_0998,HAS_ALIAS
ingredient_0249,alias_0998,HAS_ALIAS
ingredient_0250,alias_0998,HAS_ALIAS
ingredient_0251,alias_0998,HAS_ALIAS
ingredient_0252,alias_0998,HAS_ALIAS
ingredient_0253,alias_0998,HAS_ALIAS
ingredient_0254,alias_0998,HAS_ALIAS
ingredient_0255,alias_0998,HAS_ALIAS
ingredient_0256,alias_0998,HAS_ALIAS
ingredient_0257,alias_0998,HAS_ALIAS
ingredient_0258,alias_0998,HAS_ALIAS
ingredient_0259,alias_0998,HAS_ALIAS
ingredient_0207,alias_0999,HAS_ALIAS
ingredient_0208,alias_0999,HAS_ALIAS
ingredient_0209,alias_0999,HAS_ALIAS
ingredient_0210,alias_0999,HAS_ALIAS
ingredient_0211,alias_0999,HAS_ALIAS
ingredient_0049,alias_1000,HAS_ALIAS
ingredient_0053,alias_1000,HAS_ALIAS
ingredient_0055,alias_1000,HAS_ALIAS
ingredient_0056,alias_1000,HAS_ALIAS
ingredient_0058,alias_1000,HAS_ALIAS
ingredient_0059,alias_1000,HAS_ALIAS
ingredient_0063,alias_1000,HAS_ALIAS
ingredient_0065,alias_1000,HAS_ALIAS
ingredient_0066,alias_1000,HAS_ALIAS
ingredient_0067,alias_1000,HAS_ALIAS
ingredient_0365,alias_1001,HAS_ALIAS
ingredient_0366,alias_1001,HAS_ALIAS
ingredient_0367,alias_1001,HAS_ALIAS
ingredient_0368,alias_1001,HAS_ALIAS
ingredient_0372,alias_1001,HAS_ALIAS
ingredient_0373,alias_1001,HAS_ALIAS
ingredient_0377,alias_1001,HAS_ALIAS
ingredient_0378,alias_1001,HAS_ALIAS
ingredient_0379,alias_1001,HAS_ALIAS
ingredient_0334,alias_1002,HAS_ALIAS
ingredient_0335,alias_1002,HAS_ALIAS
ingredient_0337,alias_1002,HAS_ALIAS
ingredient_0338,alias_1002,HAS_ALIAS
ingredient_0332,alias_1002,HAS_ALIAS
ingredient_0333,alias_1002,HAS_ALIAS
ingredient_0336,alias_1002,HAS_ALIAS
ingredient_0339,alias_1002,HAS_ALIAS
ingredient_0063,alias_1003,HAS_ALIAS
ingredient_0063,alias_1004,HAS_ALIAS
ingredient_0063,alias_1005,HAS_ALIAS
ingredient_0063,alias_1006,HAS_ALIAS
ingredient_0155,alias_1007,HAS_ALIAS
ingredient_0081,alias_1008,HAS_ALIAS
ingredient_0245,alias_1009,HAS_ALIAS
ingredient_0245,alias_1010,HAS_ALIAS
ingredient_0193,alias_1011,HAS_ALIAS
ingredient_0344,alias_1012,HAS_ALIAS
ingredient_0129,alias_1013,HAS_ALIAS
ingredient_0205,alias_1014,HAS_ALIAS
ingredient_0205,alias_1015,HAS_ALIAS
ingredient_0300,alias_1016,HAS_ALIAS
ingredient_0300,alias_1017,HAS_ALIAS
ingredient_0098,alias_1018,HAS_ALIAS
ingredient_0098,alias_1019,HAS_ALIAS
ingredient_0306,alias_1020,HAS_ALIAS
ingredient_0306,alias_1021,HAS_ALIAS
ingredient_0377,alias_1022,HAS_ALIAS
ingredient_0099,alias_1023,HAS_ALIAS
ingredient_0099,alias_1024,HAS_ALIAS
ingredient_0197,alias_1025,HAS_ALIAS
ingredient_0197,alias_1026,HAS_ALIAS
ingredient_0197,alias_1027,HAS_ALIAS
ingredient_0197,alias_1028,HAS_ALIAS
ingredient_0033,alias_1029,HAS_ALIAS
ingredient_0146,alias_1030,HAS_ALIAS
ingredient_0133,alias_1031,HAS_ALIAS
ingredient_0133,alias_0509,HAS_ALIAS
ingredient_0185,alias_1032,HAS_ALIAS
ingredient_0080,alias_1033,HAS_ALIAS
ingredient_0080,alias_1034,HAS_ALIAS
ingredient_0080,alias_1035,HAS_ALIAS
ingredient_0065,alias_1036,HAS_ALIAS
ingredient_0065,alias_1037,HAS_ALIAS
ingredient_0065,alias_1038,HAS_ALIAS
ingredient_0379,alias_1039,HAS_ALIAS
ingredient_0379,alias_1040,HAS_ALIAS
ingredient_0379,alias_1041,HAS_ALIAS
ingredient_0365,alias_1042,HAS_ALIAS
ingredient_0365,alias_1043,HAS_ALIAS
ingredient_0368,alias_1044,HAS_ALIAS
ingredient_0368,alias_1045,HAS_ALIAS
ingredient_0382,alias_1046,HAS_ALIAS
ingredient_0148,alias_1047,HAS_ALIAS
ingredient_0266,alias_1048,HAS_ALIAS
ingredient_0338,alias_1049,HAS_ALIAS
ingredient_0070,alias_1050,HAS_ALIAS
ingredient_0291,alias_1051,HAS_ALIAS
ingredient_0240,alias_1052,HAS_ALIAS
ingredient_0240,alias_1053,HAS_ALIAS
ingredient_0240,alias_1054,HAS_ALIAS
ingredient_0372,alias_1055,HAS_ALIAS
ingredient_0105,alias_1056,HAS_ALIAS
ingredient_0026,alias_1057,HAS_ALIAS
ingredient_0024,alias_1058,HAS_ALIAS
ingredient_0350,alias_1059,HAS_ALIAS
ingredient_0259,alias_1060,HAS_ALIAS
ingredient_0388,alias_1061,HAS_ALIAS
ingredient_0124,alias_1062,HAS_ALIAS
ingredient_0388,alias_1063,HAS_ALIAS
ingredient_0388,alias_1064,HAS_ALIAS
ingredient_0160,alias_1065,HAS_ALIAS
ingredient_0331,alias_1066,HAS_ALIAS
ingredient_0280,alias_1067,HAS_ALIAS
ingredient_0241,alias_1068,HAS_ALIAS
ingredient_0046,alias_1069,HAS_ALIAS
ingredient_0046,alias_1070,HAS_ALIAS
ingredient_0046,alias_1071,HAS_ALIAS
ingredient_0205,alias_1072,HAS_ALIAS
ingredient_0205,alias_1073,HAS_ALIAS
ingredient_0205,alias_1074,HAS_ALIAS
ingredient_0205,alias_1075,HAS_ALIAS
ingredient_0205,alias_1076,HAS_ALIAS
ingredient_0129,alias_1077,HAS_ALIAS
ingredient_0136,alias_1078,HAS_ALIAS
ingredient_0136,alias_1079,HAS_ALIAS
ingredient_0136,alias_1080,HAS_ALIAS
ingredient_0136,alias_1081,HAS_ALIAS
ingredient_0136,alias_1082,HAS_ALIAS
ingredient_0136,alias_1083,HAS_ALIAS
ingredient_0136,alias_1084,HAS_ALIAS
ingredient_0350,alias_1085,HAS_ALIAS
ingredient_0350,alias_1086,HAS_ALIAS
ingredient_0350,alias_0960,HAS_ALIAS
ingredient_0119,alias_1087,HAS_ALIAS
ingredient_0390,alias_1088,HAS_ALIAS
ingredient_0390,alias_1089,HAS_ALIAS
ingredient_0391,alias_1090,HAS_ALIAS
ingredient_0391,alias_1091,HAS_ALIAS
ingredient_0391,alias_1092,HAS_ALIAS
ingredient_0391,alias_1093,HAS_ALIAS
ingredient_0391,alias_1094,HAS_ALIAS
ingredient_0391,alias_1095,HAS_ALIAS
ingredient_0391,alias_1096,HAS_ALIAS
ingredient_0391,alias_1097,HAS_ALIAS
ingredient_0391,alias_1098,HAS_ALIAS
ingredient_0392,alias_1099,HAS_ALIAS
ingredient_0392,alias_1100,HAS_ALIAS
ingredient_0393,alias_1101,HAS_ALIAS
ingredient_0394,alias_1102,HAS_ALIAS
ingredient_0395,alias_1103,HAS_ALIAS
ingredient_0395,alias_1104,HAS_ALIAS
ingredient_0396,alias_1105,HAS_ALIAS
ingredient_0396,alias_1106,HAS_ALIAS
ingredient_0397,alias_1107,HAS_ALIAS
ingredient_0397,alias_1108,HAS_ALIAS
ingredient_0398,alias_1109,HAS_ALIAS
ingredient_0398,alias_1092,HAS_ALIAS
ingredient_0398,alias_1093,HAS_ALIAS
ingredient_0398,alias_1094,HAS_ALIAS
ingredient_0398,alias_1091,HAS_ALIAS
ingredient_0398,alias_1090,HAS_ALIAS
ingredient_0398,alias_1095,HAS_ALIAS
ingredient_0398,alias_1096,HAS_ALIAS
ingredient_0398,alias_1098,HAS_ALIAS
ingredient_0399,alias_1110,HAS_ALIAS
ingredient_0400,alias_1111,HAS_ALIAS
ingredient_0400,alias_1112,HAS_ALIAS
ingredient_0400,alias_1113,HAS_ALIAS
ingredient_0401,alias_1114,HAS_ALIAS
ingredient_0402,alias_1115,HAS_ALIAS
ingredient_0402,alias_1116,HAS_ALIAS
ingredient_0403,alias_1117,HAS_ALIAS
ingredient_0404,alias_1118,HAS_ALIAS
ingredient_0405,alias_1119,HAS_ALIAS
ingredient_0406,alias_1120,HAS_ALIAS
ingredient_0407,alias_1121,HAS_ALIAS
ingredient_0407,alias_1122,HAS_ALIAS
ingredient_0407,alias_1123,HAS_ALIAS
ingredient_0407,alias_1124,HAS_ALIAS
ingredient_0408,alias_1125,HAS_ALIAS
ingredient_0408,alias_1126,HAS_ALIAS
ingredient_0409,alias_1127,HAS_ALIAS
ingredient_0410,alias_1128,HAS_ALIAS
ingredient_0411,alias_1129,HAS_ALIAS
ingredient_0411,alias_1130,HAS_ALIAS
ingredient_0412,alias_1131,HAS_ALIAS
ingredient_0413,alias_1132,HAS_ALIAS
ingredient_0414,alias_1133,HAS_ALIAS
ingredient_0415,alias_1134,HAS_ALIAS
ingredient_0416,alias_1135,HAS_ALIAS
ingredient_0417,alias_1136,HAS_ALIAS
ingredient_0418,alias_1137,HAS_ALIAS
ingredient_0419,alias_1138,HAS_ALIAS
ingredient_0420,alias_1139,HAS_ALIAS
ingredient_0420,alias_1140,HAS_ALIAS
ingredient_0421,alias_1141,HAS_ALIAS
ingredient_0422,alias_1142,HAS_ALIAS
ingredient_0423,alias_1143,HAS_ALIAS
ingredient_0424,alias_1144,HAS_ALIAS
ingredient_0425,alias_1145,HAS_ALIAS
ingredient_0426,alias_1146,HAS_ALIAS
ingredient_0427,alias_1147,HAS_ALIAS
ingredient_0428,alias_1148,HAS_ALIAS
ingredient_0428,alias_1149,HAS_ALIAS
ingredient_0428,alias_1150,HAS_ALIAS
ingredient_0429,alias_1151,HAS_ALIAS
ingredient_0429,alias_1152,HAS_ALIAS
ingredient_0430,alias_1153,HAS_ALIAS
ingredient_0431,alias_1154,HAS_ALIAS
ingredient_0432,alias_1155,HAS_ALIAS
ingredient_0433,alias_1156,HAS_ALIAS
ingredient_0433,alias_1157,HAS_ALIAS
ingredient_0434,alias_1158,HAS_ALIAS
ingredient_0435,alias_1159,HAS_ALIAS
ingredient_0436,alias_1160,HAS_ALIAS
ingredient_0437,alias_1161,HAS_ALIAS
ingredient_0438,alias_1162,HAS_ALIAS
ingredient_0439,alias_1163,HAS_ALIAS
ingredient_0439,alias_1164,HAS_ALIAS
ingredient_0440,alias_1165,HAS_ALIAS
ingredient_0441,alias_1166,HAS_ALIAS
ingredient_0442,alias_1167,HAS_ALIAS
ingredient_0442,alias_1168,HAS_ALIAS
ingredient_0442,alias_1162,HAS_ALIAS
ingredient_0443,alias_1169,HAS_ALIAS
ingredient_0444,alias_1170,HAS_ALIAS
ingredient_0444,alias_1169,HAS_ALIAS
ingredient_0445,alias_1171,HAS_ALIAS
ingredient_0446,alias_1172,HAS_ALIAS
ingredient_0447,alias_1173,HAS_ALIAS
ingredient_0447,alias_1174,HAS_ALIAS
ingredient_0447,alias_1175,HAS_ALIAS
ingredient_0448,alias_1176,HAS_ALIAS
ingredient_0449,alias_1177,HAS_ALIAS
ingredient_0450,alias_1178,HAS_ALIAS
ingredient_0450,alias_1179,HAS_ALIAS
ingredient_0451,alias_1180,HAS_ALIAS
ingredient_0452,alias_1181,HAS_ALIAS
ingredient_0452,alias_1182,HAS_ALIAS
ingredient_0453,alias_1183,HAS_ALIAS
ingredient_0454,alias_1184,HAS_ALIAS
ingredient_0455,alias_1185,HAS_ALIAS
ingredient_0456,alias_1186,HAS_ALIAS
ingredient_0457,alias_1187,HAS_ALIAS
ingredient_0458,alias_1188,HAS_ALIAS
ingredient_0459,alias_1189,HAS_ALIAS
ingredient_0460,alias_1190,HAS_ALIAS
ingredient_0461,alias_1191,HAS_ALIAS
ingredient_0462,alias_1192,HAS_ALIAS
ingredient_0463,alias_1193,HAS_ALIAS
ingredient_0464,alias_1194,HAS_ALIAS
ingredient_0465,alias_1195,HAS_ALIAS
ingredient_0466,alias_1196,HAS_ALIAS
ingredient_0467,alias_1197,HAS_ALIAS
ingredient_0468,alias_1198,HAS_ALIAS
ingredient_0469,alias_1199,HAS_ALIAS
ingredient_0470,alias_1200,HAS_ALIAS
ingredient_0471,alias_1201,HAS_ALIAS
ingredient_0472,alias_1202,HAS_ALIAS
ingredient_0472,alias_1203,HAS_ALIAS
ingredient_0473,alias_1204,HAS_ALIAS
ingredient_0474,alias_1205,HAS_ALIAS
ingredient_0474,alias_1206,HAS_ALIAS
ingredient_0474,alias_1207,HAS_ALIAS
ingredient_0475,alias_1208,HAS_ALIAS
ingredient_0476,alias_1209,HAS_ALIAS
ingredient_0477,alias_1210,HAS_ALIAS
ingredient_0477,alias_1211,HAS_ALIAS
ingredient_0477,alias_1212,HAS_ALIAS
ingredient_0478,alias_1213,HAS_ALIAS
ingredient_0478,alias_1214,HAS_ALIAS
ingredient_0479,alias_1215,HAS_ALIAS
ingredient_0480,alias_1216,HAS_ALIAS
ingredient_0481,alias_1217,HAS_ALIAS
ingredient_0481,alias_1218,HAS_ALIAS
ingredient_0482,alias_1219,HAS_ALIAS
ingredient_0483,alias_1220,HAS_ALIAS
ingredient_0483,alias_1221,HAS_ALIAS
ingredient_0484,alias_1222,HAS_ALIAS
ingredient_0485,alias_1223,HAS_ALIAS
ingredient_0485,alias_1224,HAS_ALIAS
ingredient_0486,alias_1225,HAS_ALIAS
ingredient_0486,alias_1226,HAS_ALIAS
ingredient_0487,alias_1227,HAS_ALIAS
ingredient_0488,alias_1228,HAS_ALIAS
ingredient_0489,alias_1229,HAS_ALIAS
ingredient_0490,alias_1230,HAS_ALIAS
ingredient_0491,alias_1231,HAS_ALIAS
ingredient_0492,alias_1232,HAS_ALIAS
ingredient_0493,alias_1233,HAS_ALIAS
ingredient_0494,alias_1234,HAS_ALIAS
ingredient_0495,alias_1235,HAS_ALIAS
ingredient_0496,alias_1236,HAS_ALIAS
ingredient_0497,alias_1237,HAS_ALIAS
ingredient_0497,alias_1238,HAS_ALIAS
ingredient_0498,alias_1239,HAS_ALIAS
ingredient_0499,alias_1240,HAS_ALIAS
ingredient_0500,alias_1241,HAS_ALIAS
ingredient_0501,alias_1242,HAS_ALIAS
ingredient_0501,alias_1243,HAS_ALIAS
ingredient_0502,alias_1244,HAS_ALIAS
ingredient_0502,alias_0036,HAS_ALIAS
ingredient_0502,alias_0183,HAS_ALIAS
ingredient_0503,alias_1245,HAS_ALIAS
ingredient_0504,alias_1246,HAS_ALIAS
ingredient_0505,alias_1247,HAS_ALIAS
ingredient_0505,alias_1248,HAS_ALIAS
ingredient_0506,alias_1249,HAS_ALIAS
ingredient_0506,alias_1250,HAS_ALIAS
ingredient_0507,alias_1251,HAS_ALIAS
ingredient_0508,alias_1252,HAS_ALIAS
ingredient_0508,alias_1253,HAS_ALIAS
ingredient_0509,alias_1254,HAS_ALIAS
ingredient_0510,alias_1255,HAS_ALIAS
ingredient_0511,alias_1256,HAS_ALIAS
ingredient_0512,alias_1257,HAS_ALIAS
ingredient_0512,alias_1258,HAS_ALIAS
ingredient_0513,alias_1259,HAS_ALIAS
ingredient_0513,alias_1260,HAS_ALIAS
ingredient_0514,alias_1261,HAS_ALIAS
ingredient_0515,alias_1262,HAS_ALIAS
ingredient_0516,alias_1263,HAS_ALIAS
ingredient_0517,alias_1264,HAS_ALIAS
ingredient_0517,alias_1265,HAS_ALIAS
ingredient_0518,alias_1266,HAS_ALIAS
ingredient_0519,alias_1267,HAS_ALIAS
ingredient_0520,alias_1268,HAS_ALIAS
ingredient_0521,alias_1269,HAS_ALIAS
ingredient_0522,alias_1270,HAS_ALIAS
ingredient_0523,alias_1271,HAS_ALIAS
ingredient_0523,alias_1272,HAS_ALIAS
ingredient_0523,alias_1273,HAS_ALIAS
ingredient_0524,alias_1274,HAS_ALIAS
ingredient_0524,alias_1275,HAS_ALIAS
ingredient_0525,alias_1276,HAS_ALIAS
ingredient_0526,alias_1277,HAS_ALIAS
ingredient_0527,alias_1278,HAS_ALIAS
ingredient_0528,alias_1279,HAS_ALIAS
ingredient_0529,alias_1280,HAS_ALIAS
ingredient_0530,alias_1281,HAS_ALIAS
ingredient_0530,alias_1282,HAS_ALIAS
ingredient_0531,alias_1283,HAS_ALIAS
ingredient_0531,alias_1284,HAS_ALIAS
ingredient_0532,alias_1285,HAS_ALIAS
ingredient_0533,alias_1286,HAS_ALIAS
ingredient_0534,alias_1287,HAS_ALIAS
ingredient_0535,alias_1288,HAS_ALIAS
ingredient_0536,alias_1289,HAS_ALIAS
ingredient_0537,alias_1290,HAS_ALIAS
ingredient_0537,alias_1291,HAS_ALIAS
ingredient_0538,alias_1292,HAS_ALIAS
ingredient_0539,alias_1293,HAS_ALIAS
ingredient_0539,alias_1294,HAS_ALIAS
ingredient_0539,alias_1295,HAS_ALIAS
ingredient_0540,alias_1296,HAS_ALIAS
ingredient_0541,alias_1297,HAS_ALIAS
ingredient_0542,alias_1298,HAS_ALIAS
ingredient_0543,alias_1299,HAS_ALIAS
ingredient_0544,alias_1300,HAS_ALIAS
ingredient_0544,alias_1301,HAS_ALIAS
ingredient_0544,alias_1302,HAS_ALIAS
ingredient_0544,alias_1303,HAS_ALIAS
ingredient_0545,alias_1304,HAS_ALIAS
ingredient_0545,alias_1305,HAS_ALIAS
ingredient_0546,alias_1306,HAS_ALIAS
ingredient_0546,alias_1307,HAS_ALIAS
ingredient_0547,alias_1308,HAS_ALIAS
ingredient_0548,alias_1309,HAS_ALIAS
ingredient_0548,alias_0782,HAS_ALIAS
ingredient_0548,alias_1310,HAS_ALIAS
ingredient_0548,alias_1311,HAS_ALIAS
ingredient_0548,alias_1312,HAS_ALIAS
ingredient_0549,alias_1313,HAS_ALIAS
ingredient_0550,alias_1314,HAS_ALIAS
ingredient_0551,alias_1315,HAS_ALIAS
ingredient_0551,alias_1316,HAS_ALIAS
ingredient_0551,alias_1317,HAS_ALIAS
ingredient_0551,alias_1318,HAS_ALIAS
ingredient_0551,alias_1319,HAS_ALIAS
ingredient_0551,alias_1320,HAS_ALIAS
ingredient_0552,alias_1321,HAS_ALIAS
ingredient_0553,alias_1322,HAS_ALIAS
ingredient_0554,alias_1323,HAS_ALIAS
ingredient_0554,alias_1324,HAS_ALIAS
ingredient_0555,alias_1325,HAS_ALIAS
ingredient_0556,alias_1326,HAS_ALIAS
ingredient_0556,alias_1327,HAS_ALIAS
ingredient_0556,alias_1328,HAS_ALIAS
ingredient_0557,alias_1329,HAS_ALIAS
ingredient_0558,alias_1330,HAS_ALIAS
ingredient_0559,alias_1331,HAS_ALIAS
ingredient_0559,alias_1332,HAS_ALIAS
ingredient_0559,alias_1333,HAS_ALIAS
ingredient_0560,alias_1302,HAS_ALIAS
ingredient_0560,alias_1334,HAS_ALIAS
ingredient_0560,alias_1335,HAS_ALIAS
ingredient_0560,alias_1336,HAS_ALIAS
ingredient_0560,alias_1337,HAS_ALIAS
ingredient_0560,alias_1338,HAS_ALIAS
ingredient_0560,alias_1301,HAS_ALIAS
ingredient_0561,alias_1339,HAS_ALIAS
ingredient_0562,alias_1340,HAS_ALIAS
ingredient_0563,alias_1341,HAS_ALIAS
ingredient_0563,alias_1342,HAS_ALIAS
ingredient_0564,alias_1343,HAS_ALIAS
ingredient_0564,alias_1344,HAS_ALIAS
ingredient_0564,alias_1345,HAS_ALIAS
ingredient_0564,alias_1346,HAS_ALIAS
ingredient_0564,alias_1347,HAS_ALIAS
ingredient_0565,alias_1348,HAS_ALIAS
ingredient_0566,alias_1349,HAS_ALIAS
ingredient_0567,alias_1350,HAS_ALIAS
ingredient_0567,alias_1351,HAS_ALIAS
ingredient_0567,alias_1346,HAS_ALIAS
ingredient_0568,alias_1352,HAS_ALIAS
ingredient_0569,alias_1353,HAS_ALIAS
ingredient_0569,alias_1354,HAS_ALIAS
ingredient_0569,alias_1355,HAS_ALIAS
ingredient_0570,alias_1356,HAS_ALIAS
ingredient_0570,alias_1357,HAS_ALIAS
ingredient_0571,alias_1358,HAS_ALIAS
ingredient_0572,alias_1359,HAS_ALIAS
ingredient_0573,alias_1360,HAS_ALIAS
ingredient_0574,alias_1361,HAS_ALIAS
ingredient_0575,alias_1362,HAS_ALIAS
ingredient_0576,alias_1363,HAS_ALIAS
ingredient_0576,alias_1364,HAS_ALIAS
ingredient_0577,alias_1365,HAS_ALIAS
ingredient_0578,alias_1366,HAS_ALIAS
ingredient_0579,alias_1367,HAS_ALIAS
ingredient_0579,alias_0235,HAS_ALIAS
ingredient_0579,alias_1368,HAS_ALIAS
ingredient_0579,alias_1369,HAS_ALIAS
ingredient_0579,alias_1370,HAS_ALIAS
ingredient_0579,alias_1371,HAS_ALIAS
ingredient_0579,alias_1372,HAS_ALIAS
ingredient_0579,alias_1373,HAS_ALIAS
ingredient_0579,alias_1374,HAS_ALIAS
ingredient_0579,alias_1375,HAS_ALIAS
ingredient_0580,alias_1376,HAS_ALIAS
ingredient_0581,alias_1377,HAS_ALIAS
ingredient_0582,alias_1378,HAS_ALIAS
ingredient_0583,alias_1379,HAS_ALIAS
ingredient_0584,alias_1380,HAS_ALIAS
ingredient_0584,alias_1381,HAS_ALIAS
ingredient_0585,alias_1382,HAS_ALIAS
ingredient_0586,alias_1383,HAS_ALIAS
ingredient_0586,alias_1384,HAS_ALIAS
ingredient_0586,alias_1385,HAS_ALIAS
ingredient_0587,alias_1386,HAS_ALIAS
ingredient_0588,alias_1387,HAS_ALIAS
ingredient_0588,alias_1388,HAS_ALIAS
ingredient_0589,alias_1389,HAS_ALIAS
ingredient_0589,alias_1390,HAS_ALIAS
ingredient_0590,alias_1391,HAS_ALIAS
ingredient_0591,alias_1392,HAS_ALIAS
ingredient_0592,alias_1393,HAS_ALIAS
ingredient_0593,alias_1384,HAS_ALIAS
ingredient_0593,alias_1385,HAS_ALIAS
ingredient_0594,alias_1394,HAS_ALIAS
ingredient_0595,alias_1395,HAS_ALIAS
ingredient_0595,alias_1396,HAS_ALIAS
ingredient_0595,alias_1397,HAS_ALIAS
ingredient_0596,alias_1398,HAS_ALIAS
ingredient_0597,alias_0146,HAS_ALIAS
ingredient_0598,alias_1399,HAS_ALIAS
ingredient_0599,alias_1400,HAS_ALIAS
ingredient_0600,alias_1401,HAS_ALIAS
ingredient_0600,alias_1402,HAS_ALIAS
ingredient_0601,alias_1403,HAS_ALIAS
ingredient_0602,alias_1404,HAS_ALIAS
ingredient_0603,alias_1405,HAS_ALIAS
ingredient_0604,alias_1406,HAS_ALIAS
ingredient_0605,alias_1407,HAS_ALIAS
ingredient_0606,alias_1408,HAS_ALIAS
ingredient_0607,alias_1409,HAS_ALIAS
ingredient_0608,alias_1410,HAS_ALIAS
ingredient_0609,alias_1411,HAS_ALIAS
ingredient_0609,alias_1412,HAS_ALIAS
ingredient_0610,alias_1413,HAS_ALIAS
ingredient_0611,alias_1414,HAS_ALIAS
ingredient_0612,alias_1415,HAS_ALIAS
ingredient_0612,alias_1416,HAS_ALIAS
ingredient_0612,alias_1417,HAS_ALIAS
ingredient_0613,alias_1416,HAS_ALIAS
ingredient_0614,alias_1418,HAS_ALIAS
ingredient_0615,alias_1419,HAS_ALIAS
ingredient_0616,alias_1420,HAS_ALIAS
ingredient_0617,alias_1421,HAS_ALIAS
ingredient_0618,alias_1422,HAS_ALIAS
ingredient_0618,alias_1423,HAS_ALIAS
ingredient_0619,alias_1424,HAS_ALIAS
ingredient_0620,alias_1425,HAS_ALIAS
ingredient_0621,alias_1426,HAS_ALIAS
ingredient_0621,alias_1427,HAS_ALIAS
ingredient_0621,alias_1428,HAS_ALIAS
ingredient_0622,alias_1429,HAS_ALIAS
ingredient_0623,alias_1430,HAS_ALIAS
ingredient_0624,alias_1431,HAS_ALIAS
ingredient_0625,alias_1432,HAS_ALIAS
ingredient_0626,alias_1433,HAS_ALIAS
ingredient_0627,alias_1434,HAS_ALIAS
ingredient_0628,alias_1435,HAS_ALIAS
ingredient_0628,alias_1436,HAS_ALIAS
ingredient_0629,alias_1437,HAS_ALIAS
ingredient_0630,alias_1438,HAS_ALIAS
ingredient_0630,alias_1439,HAS_ALIAS
ingredient_0631,alias_1440,HAS_ALIAS
ingredient_0631,alias_1441,HAS_ALIAS
ingredient_0631,alias_1442,HAS_ALIAS
ingredient_0631,alias_1443,HAS_ALIAS
ingredient_0632,alias_1444,HAS_ALIAS
ingredient_0633,alias_1445,HAS_ALIAS
ingredient_0634,alias_1446,HAS_ALIAS
ingredient_0634,alias_1447,HAS_ALIAS
ingredient_0635,alias_1448,HAS_ALIAS
ingredient_0635,alias_1449,HAS_ALIAS
ingredient_0635,alias_1450,HAS_ALIAS
ingredient_0635,alias_1451,HAS_ALIAS
ingredient_0635,alias_1452,HAS_ALIAS
ingredient_0635,alias_1453,HAS_ALIAS
ingredient_0635,alias_1454,HAS_ALIAS
ingredient_0636,alias_1455,HAS_ALIAS
ingredient_0637,alias_1456,HAS_ALIAS
ingredient_0637,alias_1457,HAS_ALIAS
ingredient_0638,alias_1458,HAS_ALIAS
ingredient_0639,alias_1459,HAS_ALIAS
ingredient_0640,alias_1441,HAS_ALIAS
ingredient_0641,alias_1460,HAS_ALIAS
ingredient_0642,alias_1461,HAS_ALIAS
ingredient_0643,alias_1462,HAS_ALIAS
ingredient_0644,alias_1463,HAS_ALIAS
ingredient_0645,alias_1464,HAS_ALIAS
ingredient_0645,alias_1465,HAS_ALIAS
ingredient_0645,alias_1466,HAS_ALIAS
ingredient_0646,alias_1467,HAS_ALIAS
ingredient_0647,alias_1468,HAS_ALIAS
ingredient_0648,alias_1469,HAS_ALIAS
ingredient_0649,alias_1470,HAS_ALIAS
ingredient_0650,alias_1471,HAS_ALIAS
ingredient_0651,alias_1472,HAS_ALIAS
ingredient_0652,alias_1473,HAS_ALIAS
ingredient_0652,alias_1474,HAS_ALIAS
ingredient_0653,alias_1475,HAS_ALIAS
ingredient_0654,alias_1476,HAS_ALIAS
ingredient_0655,alias_1477,HAS_ALIAS
ingredient_0656,alias_1478,HAS_ALIAS
ingredient_0657,alias_1479,HAS_ALIAS
ingredient_0658,alias_1480,HAS_ALIAS
ingredient_0659,alias_1481,HAS_ALIAS
ingredient_0660,alias_1482,HAS_ALIAS
ingredient_0661,alias_1483,HAS_ALIAS
ingredient_0662,alias_1484,HAS_ALIAS
ingredient_0663,alias_1485,HAS_ALIAS
ingredient_0664,alias_1486,HAS_ALIAS
ingredient_0665,alias_1487,HAS_ALIAS
ingredient_0666,alias_1488,HAS_ALIAS
ingredient_0667,alias_1489,HAS_ALIAS
ingredient_0668,alias_1490,HAS_ALIAS
ingredient_0668,alias_1491,HAS_ALIAS
ingredient_0668,alias_1492,HAS_ALIAS
ingredient_0669,alias_1493,HAS_ALIAS
ingredient_0670,alias_1494,HAS_ALIAS
ingredient_0671,alias_1495,HAS_ALIAS
ingredient_0671,alias_1496,HAS_ALIAS
ingredient_0671,alias_1459,HAS_ALIAS
ingredient_0672,alias_1497,HAS_ALIAS
ingredient_0672,alias_1498,HAS_ALIAS
ingredient_0672,alias_1499,HAS_ALIAS
ingredient_0672,alias_0947,HAS_ALIAS
ingredient_0672,alias_0091,HAS_ALIAS
ingredient_0673,alias_1500,HAS_ALIAS
ingredient_0673,alias_1501,HAS_ALIAS
ingredient_0674,alias_1502,HAS_ALIAS
ingredient_0674,alias_1503,HAS_ALIAS
ingredient_0674,alias_1504,HAS_ALIAS
ingredient_0674,alias_1505,HAS_ALIAS
ingredient_0674,alias_1506,HAS_ALIAS
ingredient_0674,alias_1507,HAS_ALIAS
ingredient_0674,alias_1508,HAS_ALIAS
ingredient_0674,alias_1509,HAS_ALIAS
ingredient_0674,alias_1510,HAS_ALIAS
ingredient_0675,alias_1511,HAS_ALIAS
ingredient_0676,alias_1512,HAS_ALIAS
ingredient_0677,alias_1513,HAS_ALIAS
ingredient_0678,alias_1514,HAS_ALIAS
ingredient_0679,alias_1515,HAS_ALIAS
ingredient_0679,alias_1516,HAS_ALIAS
ingredient_0679,alias_1517,HAS_ALIAS
ingredient_0680,alias_1518,HAS_ALIAS
ingredient_0680,alias_1519,HAS_ALIAS
ingredient_0681,alias_1520,HAS_ALIAS
ingredient_0682,alias_1521,HAS_ALIAS
ingredient_0682,alias_1522,HAS_ALIAS
ingredient_0683,alias_1523,HAS_ALIAS
ingredient_0684,alias_1524,HAS_ALIAS
ingredient_0685,alias_1525,HAS_ALIAS
ingredient_0686,alias_1526,HAS_ALIAS
ingredient_0686,alias_1527,HAS_ALIAS
ingredient_0686,alias_1528,HAS_ALIAS
ingredient_0686,alias_1529,HAS_ALIAS
ingredient_0686,alias_1523,HAS_ALIAS
ingredient_0686,alias_1530,HAS_ALIAS
ingredient_0686,alias_1531,HAS_ALIAS
ingredient_0687,alias_1532,HAS_ALIAS
ingredient_0688,alias_1533,HAS_ALIAS
ingredient_0689,alias_1534,HAS_ALIAS
ingredient_0690,alias_1535,HAS_ALIAS
ingredient_0690,alias_1536,HAS_ALIAS
ingredient_0691,alias_1537,HAS_ALIAS
ingredient_0691,alias_1538,HAS_ALIAS
ingredient_0692,alias_1539,HAS_ALIAS
ingredient_0692,alias_1540,HAS_ALIAS
ingredient_0692,alias_1541,HAS_ALIAS
ingredient_0693,alias_1542,HAS_ALIAS
ingredient_0694,alias_1543,HAS_ALIAS
ingredient_0695,alias_1544,HAS_ALIAS
ingredient_0696,alias_1545,HAS_ALIAS
ingredient_0697,alias_1546,HAS_ALIAS
ingredient_0697,alias_1547,HAS_ALIAS
ingredient_0697,alias_0686,HAS_ALIAS
ingredient_0698,alias_1548,HAS_ALIAS
ingredient_0698,alias_1549,HAS_ALIAS
ingredient_0699,alias_1550,HAS_ALIAS
ingredient_0700,alias_1551,HAS_ALIAS
ingredient_0701,alias_1552,HAS_ALIAS
ingredient_0701,alias_1553,HAS_ALIAS
ingredient_0702,alias_1554,HAS_ALIAS
ingredient_0703,alias_1555,HAS_ALIAS
ingredient_0704,alias_1556,HAS_ALIAS
ingredient_0704,alias_1557,HAS_ALIAS
ingredient_0704,alias_1558,HAS_ALIAS
ingredient_0705,alias_1559,HAS_ALIAS
ingredient_0705,alias_1560,HAS_ALIAS
ingredient_0705,alias_1561,HAS_ALIAS
ingredient_0706,alias_1562,HAS_ALIAS
ingredient_0706,alias_1563,HAS_ALIAS
ingredient_0707,alias_1564,HAS_ALIAS
ingredient_0708,alias_1565,HAS_ALIAS
ingredient_0708,alias_1566,HAS_ALIAS
ingredient_0708,alias_1567,HAS_ALIAS
ingredient_0709,alias_1568,HAS_ALIAS
ingredient_0710,alias_1569,HAS_ALIAS
ingredient_0710,alias_1570,HAS_ALIAS
ingredient_0711,alias_1571,HAS_ALIAS
ingredient_0712,alias_1572,HAS_ALIAS
ingredient_0713,alias_1573,HAS_ALIAS
ingredient_0714,alias_1574,HAS_ALIAS
ingredient_0715,alias_1575,HAS_ALIAS
ingredient_0716,alias_1576,HAS_ALIAS
ingredient_0717,alias_1577,HAS_ALIAS
ingredient_0718,alias_1578,HAS_ALIAS
ingredient_0718,alias_1579,HAS_ALIAS
ingredient_0718,alias_1580,HAS_ALIAS
ingredient_0719,alias_1581,HAS_ALIAS
ingredient_0719,alias_1582,HAS_ALIAS
ingredient_0720,alias_1583,HAS_ALIAS
ingredient_0721,alias_1584,HAS_ALIAS
ingredient_0722,alias_1585,HAS_ALIAS
ingredient_0723,alias_1586,HAS_ALIAS
ingredient_0724,alias_1587,HAS_ALIAS
ingredient_0724,alias_1588,HAS_ALIAS
ingredient_0725,alias_1589,HAS_ALIAS
ingredient_0726,alias_1590,HAS_ALIAS
ingredient_0727,alias_1591,HAS_ALIAS
ingredient_0728,alias_1592,HAS_ALIAS
ingredient_0729,alias_1593,HAS_ALIAS
ingredient_0729,alias_1594,HAS_ALIAS
ingredient_0729,alias_1595,HAS_ALIAS
ingredient_0730,alias_1596,HAS_ALIAS
ingredient_0731,alias_1597,HAS_ALIAS
ingredient_0732,alias_1598,HAS_ALIAS
ingredient_0732,alias_1599,HAS_ALIAS
ingredient_0733,alias_1600,HAS_ALIAS
ingredient_0733,alias_1601,HAS_ALIAS
ingredient_0733,alias_1576,HAS_ALIAS
ingredient_0734,alias_1602,HAS_ALIAS
ingredient_0735,alias_1603,HAS_ALIAS
ingredient_0736,alias_1604,HAS_ALIAS
ingredient_0736,alias_1605,HAS_ALIAS
ingredient_0736,alias_1606,HAS_ALIAS
ingredient_0737,alias_1607,HAS_ALIAS
ingredient_0738,alias_1608,HAS_ALIAS
