"ingredient_id","nutrition_id","relationship"
"ingredient_0001","nutrition_0001","HAS_NUTRITION"
"ingredient_0002","nutrition_0002","HAS_NUTRITION"
"ingredient_0003","nutrition_0003","HAS_NUTRITION"
"ingredient_0004","nutrition_0004","HAS_NUTRITION"
"ingredient_0005","nutrition_0005","HAS_NUTRITION"
"ingredient_0006","nutrition_0006","HAS_NUTRITION"
"ingredient_0007","nutrition_0007","HAS_NUTRITION"
"ingredient_0008","nutrition_0008","HAS_NUTRITION"
"ingredient_0009","nutrition_0009","HAS_NUTRITION"
"ingredient_0010","nutrition_0010","HAS_NUTRITION"
"ingredient_0011","nutrition_0011","HAS_NUTRITION"
"ingredient_0012","nutrition_0012","HAS_NUTRITION"
"ingredient_0013","nutrition_0013","HAS_NUTRITION"
"ingredient_0014","nutrition_0014","HAS_NUTRITION"
"ingredient_0015","nutrition_0015","HAS_NUTRITION"
"ingredient_0016","nutrition_0016","HAS_NUTRITION"
"ingredient_0017","nutrition_0017","HAS_NUTRITION"
"ingredient_0018","nutrition_0018","HAS_NUTRITION"
"ingredient_0019","nutrition_0019","HAS_NUTRITION"
"ingredient_0020","nutrition_0020","HAS_NUTRITION"
"ingredient_0021","nutrition_0021","HAS_NUTRITION"
"ingredient_0022","nutrition_0022","HAS_NUTRITION"
"ingredient_0023","nutrition_0023","HAS_NUTRITION"
"ingredient_0024","nutrition_0024","HAS_NUTRITION"
"ingredient_0025","nutrition_0025","HAS_NUTRITION"
"ingredient_0026","nutrition_0026","HAS_NUTRITION"
"ingredient_0027","nutrition_0027","HAS_NUTRITION"
"ingredient_0028","nutrition_0028","HAS_NUTRITION"
"ingredient_0029","nutrition_0029","HAS_NUTRITION"
"ingredient_0030","nutrition_0030","HAS_NUTRITION"
"ingredient_0031","nutrition_0031","HAS_NUTRITION"
"ingredient_0032","nutrition_0032","HAS_NUTRITION"
"ingredient_0033","nutrition_0033","HAS_NUTRITION"
"ingredient_0034","nutrition_0034","HAS_NUTRITION"
"ingredient_0035","nutrition_0035","HAS_NUTRITION"
"ingredient_0036","nutrition_0036","HAS_NUTRITION"
"ingredient_0037","nutrition_0037","HAS_NUTRITION"
"ingredient_0038","nutrition_0038","HAS_NUTRITION"
"ingredient_0039","nutrition_0039","HAS_NUTRITION"
"ingredient_0040","nutrition_0040","HAS_NUTRITION"
"ingredient_0041","nutrition_0041","HAS_NUTRITION"
"ingredient_0042","nutrition_0042","HAS_NUTRITION"
"ingredient_0043","nutrition_0043","HAS_NUTRITION"
"ingredient_0044","nutrition_0044","HAS_NUTRITION"
"ingredient_0045","nutrition_0045","HAS_NUTRITION"
"ingredient_0046","nutrition_0046","HAS_NUTRITION"
"ingredient_0047","nutrition_0047","HAS_NUTRITION"
"ingredient_0672","nutrition_0048","HAS_NUTRITION"
"ingredient_0049","nutrition_0049","HAS_NUTRITION"
"ingredient_0051","nutrition_0051","HAS_NUTRITION"
"ingredient_0052","nutrition_0052","HAS_NUTRITION"
"ingredient_0053","nutrition_0053","HAS_NUTRITION"
"ingredient_0054","nutrition_0054","HAS_NUTRITION"
"ingredient_0055","nutrition_0055","HAS_NUTRITION"
"ingredient_0056","nutrition_0056","HAS_NUTRITION"
"ingredient_0058","nutrition_0058","HAS_NUTRITION"
"ingredient_0059","nutrition_0059","HAS_NUTRITION"
"ingredient_0060","nutrition_0060","HAS_NUTRITION"
"ingredient_0061","nutrition_0061","HAS_NUTRITION"
"ingredient_0062","nutrition_0062","HAS_NUTRITION"
"ingredient_0063","nutrition_0063","HAS_NUTRITION"
"ingredient_0064","nutrition_0064","HAS_NUTRITION"
"ingredient_0065","nutrition_0065","HAS_NUTRITION"
"ingredient_0065","nutrition_0066","HAS_NUTRITION"
"ingredient_0067","nutrition_0067","HAS_NUTRITION"
"ingredient_0068","nutrition_0068","HAS_NUTRITION"
"ingredient_0069","nutrition_0069","HAS_NUTRITION"
"ingredient_0070","nutrition_0070","HAS_NUTRITION"
"ingredient_0071","nutrition_0071","HAS_NUTRITION"
"ingredient_0072","nutrition_0072","HAS_NUTRITION"
"ingredient_0073","nutrition_0073","HAS_NUTRITION"
"ingredient_0074","nutrition_0074","HAS_NUTRITION"
"ingredient_0075","nutrition_0075","HAS_NUTRITION"
"ingredient_0076","nutrition_0076","HAS_NUTRITION"
"ingredient_0077","nutrition_0077","HAS_NUTRITION"
"ingredient_0078","nutrition_0078","HAS_NUTRITION"
"ingredient_0079","nutrition_0079","HAS_NUTRITION"
"ingredient_0080","nutrition_0080","HAS_NUTRITION"
"ingredient_0081","nutrition_0081","HAS_NUTRITION"
"ingredient_0082","nutrition_0082","HAS_NUTRITION"
"ingredient_0083","nutrition_0083","HAS_NUTRITION"
"ingredient_0084","nutrition_0084","HAS_NUTRITION"
"ingredient_0085","nutrition_0085","HAS_NUTRITION"
"ingredient_0086","nutrition_0086","HAS_NUTRITION"
"ingredient_0087","nutrition_0087","HAS_NUTRITION"
"ingredient_0088","nutrition_0088","HAS_NUTRITION"
"ingredient_0089","nutrition_0089","HAS_NUTRITION"
"ingredient_0090","nutrition_0090","HAS_NUTRITION"
"ingredient_0091","nutrition_0091","HAS_NUTRITION"
"ingredient_0092","nutrition_0092","HAS_NUTRITION"
"ingredient_0076","nutrition_0093","HAS_NUTRITION"
"ingredient_0094","nutrition_0094","HAS_NUTRITION"
"ingredient_0095","nutrition_0095","HAS_NUTRITION"
"ingredient_0096","nutrition_0096","HAS_NUTRITION"
"ingredient_0097","nutrition_0097","HAS_NUTRITION"
"ingredient_0098","nutrition_0098","HAS_NUTRITION"
"ingredient_0099","nutrition_0099","HAS_NUTRITION"
"ingredient_0100","nutrition_0100","HAS_NUTRITION"
"ingredient_0101","nutrition_0101","HAS_NUTRITION"
"ingredient_0102","nutrition_0102","HAS_NUTRITION"
"ingredient_0103","nutrition_0103","HAS_NUTRITION"
"ingredient_0104","nutrition_0104","HAS_NUTRITION"
"ingredient_0105","nutrition_0105","HAS_NUTRITION"
"ingredient_0106","nutrition_0106","HAS_NUTRITION"
"ingredient_0107","nutrition_0107","HAS_NUTRITION"
"ingredient_0108","nutrition_0108","HAS_NUTRITION"
"ingredient_0109","nutrition_0109","HAS_NUTRITION"
"ingredient_0110","nutrition_0110","HAS_NUTRITION"
"ingredient_0111","nutrition_0111","HAS_NUTRITION"
"ingredient_0113","nutrition_0113","HAS_NUTRITION"
"ingredient_0114","nutrition_0114","HAS_NUTRITION"
"ingredient_0115","nutrition_0115","HAS_NUTRITION"
"ingredient_0116","nutrition_0116","HAS_NUTRITION"
"ingredient_0119","nutrition_0119","HAS_NUTRITION"
"ingredient_0120","nutrition_0120","HAS_NUTRITION"
"ingredient_0122","nutrition_0122","HAS_NUTRITION"
"ingredient_0123","nutrition_0123","HAS_NUTRITION"
"ingredient_0124","nutrition_0124","HAS_NUTRITION"
"ingredient_0125","nutrition_0125","HAS_NUTRITION"
"ingredient_0126","nutrition_0126","HAS_NUTRITION"
"ingredient_0127","nutrition_0127","HAS_NUTRITION"
"ingredient_0128","nutrition_0128","HAS_NUTRITION"
"ingredient_0129","nutrition_0129","HAS_NUTRITION"
"ingredient_0130","nutrition_0130","HAS_NUTRITION"
"ingredient_0131","nutrition_0131","HAS_NUTRITION"
"ingredient_0134","nutrition_0134","HAS_NUTRITION"
"ingredient_0135","nutrition_0135","HAS_NUTRITION"
"ingredient_0137","nutrition_0137","HAS_NUTRITION"
"ingredient_0138","nutrition_0138","HAS_NUTRITION"
"ingredient_0139","nutrition_0139","HAS_NUTRITION"
"ingredient_0140","nutrition_0140","HAS_NUTRITION"
"ingredient_0141","nutrition_0141","HAS_NUTRITION"
"ingredient_0142","nutrition_0142","HAS_NUTRITION"
"ingredient_0143","nutrition_0143","HAS_NUTRITION"
"ingredient_0144","nutrition_0144","HAS_NUTRITION"
"ingredient_0145","nutrition_0145","HAS_NUTRITION"
"ingredient_0146","nutrition_0146","HAS_NUTRITION"
"ingredient_0147","nutrition_0147","HAS_NUTRITION"
"ingredient_0148","nutrition_0148","HAS_NUTRITION"
"ingredient_0149","nutrition_0149","HAS_NUTRITION"
"ingredient_0150","nutrition_0150","HAS_NUTRITION"
"ingredient_0151","nutrition_0151","HAS_NUTRITION"
"ingredient_0152","nutrition_0152","HAS_NUTRITION"
"ingredient_0153","nutrition_0153","HAS_NUTRITION"
"ingredient_0154","nutrition_0154","HAS_NUTRITION"
"ingredient_0155","nutrition_0155","HAS_NUTRITION"
"ingredient_0156","nutrition_0156","HAS_NUTRITION"
"ingredient_0157","nutrition_0157","HAS_NUTRITION"
"ingredient_0158","nutrition_0158","HAS_NUTRITION"
"ingredient_0159","nutrition_0159","HAS_NUTRITION"
"ingredient_0160","nutrition_0160","HAS_NUTRITION"
"ingredient_0161","nutrition_0161","HAS_NUTRITION"
"ingredient_0162","nutrition_0162","HAS_NUTRITION"
"ingredient_0163","nutrition_0163","HAS_NUTRITION"
"ingredient_0164","nutrition_0164","HAS_NUTRITION"
"ingredient_0165","nutrition_0165","HAS_NUTRITION"
"ingredient_0166","nutrition_0166","HAS_NUTRITION"
"ingredient_0167","nutrition_0167","HAS_NUTRITION"
"ingredient_0168","nutrition_0168","HAS_NUTRITION"
"ingredient_0169","nutrition_0169","HAS_NUTRITION"
"ingredient_0170","nutrition_0170","HAS_NUTRITION"
"ingredient_0171","nutrition_0171","HAS_NUTRITION"
"ingredient_0172","nutrition_0172","HAS_NUTRITION"
"ingredient_0173","nutrition_0173","HAS_NUTRITION"
"ingredient_0174","nutrition_0174","HAS_NUTRITION"
"ingredient_0175","nutrition_0175","HAS_NUTRITION"
"ingredient_0176","nutrition_0176","HAS_NUTRITION"
"ingredient_0177","nutrition_0177","HAS_NUTRITION"
"ingredient_0178","nutrition_0178","HAS_NUTRITION"
"ingredient_0179","nutrition_0179","HAS_NUTRITION"
"ingredient_0180","nutrition_0180","HAS_NUTRITION"
"ingredient_0181","nutrition_0181","HAS_NUTRITION"
"ingredient_0182","nutrition_0182","HAS_NUTRITION"
"ingredient_0183","nutrition_0183","HAS_NUTRITION"
"ingredient_0184","nutrition_0184","HAS_NUTRITION"
"ingredient_0185","nutrition_0185","HAS_NUTRITION"
"ingredient_0186","nutrition_0186","HAS_NUTRITION"
"ingredient_0187","nutrition_0187","HAS_NUTRITION"
"ingredient_0188","nutrition_0188","HAS_NUTRITION"
"ingredient_0189","nutrition_0189","HAS_NUTRITION"
"ingredient_0190","nutrition_0190","HAS_NUTRITION"
"ingredient_0191","nutrition_0191","HAS_NUTRITION"
"ingredient_0192","nutrition_0192","HAS_NUTRITION"
"ingredient_0193","nutrition_0193","HAS_NUTRITION"
"ingredient_0194","nutrition_0194","HAS_NUTRITION"
"ingredient_0195","nutrition_0195","HAS_NUTRITION"
"ingredient_0196","nutrition_0196","HAS_NUTRITION"
"ingredient_0197","nutrition_0197","HAS_NUTRITION"
"ingredient_0198","nutrition_0198","HAS_NUTRITION"
"ingredient_0199","nutrition_0199","HAS_NUTRITION"
"ingredient_0200","nutrition_0200","HAS_NUTRITION"
"ingredient_0201","nutrition_0201","HAS_NUTRITION"
"ingredient_0202","nutrition_0202","HAS_NUTRITION"
"ingredient_0203","nutrition_0203","HAS_NUTRITION"
"ingredient_0204","nutrition_0204","HAS_NUTRITION"
"ingredient_0205","nutrition_0205","HAS_NUTRITION"
"ingredient_0206","nutrition_0206","HAS_NUTRITION"
"ingredient_0207","nutrition_0207","HAS_NUTRITION"
"ingredient_0208","nutrition_0208","HAS_NUTRITION"
"ingredient_0209","nutrition_0209","HAS_NUTRITION"
"ingredient_0210","nutrition_0210","HAS_NUTRITION"
"ingredient_0211","nutrition_0211","HAS_NUTRITION"
"ingredient_0212","nutrition_0212","HAS_NUTRITION"
"ingredient_0213","nutrition_0213","HAS_NUTRITION"
"ingredient_0214","nutrition_0214","HAS_NUTRITION"
"ingredient_0215","nutrition_0215","HAS_NUTRITION"
"ingredient_0216","nutrition_0216","HAS_NUTRITION"
"ingredient_0217","nutrition_0217","HAS_NUTRITION"
"ingredient_0218","nutrition_0218","HAS_NUTRITION"
"ingredient_0219","nutrition_0219","HAS_NUTRITION"
"ingredient_0220","nutrition_0220","HAS_NUTRITION"
"ingredient_0221","nutrition_0221","HAS_NUTRITION"
"ingredient_0222","nutrition_0222","HAS_NUTRITION"
"ingredient_0223","nutrition_0223","HAS_NUTRITION"
"ingredient_0224","nutrition_0224","HAS_NUTRITION"
"ingredient_0225","nutrition_0225","HAS_NUTRITION"
"ingredient_0226","nutrition_0226","HAS_NUTRITION"
"ingredient_0227","nutrition_0227","HAS_NUTRITION"
"ingredient_0228","nutrition_0228","HAS_NUTRITION"
"ingredient_0229","nutrition_0229","HAS_NUTRITION"
"ingredient_0230","nutrition_0230","HAS_NUTRITION"
"ingredient_0231","nutrition_0231","HAS_NUTRITION"
"ingredient_0232","nutrition_0232","HAS_NUTRITION"
"ingredient_0233","nutrition_0233","HAS_NUTRITION"
"ingredient_0234","nutrition_0234","HAS_NUTRITION"
"ingredient_0235","nutrition_0235","HAS_NUTRITION"
"ingredient_0236","nutrition_0236","HAS_NUTRITION"
"ingredient_0237","nutrition_0237","HAS_NUTRITION"
"ingredient_0238","nutrition_0238","HAS_NUTRITION"
"ingredient_0239","nutrition_0239","HAS_NUTRITION"
"ingredient_0240","nutrition_0240","HAS_NUTRITION"
"ingredient_0241","nutrition_0241","HAS_NUTRITION"
"ingredient_0242","nutrition_0242","HAS_NUTRITION"
"ingredient_0243","nutrition_0243","HAS_NUTRITION"
"ingredient_0244","nutrition_0244","HAS_NUTRITION"
"ingredient_0245","nutrition_0245","HAS_NUTRITION"
"ingredient_0246","nutrition_0246","HAS_NUTRITION"
"ingredient_0247","nutrition_0247","HAS_NUTRITION"
"ingredient_0248","nutrition_0248","HAS_NUTRITION"
"ingredient_0249","nutrition_0249","HAS_NUTRITION"
"ingredient_0250","nutrition_0250","HAS_NUTRITION"
"ingredient_0251","nutrition_0251","HAS_NUTRITION"
"ingredient_0252","nutrition_0252","HAS_NUTRITION"
"ingredient_0253","nutrition_0253","HAS_NUTRITION"
"ingredient_0254","nutrition_0254","HAS_NUTRITION"
"ingredient_0255","nutrition_0255","HAS_NUTRITION"
"ingredient_0256","nutrition_0256","HAS_NUTRITION"
"ingredient_0257","nutrition_0257","HAS_NUTRITION"
"ingredient_0258","nutrition_0258","HAS_NUTRITION"
"ingredient_0259","nutrition_0259","HAS_NUTRITION"
"ingredient_0260","nutrition_0260","HAS_NUTRITION"
"ingredient_0261","nutrition_0261","HAS_NUTRITION"
"ingredient_0262","nutrition_0262","HAS_NUTRITION"
"ingredient_0263","nutrition_0263","HAS_NUTRITION"
"ingredient_0264","nutrition_0264","HAS_NUTRITION"
"ingredient_0265","nutrition_0265","HAS_NUTRITION"
"ingredient_0266","nutrition_0266","HAS_NUTRITION"
"ingredient_0267","nutrition_0267","HAS_NUTRITION"
"ingredient_0268","nutrition_0268","HAS_NUTRITION"
"ingredient_0269","nutrition_0269","HAS_NUTRITION"
"ingredient_0270","nutrition_0270","HAS_NUTRITION"
"ingredient_0271","nutrition_0271","HAS_NUTRITION"
"ingredient_0272","nutrition_0272","HAS_NUTRITION"
"ingredient_0273","nutrition_0273","HAS_NUTRITION"
"ingredient_0274","nutrition_0274","HAS_NUTRITION"
"ingredient_0275","nutrition_0275","HAS_NUTRITION"
"ingredient_0276","nutrition_0276","HAS_NUTRITION"
"ingredient_0277","nutrition_0277","HAS_NUTRITION"
"ingredient_0278","nutrition_0278","HAS_NUTRITION"
"ingredient_0279","nutrition_0279","HAS_NUTRITION"
"ingredient_0280","nutrition_0280","HAS_NUTRITION"
"ingredient_0281","nutrition_0281","HAS_NUTRITION"
"ingredient_0283","nutrition_0282","HAS_NUTRITION"
"ingredient_0284","nutrition_0283","HAS_NUTRITION"
"ingredient_0285","nutrition_0284","HAS_NUTRITION"
"ingredient_0286","nutrition_0285","HAS_NUTRITION"
"ingredient_0287","nutrition_0286","HAS_NUTRITION"
"ingredient_0288","nutrition_0287","HAS_NUTRITION"
"ingredient_0289","nutrition_0288","HAS_NUTRITION"
"ingredient_0290","nutrition_0289","HAS_NUTRITION"
"ingredient_0291","nutrition_0290","HAS_NUTRITION"
"ingredient_0292","nutrition_0291","HAS_NUTRITION"
"ingredient_0293","nutrition_0292","HAS_NUTRITION"
"ingredient_0697","nutrition_0293","HAS_NUTRITION"
"ingredient_0295","nutrition_0294","HAS_NUTRITION"
"ingredient_0296","nutrition_0295","HAS_NUTRITION"
"ingredient_0297","nutrition_0296","HAS_NUTRITION"
"ingredient_0298","nutrition_0297","HAS_NUTRITION"
"ingredient_0299","nutrition_0298","HAS_NUTRITION"
"ingredient_0300","nutrition_0299","HAS_NUTRITION"
"ingredient_0301","nutrition_0300","HAS_NUTRITION"
"ingredient_0302","nutrition_0301","HAS_NUTRITION"
"ingredient_0303","nutrition_0302","HAS_NUTRITION"
"ingredient_0304","nutrition_0303","HAS_NUTRITION"
"ingredient_0305","nutrition_0304","HAS_NUTRITION"
"ingredient_0306","nutrition_0305","HAS_NUTRITION"
"ingredient_0307","nutrition_0306","HAS_NUTRITION"
"ingredient_0308","nutrition_0307","HAS_NUTRITION"
"ingredient_0309","nutrition_0308","HAS_NUTRITION"
"ingredient_0310","nutrition_0309","HAS_NUTRITION"
"ingredient_0311","nutrition_0310","HAS_NUTRITION"
"ingredient_0312","nutrition_0311","HAS_NUTRITION"
"ingredient_0313","nutrition_0312","HAS_NUTRITION"
"ingredient_0314","nutrition_0313","HAS_NUTRITION"
"ingredient_0315","nutrition_0314","HAS_NUTRITION"
"ingredient_0316","nutrition_0315","HAS_NUTRITION"
"ingredient_0317","nutrition_0316","HAS_NUTRITION"
"ingredient_0318","nutrition_0317","HAS_NUTRITION"
"ingredient_0319","nutrition_0318","HAS_NUTRITION"
"ingredient_0320","nutrition_0319","HAS_NUTRITION"
"ingredient_0321","nutrition_0320","HAS_NUTRITION"
"ingredient_0322","nutrition_0321","HAS_NUTRITION"
"ingredient_0323","nutrition_0322","HAS_NUTRITION"
"ingredient_0324","nutrition_0323","HAS_NUTRITION"
"ingredient_0325","nutrition_0324","HAS_NUTRITION"
"ingredient_0326","nutrition_0325","HAS_NUTRITION"
"ingredient_0327","nutrition_0326","HAS_NUTRITION"
"ingredient_0328","nutrition_0327","HAS_NUTRITION"
"ingredient_0329","nutrition_0328","HAS_NUTRITION"
"ingredient_0330","nutrition_0329","HAS_NUTRITION"
"ingredient_0331","nutrition_0330","HAS_NUTRITION"
"ingredient_0332","nutrition_0331","HAS_NUTRITION"
"ingredient_0333","nutrition_0332","HAS_NUTRITION"
"ingredient_0334","nutrition_0333","HAS_NUTRITION"
"ingredient_0335","nutrition_0334","HAS_NUTRITION"
"ingredient_0334","nutrition_0335","HAS_NUTRITION"
"ingredient_0337","nutrition_0336","HAS_NUTRITION"
"ingredient_0338","nutrition_0337","HAS_NUTRITION"
"ingredient_0339","nutrition_0338","HAS_NUTRITION"
"ingredient_0340","nutrition_0339","HAS_NUTRITION"
"ingredient_0341","nutrition_0340","HAS_NUTRITION"
"ingredient_0342","nutrition_0341","HAS_NUTRITION"
"ingredient_0344","nutrition_0343","HAS_NUTRITION"
"ingredient_0345","nutrition_0344","HAS_NUTRITION"
"ingredient_0346","nutrition_0345","HAS_NUTRITION"
"ingredient_0347","nutrition_0346","HAS_NUTRITION"
"ingredient_0348","nutrition_0347","HAS_NUTRITION"
"ingredient_0350","nutrition_0349","HAS_NUTRITION"
"ingredient_0351","nutrition_0350","HAS_NUTRITION"
"ingredient_0352","nutrition_0351","HAS_NUTRITION"
"ingredient_0353","nutrition_0352","HAS_NUTRITION"
"ingredient_0354","nutrition_0353","HAS_NUTRITION"
"ingredient_0355","nutrition_0354","HAS_NUTRITION"
"ingredient_0356","nutrition_0355","HAS_NUTRITION"
"ingredient_0357","nutrition_0356","HAS_NUTRITION"
"ingredient_0358","nutrition_0357","HAS_NUTRITION"
"ingredient_0359","nutrition_0358","HAS_NUTRITION"
"ingredient_0360","nutrition_0359","HAS_NUTRITION"
"ingredient_0361","nutrition_0360","HAS_NUTRITION"
"ingredient_0362","nutrition_0361","HAS_NUTRITION"
"ingredient_0363","nutrition_0362","HAS_NUTRITION"
"ingredient_0364","nutrition_0363","HAS_NUTRITION"
"ingredient_0365","nutrition_0364","HAS_NUTRITION"
"ingredient_0366","nutrition_0365","HAS_NUTRITION"
"ingredient_0367","nutrition_0366","HAS_NUTRITION"
"ingredient_0368","nutrition_0367","HAS_NUTRITION"
"ingredient_0369","nutrition_0368","HAS_NUTRITION"
"ingredient_0370","nutrition_0369","HAS_NUTRITION"
"ingredient_0371","nutrition_0370","HAS_NUTRITION"
"ingredient_0368","nutrition_0371","HAS_NUTRITION"
"ingredient_0373","nutrition_0372","HAS_NUTRITION"
"ingredient_0374","nutrition_0373","HAS_NUTRITION"
"ingredient_0375","nutrition_0374","HAS_NUTRITION"
"ingredient_0376","nutrition_0375","HAS_NUTRITION"
"ingredient_0377","nutrition_0376","HAS_NUTRITION"
"ingredient_0378","nutrition_0377","HAS_NUTRITION"
"ingredient_0379","nutrition_0378","HAS_NUTRITION"
"ingredient_0375","nutrition_0379","HAS_NUTRITION"
"ingredient_0382","nutrition_0381","HAS_NUTRITION"
"ingredient_0383","nutrition_0382","HAS_NUTRITION"
"ingredient_0384","nutrition_0383","HAS_NUTRITION"
"ingredient_0385","nutrition_0384","HAS_NUTRITION"
"ingredient_0386","nutrition_0385","HAS_NUTRITION"
"ingredient_0387","nutrition_0386","HAS_NUTRITION"
"ingredient_0388","nutrition_0387","HAS_NUTRITION"
"ingredient_0389","nutrition_0388","HAS_NUTRITION"
"ingredient_0391","nutrition_0390","HAS_NUTRITION"
"ingredient_0393","nutrition_0392","HAS_NUTRITION"
"ingredient_0391","nutrition_0397","HAS_NUTRITION"
"ingredient_0399","nutrition_0398","HAS_NUTRITION"
"ingredient_0403","nutrition_0402","HAS_NUTRITION"
"ingredient_0404","nutrition_0403","HAS_NUTRITION"
"ingredient_0405","nutrition_0404","HAS_NUTRITION"
"ingredient_0412","nutrition_0411","HAS_NUTRITION"
"ingredient_0413","nutrition_0412","HAS_NUTRITION"
"ingredient_0417","nutrition_0413","HAS_NUTRITION"
"ingredient_0415","nutrition_0414","HAS_NUTRITION"
"ingredient_0417","nutrition_0416","HAS_NUTRITION"
"ingredient_0418","nutrition_0417","HAS_NUTRITION"
"ingredient_0419","nutrition_0418","HAS_NUTRITION"
"ingredient_0420","nutrition_0419","HAS_NUTRITION"
"ingredient_0421","nutrition_0420","HAS_NUTRITION"
"ingredient_0423","nutrition_0422","HAS_NUTRITION"
"ingredient_0424","nutrition_0423","HAS_NUTRITION"
"ingredient_0425","nutrition_0424","HAS_NUTRITION"
"ingredient_0426","nutrition_0425","HAS_NUTRITION"
"ingredient_0427","nutrition_0426","HAS_NUTRITION"
"ingredient_0428","nutrition_0427","HAS_NUTRITION"
"ingredient_0429","nutrition_0428","HAS_NUTRITION"
"ingredient_0430","nutrition_0429","HAS_NUTRITION"
"ingredient_0431","nutrition_0430","HAS_NUTRITION"
"ingredient_0432","nutrition_0431","HAS_NUTRITION"
"ingredient_0433","nutrition_0432","HAS_NUTRITION"
"ingredient_0434","nutrition_0433","HAS_NUTRITION"
"ingredient_0435","nutrition_0434","HAS_NUTRITION"
"ingredient_0436","nutrition_0435","HAS_NUTRITION"
"ingredient_0437","nutrition_0436","HAS_NUTRITION"
"ingredient_0438","nutrition_0437","HAS_NUTRITION"
"ingredient_0439","nutrition_0438","HAS_NUTRITION"
"ingredient_0440","nutrition_0439","HAS_NUTRITION"
"ingredient_0441","nutrition_0440","HAS_NUTRITION"
"ingredient_0438","nutrition_0441","HAS_NUTRITION"
"ingredient_0443","nutrition_0442","HAS_NUTRITION"
"ingredient_0443","nutrition_0443","HAS_NUTRITION"
"ingredient_0445","nutrition_0444","HAS_NUTRITION"
"ingredient_0446","nutrition_0445","HAS_NUTRITION"
"ingredient_0447","nutrition_0446","HAS_NUTRITION"
"ingredient_0448","nutrition_0447","HAS_NUTRITION"
"ingredient_0449","nutrition_0448","HAS_NUTRITION"
"ingredient_0450","nutrition_0449","HAS_NUTRITION"
"ingredient_0451","nutrition_0450","HAS_NUTRITION"
"ingredient_0452","nutrition_0451","HAS_NUTRITION"
"ingredient_0453","nutrition_0452","HAS_NUTRITION"
"ingredient_0454","nutrition_0453","HAS_NUTRITION"
"ingredient_0455","nutrition_0454","HAS_NUTRITION"
"ingredient_0456","nutrition_0455","HAS_NUTRITION"
"ingredient_0457","nutrition_0456","HAS_NUTRITION"
"ingredient_0458","nutrition_0457","HAS_NUTRITION"
"ingredient_0459","nutrition_0458","HAS_NUTRITION"
"ingredient_0460","nutrition_0459","HAS_NUTRITION"
"ingredient_0461","nutrition_0460","HAS_NUTRITION"
"ingredient_0462","nutrition_0461","HAS_NUTRITION"
"ingredient_0463","nutrition_0462","HAS_NUTRITION"
"ingredient_0076","nutrition_0463","HAS_NUTRITION"
"ingredient_0672","nutrition_0464","HAS_NUTRITION"
"ingredient_0467","nutrition_0466","HAS_NUTRITION"
"ingredient_0469","nutrition_0468","HAS_NUTRITION"
"ingredient_0470","nutrition_0469","HAS_NUTRITION"
"ingredient_0472","nutrition_0471","HAS_NUTRITION"
"ingredient_0473","nutrition_0472","HAS_NUTRITION"
"ingredient_0474","nutrition_0473","HAS_NUTRITION"
"ingredient_0475","nutrition_0474","HAS_NUTRITION"
"ingredient_0477","nutrition_0476","HAS_NUTRITION"
"ingredient_0478","nutrition_0477","HAS_NUTRITION"
"ingredient_0479","nutrition_0478","HAS_NUTRITION"
"ingredient_0480","nutrition_0479","HAS_NUTRITION"
"ingredient_0481","nutrition_0480","HAS_NUTRITION"
"ingredient_0482","nutrition_0481","HAS_NUTRITION"
"ingredient_0483","nutrition_0482","HAS_NUTRITION"
"ingredient_0484","nutrition_0483","HAS_NUTRITION"
"ingredient_0485","nutrition_0484","HAS_NUTRITION"
"ingredient_0065","nutrition_0485","HAS_NUTRITION"
"ingredient_0076","nutrition_0486","HAS_NUTRITION"
"ingredient_0076","nutrition_0487","HAS_NUTRITION"
"ingredient_0489","nutrition_0488","HAS_NUTRITION"
"ingredient_0490","nutrition_0489","HAS_NUTRITION"
"ingredient_0492","nutrition_0491","HAS_NUTRITION"
"ingredient_0493","nutrition_0492","HAS_NUTRITION"
"ingredient_0494","nutrition_0493","HAS_NUTRITION"
"ingredient_0496","nutrition_0495","HAS_NUTRITION"
"ingredient_0497","nutrition_0496","HAS_NUTRITION"
"ingredient_0498","nutrition_0497","HAS_NUTRITION"
"ingredient_0499","nutrition_0498","HAS_NUTRITION"
"ingredient_0500","nutrition_0499","HAS_NUTRITION"
"ingredient_0501","nutrition_0500","HAS_NUTRITION"
"ingredient_0502","nutrition_0501","HAS_NUTRITION"
"ingredient_0503","nutrition_0502","HAS_NUTRITION"
"ingredient_0505","nutrition_0503","HAS_NUTRITION"
"ingredient_0505","nutrition_0504","HAS_NUTRITION"
"ingredient_0506","nutrition_0505","HAS_NUTRITION"
"ingredient_0507","nutrition_0506","HAS_NUTRITION"
"ingredient_0508","nutrition_0507","HAS_NUTRITION"
"ingredient_0509","nutrition_0508","HAS_NUTRITION"
"ingredient_0510","nutrition_0509","HAS_NUTRITION"
"ingredient_0507","nutrition_0510","HAS_NUTRITION"
"ingredient_0512","nutrition_0511","HAS_NUTRITION"
"ingredient_0513","nutrition_0512","HAS_NUTRITION"
"ingredient_0515","nutrition_0514","HAS_NUTRITION"
"ingredient_0516","nutrition_0515","HAS_NUTRITION"
"ingredient_0517","nutrition_0516","HAS_NUTRITION"
"ingredient_0518","nutrition_0517","HAS_NUTRITION"
"ingredient_0519","nutrition_0518","HAS_NUTRITION"
"ingredient_0520","nutrition_0519","HAS_NUTRITION"
"ingredient_0523","nutrition_0522","HAS_NUTRITION"
"ingredient_0524","nutrition_0523","HAS_NUTRITION"
"ingredient_0527","nutrition_0526","HAS_NUTRITION"
"ingredient_0529","nutrition_0528","HAS_NUTRITION"
"ingredient_0531","nutrition_0530","HAS_NUTRITION"
"ingredient_0532","nutrition_0531","HAS_NUTRITION"
"ingredient_0533","nutrition_0532","HAS_NUTRITION"
"ingredient_0534","nutrition_0533","HAS_NUTRITION"
"ingredient_0535","nutrition_0534","HAS_NUTRITION"
"ingredient_0536","nutrition_0535","HAS_NUTRITION"
"ingredient_0730","nutrition_0538","HAS_NUTRITION"
"ingredient_0540","nutrition_0539","HAS_NUTRITION"
"ingredient_0541","nutrition_0540","HAS_NUTRITION"
"ingredient_0542","nutrition_0541","HAS_NUTRITION"
"ingredient_0543","nutrition_0542","HAS_NUTRITION"
"ingredient_0560","nutrition_0543","HAS_NUTRITION"
"ingredient_0545","nutrition_0544","HAS_NUTRITION"
"ingredient_0548","nutrition_0546","HAS_NUTRITION"
"ingredient_0548","nutrition_0547","HAS_NUTRITION"
"ingredient_0550","nutrition_0549","HAS_NUTRITION"
"ingredient_0557","nutrition_0556","HAS_NUTRITION"
"ingredient_0548","nutrition_0557","HAS_NUTRITION"
"ingredient_0560","nutrition_0559","HAS_NUTRITION"
"ingredient_0562","nutrition_0560","HAS_NUTRITION"
"ingredient_0562","nutrition_0561","HAS_NUTRITION"
"ingredient_0564","nutrition_0563","HAS_NUTRITION"
"ingredient_0566","nutrition_0565","HAS_NUTRITION"
"ingredient_0567","nutrition_0566","HAS_NUTRITION"
"ingredient_0570","nutrition_0569","HAS_NUTRITION"
"ingredient_0571","nutrition_0570","HAS_NUTRITION"
"ingredient_0573","nutrition_0572","HAS_NUTRITION"
"ingredient_0574","nutrition_0573","HAS_NUTRITION"
"ingredient_0576","nutrition_0574","HAS_NUTRITION"
"ingredient_0576","nutrition_0575","HAS_NUTRITION"
"ingredient_0577","nutrition_0576","HAS_NUTRITION"
"ingredient_0579","nutrition_0578","HAS_NUTRITION"
"ingredient_0580","nutrition_0579","HAS_NUTRITION"
"ingredient_0581","nutrition_0580","HAS_NUTRITION"
"ingredient_0582","nutrition_0581","HAS_NUTRITION"
"ingredient_0584","nutrition_0583","HAS_NUTRITION"
"ingredient_0585","nutrition_0584","HAS_NUTRITION"
"ingredient_0586","nutrition_0585","HAS_NUTRITION"
"ingredient_0587","nutrition_0586","HAS_NUTRITION"
"ingredient_0589","nutrition_0588","HAS_NUTRITION"
"ingredient_0590","nutrition_0589","HAS_NUTRITION"
"ingredient_0591","nutrition_0590","HAS_NUTRITION"
"ingredient_0592","nutrition_0591","HAS_NUTRITION"
"ingredient_0586","nutrition_0592","HAS_NUTRITION"
"ingredient_0596","nutrition_0595","HAS_NUTRITION"
"ingredient_0077","nutrition_0596","HAS_NUTRITION"
"ingredient_0598","nutrition_0597","HAS_NUTRITION"
"ingredient_0599","nutrition_0598","HAS_NUTRITION"
"ingredient_0605","nutrition_0604","HAS_NUTRITION"
"ingredient_0610","nutrition_0609","HAS_NUTRITION"
"ingredient_0611","nutrition_0610","HAS_NUTRITION"
"ingredient_0613","nutrition_0611","HAS_NUTRITION"
"ingredient_0613","nutrition_0612","HAS_NUTRITION"
"ingredient_0614","nutrition_0613","HAS_NUTRITION"
"ingredient_0615","nutrition_0614","HAS_NUTRITION"
"ingredient_0616","nutrition_0615","HAS_NUTRITION"
"ingredient_0617","nutrition_0616","HAS_NUTRITION"
"ingredient_0618","nutrition_0617","HAS_NUTRITION"
"ingredient_0619","nutrition_0618","HAS_NUTRITION"
"ingredient_0620","nutrition_0619","HAS_NUTRITION"
"ingredient_0621","nutrition_0620","HAS_NUTRITION"
"ingredient_0622","nutrition_0621","HAS_NUTRITION"
"ingredient_0623","nutrition_0622","HAS_NUTRITION"
"ingredient_0624","nutrition_0623","HAS_NUTRITION"
"ingredient_0625","nutrition_0624","HAS_NUTRITION"
"ingredient_0626","nutrition_0625","HAS_NUTRITION"
"ingredient_0627","nutrition_0626","HAS_NUTRITION"
"ingredient_0628","nutrition_0627","HAS_NUTRITION"
"ingredient_0629","nutrition_0628","HAS_NUTRITION"
"ingredient_0630","nutrition_0629","HAS_NUTRITION"
"ingredient_0631","nutrition_0630","HAS_NUTRITION"
"ingredient_0632","nutrition_0631","HAS_NUTRITION"
"ingredient_0633","nutrition_0632","HAS_NUTRITION"
"ingredient_0634","nutrition_0633","HAS_NUTRITION"
"ingredient_0635","nutrition_0634","HAS_NUTRITION"
"ingredient_0636","nutrition_0635","HAS_NUTRITION"
"ingredient_0637","nutrition_0636","HAS_NUTRITION"
"ingredient_0116","nutrition_0637","HAS_NUTRITION"
"ingredient_0639","nutrition_0638","HAS_NUTRITION"
"ingredient_0640","nutrition_0639","HAS_NUTRITION"
"ingredient_0641","nutrition_0640","HAS_NUTRITION"
"ingredient_0642","nutrition_0641","HAS_NUTRITION"
"ingredient_0643","nutrition_0642","HAS_NUTRITION"
"ingredient_0644","nutrition_0643","HAS_NUTRITION"
"ingredient_0645","nutrition_0644","HAS_NUTRITION"
"ingredient_0646","nutrition_0645","HAS_NUTRITION"
"ingredient_0647","nutrition_0646","HAS_NUTRITION"
"ingredient_0648","nutrition_0647","HAS_NUTRITION"
"ingredient_0649","nutrition_0648","HAS_NUTRITION"
"ingredient_0650","nutrition_0649","HAS_NUTRITION"
"ingredient_0651","nutrition_0650","HAS_NUTRITION"
"ingredient_0652","nutrition_0651","HAS_NUTRITION"
"ingredient_0656","nutrition_0652","HAS_NUTRITION"
"ingredient_0654","nutrition_0653","HAS_NUTRITION"
"ingredient_0655","nutrition_0654","HAS_NUTRITION"
"ingredient_0656","nutrition_0655","HAS_NUTRITION"
"ingredient_0657","nutrition_0656","HAS_NUTRITION"
"ingredient_0658","nutrition_0657","HAS_NUTRITION"
"ingredient_0659","nutrition_0658","HAS_NUTRITION"
"ingredient_0660","nutrition_0659","HAS_NUTRITION"
"ingredient_0661","nutrition_0660","HAS_NUTRITION"
"ingredient_0662","nutrition_0661","HAS_NUTRITION"
"ingredient_0663","nutrition_0662","HAS_NUTRITION"
"ingredient_0664","nutrition_0663","HAS_NUTRITION"
"ingredient_0665","nutrition_0664","HAS_NUTRITION"
"ingredient_0666","nutrition_0665","HAS_NUTRITION"
"ingredient_0667","nutrition_0666","HAS_NUTRITION"
"ingredient_0668","nutrition_0667","HAS_NUTRITION"
"ingredient_0669","nutrition_0668","HAS_NUTRITION"
"ingredient_0670","nutrition_0669","HAS_NUTRITION"
"ingredient_0671","nutrition_0670","HAS_NUTRITION"
"ingredient_0672","nutrition_0671","HAS_NUTRITION"
"ingredient_0673","nutrition_0672","HAS_NUTRITION"
"ingredient_0674","nutrition_0673","HAS_NUTRITION"
"ingredient_0675","nutrition_0674","HAS_NUTRITION"
"ingredient_0676","nutrition_0675","HAS_NUTRITION"
"ingredient_0677","nutrition_0676","HAS_NUTRITION"
"ingredient_0678","nutrition_0677","HAS_NUTRITION"
"ingredient_0438","nutrition_0678","HAS_NUTRITION"
"ingredient_0680","nutrition_0679","HAS_NUTRITION"
"ingredient_0681","nutrition_0680","HAS_NUTRITION"
"ingredient_0682","nutrition_0681","HAS_NUTRITION"
"ingredient_0683","nutrition_0682","HAS_NUTRITION"
"ingredient_0684","nutrition_0683","HAS_NUTRITION"
"ingredient_0685","nutrition_0684","HAS_NUTRITION"
"ingredient_0683","nutrition_0685","HAS_NUTRITION"
"ingredient_0687","nutrition_0686","HAS_NUTRITION"
"ingredient_0688","nutrition_0687","HAS_NUTRITION"
"ingredient_0689","nutrition_0688","HAS_NUTRITION"
"ingredient_0690","nutrition_0689","HAS_NUTRITION"
"ingredient_0691","nutrition_0690","HAS_NUTRITION"
"ingredient_0692","nutrition_0691","HAS_NUTRITION"
"ingredient_0693","nutrition_0692","HAS_NUTRITION"
"ingredient_0694","nutrition_0693","HAS_NUTRITION"
"ingredient_0695","nutrition_0694","HAS_NUTRITION"
"ingredient_0696","nutrition_0695","HAS_NUTRITION"
"ingredient_0697","nutrition_0696","HAS_NUTRITION"
"ingredient_0698","nutrition_0697","HAS_NUTRITION"
"ingredient_0699","nutrition_0698","HAS_NUTRITION"
"ingredient_0700","nutrition_0699","HAS_NUTRITION"
"ingredient_0701","nutrition_0700","HAS_NUTRITION"
"ingredient_0702","nutrition_0701","HAS_NUTRITION"
"ingredient_0703","nutrition_0702","HAS_NUTRITION"
"ingredient_0704","nutrition_0703","HAS_NUTRITION"
"ingredient_0705","nutrition_0704","HAS_NUTRITION"
"ingredient_0706","nutrition_0705","HAS_NUTRITION"
"ingredient_0707","nutrition_0706","HAS_NUTRITION"
"ingredient_0708","nutrition_0707","HAS_NUTRITION"
"ingredient_0709","nutrition_0708","HAS_NUTRITION"
"ingredient_0710","nutrition_0709","HAS_NUTRITION"
"ingredient_0711","nutrition_0710","HAS_NUTRITION"
"ingredient_0712","nutrition_0711","HAS_NUTRITION"
"ingredient_0713","nutrition_0712","HAS_NUTRITION"
"ingredient_0714","nutrition_0713","HAS_NUTRITION"
"ingredient_0715","nutrition_0714","HAS_NUTRITION"
"ingredient_0716","nutrition_0715","HAS_NUTRITION"
"ingredient_0717","nutrition_0716","HAS_NUTRITION"
"ingredient_0718","nutrition_0717","HAS_NUTRITION"
"ingredient_0719","nutrition_0718","HAS_NUTRITION"
"ingredient_0720","nutrition_0719","HAS_NUTRITION"
"ingredient_0721","nutrition_0720","HAS_NUTRITION"
"ingredient_0722","nutrition_0721","HAS_NUTRITION"
"ingredient_0723","nutrition_0722","HAS_NUTRITION"
"ingredient_0724","nutrition_0723","HAS_NUTRITION"
"ingredient_0725","nutrition_0724","HAS_NUTRITION"
"ingredient_0726","nutrition_0725","HAS_NUTRITION"
"ingredient_0727","nutrition_0726","HAS_NUTRITION"
"ingredient_0728","nutrition_0727","HAS_NUTRITION"
"ingredient_0729","nutrition_0728","HAS_NUTRITION"
"ingredient_0730","nutrition_0729","HAS_NUTRITION"
"ingredient_0731","nutrition_0730","HAS_NUTRITION"
"ingredient_0732","nutrition_0731","HAS_NUTRITION"
"ingredient_0733","nutrition_0732","HAS_NUTRITION"
"ingredient_0734","nutrition_0733","HAS_NUTRITION"
"ingredient_0735","nutrition_0734","HAS_NUTRITION"
"ingredient_0736","nutrition_0735","HAS_NUTRITION"
"ingredient_0738","nutrition_0737","HAS_NUTRITION"
"ingredient_0381","nutrition_0380","HAS_NUTRITION"
