alias,normalized
당콩,땅콩
소안심,소고기 안심
소등심,소고기 등심
소갈비,소고기 갈비
소목살,소고기 목살
소삼겹살,소고기 삼겹살
소앞다리,소고기 앞다리
소뒷다리,소고기 뒷다리
소사태,소고기 사태
소가슴살,소고기 가슴살
소다리살,소고기 다리살
소날개,소고기 날개
소목,소고기 목
소똥집,소고기 똥집
쇠안심,소고기 안심
쇠등심,소고기 등심
쇠갈비,소고기 갈비
쇠목살,소고기 목살
쇠삼겹살,소고기 삼겹살
쇠앞다리,소고기 앞다리
쇠뒷다리,소고기 뒷다리
쇠사태,소고기 사태
쇠가슴살,소고기 가슴살
쇠다리살,소고기 다리살
쇠날개,소고기 날개
쇠목,소고기 목
쇠똥집,소고기 똥집
쇠고기안심,소고기 안심
쇠고기등심,소고기 등심
쇠고기갈비,소고기 갈비
쇠고기목살,소고기 목살
쇠고기삼겹살,소고기 삼겹살
쇠고기앞다리,소고기 앞다리
쇠고기뒷다리,소고기 뒷다리
쇠고기사태,소고기 사태
쇠고기가슴살,소고기 가슴살
쇠고기다리살,소고기 다리살
쇠고기날개,소고기 날개
쇠고기목,소고기 목
쇠고기똥집,소고기 똥집
소고기안심,소고기 안심
소고기등심,소고기 등심
소고기갈비,소고기 갈비
소고기목살,소고기 목살
소고기삼겹살,소고기 삼겹살
소고기앞다리,소고기 앞다리
소고기뒷다리,소고기 뒷다리
소고기사태,소고기 사태
소고기가슴살,소고기 가슴살
소고기다리살,소고기 다리살
소고기날개,소고기 날개
소고기목,소고기 목
소고기똥집,소고기 똥집
돼지안심,돼지고기 안심
돼지등심,돼지고기 등심
돼지갈비,돼지고기 갈비
돼지목살,돼지고기 목살
돼지삼겹살,돼지고기 삼겹살
돼지앞다리,돼지고기 앞다리
돼지뒷다리,돼지고기 뒷다리
돼지사태,돼지고기 사태
돼지가슴살,돼지고기 가슴살
돼지다리살,돼지고기 다리살
돼지날개,돼지고기 날개
돼지목,돼지고기 목
돼지똥집,돼지고기 똥집
돼지고기안심,돼지고기 안심
돼지고기등심,돼지고기 등심
돼지고기갈비,돼지고기 갈비
돼지고기목살,돼지고기 목살
돼지고기삼겹살,돼지고기 삼겹살
돼지고기앞다리,돼지고기 앞다리
돼지고기뒷다리,돼지고기 뒷다리
돼지고기사태,돼지고기 사태
돼지고기가슴살,돼지고기 가슴살
돼지고기다리살,돼지고기 다리살
돼지고기날개,돼지고기 날개
돼지고기목,돼지고기 목
돼지고기똥집,돼지고기 똥집
닭안심,닭고기 안심
닭등심,닭고기 등심
닭갈비,닭고기 갈비
닭목살,닭고기 목살
닭삼겹살,닭고기 삼겹살
닭앞다리,닭고기 앞다리
닭뒷다리,닭고기 뒷다리
닭사태,닭고기 사태
닭가슴살,닭고기 가슴살
닭다리살,닭고기 다리살
닭날개,닭고기 날개
닭목,닭고기 목
닭똥집,닭고기 똥집
닭고기안심,닭고기 안심
닭고기등심,닭고기 등심
닭고기갈비,닭고기 갈비
닭고기목살,닭고기 목살
닭고기삼겹살,닭고기 삼겹살
닭고기앞다리,닭고기 앞다리
닭고기뒷다리,닭고기 뒷다리
닭고기사태,닭고기 사태
닭고기가슴살,닭고기 가슴살
닭고기다리살,닭고기 다리살
닭고기날개,닭고기 날개
닭고기목,닭고기 목
닭고기똥집,닭고기 똥집
오리안심,오리고기 안심
오리등심,오리고기 등심
오리갈비,오리고기 갈비
오리목살,오리고기 목살
오리삼겹살,오리고기 삼겹살
오리앞다리,오리고기 앞다리
오리뒷다리,오리고기 뒷다리
오리사태,오리고기 사태
오리가슴살,오리고기 가슴살
오리다리살,오리고기 다리살
오리날개,오리고기 날개
오리목,오리고기 목
오리똥집,오리고기 똥집
오리고기안심,오리고기 안심
오리고기등심,오리고기 등심
오리고기갈비,오리고기 갈비
오리고기목살,오리고기 목살
오리고기삼겹살,오리고기 삼겹살
오리고기앞다리,오리고기 앞다리
오리고기뒷다리,오리고기 뒷다리
오리고기사태,오리고기 사태
오리고기가슴살,오리고기 가슴살
오리고기다리살,오리고기 다리살
오리고기날개,오리고기 날개
오리고기목,오리고기 목
오리고기똥집,오리고기 똥집
