RCP_SNO,CKG_NM,CRAWL_COMMENT_CNT,CRAWL_COOK_REVIEW_CNT
7016814,된장수육,0.0,
7016815,우거지 감자탕,1.0,
7016816,만두전골,0.0,
7016817,무수분보쌈,0.0,
7016820,참치 카나페,0.0,
7016824,소고기 떡국,0.0,
7016834,대파 간장계란밥,0.0,
7016836,브라운슈가헤이즐넛라떼,0.0,
7016837,떡국,0.0,
7016842,짜사이무침,0.0,
7016862,생선초밥,0.0,
7016868,소불고기파스타,0.0,
7016872,새우샐러드,0.0,
7016873,녹두빈대떡,0.0,
7016890,버터구이오징어,0.0,
7016893,파계란국,0.0,
7016895,삼겹살김밥,0.0,
7016898,매콤 스팸마요덮밥,0.0,
7016900,고등어 두부조림,0.0,
7016902,깻잎나물볶음,0.0,1.0
7016909,계란찜,0.0,1.0
7016914,고구마 닭볶음탕,,
7016922,묵은지볶음,0.0,
7016923,흑임자크림라떼,0.0,
7016926,고구마 피자,0.0,1.0
7016928,들기름 두부지짐,0.0,
7016935,간장계란비빔밥,0.0,
7016936,일본 카레,0.0,1.0
7016939,홍합밥,0.0,
7016948,양송이 햄버거,0.0,
7016950,고구마튀김,0.0,
7016952,새우 잡채,0.0,
7016963,연근치즈구이,0.0,
7016964,감자 버터구이,0.0,
7016972,갈치 간장조림,0.0,1.0
7016973,버터갈릭새우,0.0,
7016974,차돌박이된장찌개,0.0,1.0
7016979,홍합탕,0.0,
7016981,냉장족발,0.0,
7016983,고추장두부찌개,0.0,
7016993,들깨 무나물볶음,0.0,
7016998,해독주스,0.0,
7017002,오리주물럭,0.0,2.0
7017003,김치 비지찌개,0.0,1.0
7017004,콩나물 무밥,0.0,
7017007,짬뽕국,0.0,
7017008,배추전,0.0,
7017009,파닭,0.0,
7017010,구운 계란,0.0,
7017012,양배추 밥,0.0,2.0
7017013,연유라떼,0.0,
7017014,부대볶음,0.0,
7017015,참치 두부김치,0.0,
7017021,순대볶음,0.0,
7017023,두부전골,0.0,
7017024,깻잎쌈밥,0.0,1.0
7017025,계란 야채죽,0.0,
7017031,시금치된장국,0.0,
7017033,유자청무생채,0.0,1.0
7017034,우거지 선지국,0.0,
7017039,유산슬달걀덮밥,0.0,
7017042,딸기라떼,0.0,
7017052,마늘빵,0.0,
7017058,팽이버섯 김말이 간장조림,0.0,
7017060,백합무침,0.0,
7017065,양배추 청경채무침,0.0,
7017066,훈제삼겹살쌈무말이,0.0,
7017071,콩나물 무나물,0.0,
7017076,김밥전,0.0,
7017079,소고기 샤브샤브,0.0,
7017083,참치 뽈살,0.0,
7017084,간장소고기볶음,0.0,
7017086,마늘멸치볶음,0.0,
7017087,황태미역국,0.0,
7017089,매쉬드포테이토,0.0,1.0
7017093,도토리묵양념장,0.0,
7017095,온묵밥,0.0,
7017096,딴삥,4.0,
7017097,대패삼겹 배추찜,0.0,8.0
7017106,우삼겹크림파스타,0.0,2.0
7017108,단호박샐러드,0.0,
7017110,간장연어장,0.0,
7017112,콩나물 미역무침,0.0,
7017115,애호박 부침개,0.0,
7017116,황태무국,0.0,
7017125,올갱이국,0.0,
7017130,브로콜리 참깨소스무침,2.0,2.0
7017138,깐풍만두,0.0,
7017140,어묵칩,0.0,1.0
7017147,대패삼겹살숙주찜,0.0,
7017151,비트무피클,0.0,
7017154,카푸치노,0.0,
7017170,잣죽,0.0,
7017171,바나나브륄레,0.0,
7017172,에그인헬,0.0,
7017173,핫초코브라우니,0.0,
7017174,돼지고기 비지찌개,0.0,
7017176,스지사태수육전골,0.0,
7017177,뱅쇼,0.0,
7017180,무나물,0.0,
7017181,등갈비김치찜,0.0,4.0
7017182,샤인머스캣탕후루,0.0,
7017183,소고기 잡채,0.0,
7017192,고구마 순갈치조림,0.0,
7017194,식빵마늘빵,0.0,
7017196,쪽파무침,0.0,
7017197,토마토 달걀볶음,0.0,
7017198,사골굴떡국,0.0,
7017200,치즈 토마토리조또,0.0,1.0
7017210,소고기 사태장조림,2.0,
7017211,굴밥,0.0,
7017221,팬케이크,0.0,
7017225,애호박 깻잎전,0.0,1.0
7017228,된장삼겹살구이,0.0,
7017229,톳무침,0.0,
7017232,두부 야채포케,0.0,
7017237,닭가슴살야채찜,0.0,
7017250,돼지고기 육전,0.0,
7017253,키토김밥,0.0,
7017255,들기름 두부구이,0.0,3.0
7017263,메이플시나몬라떼,0.0,
7017270,식빵피자,0.0,
7017273,로제파스타,0.0,
7017276,동파육,0.0,
7017283,바지락미역국,0.0,
7017284,고추장제육볶음,0.0,
7017288,매운팽이버섯조림,0.0,
7017289,얼큰 수제비,0.0,
7017291,돼지고기김치찌개,0.0,2.0
7017292,우렁강된장,0.0,1.0
7017296,소고기 장조림,0.0,
7017297,브로콜리볶음,0.0,
7017300,뚝배기계란찜,1.0,4.0
7017306,병어무조림,0.0,
7017310,월남쌈,0.0,
7017313,페페로니파스타,0.0,
7017315,무굴밥,0.0,
7017316,스팸계란볶음밥,0.0,
7017327,매콤 돼지등갈비찜,1.0,
7017330,소고기 갈비찜,0.0,
7017336,부타동,0.0,
7017341,물갈비,0.0,
7017342,김치 어묵콩나물국,0.0,1.0
7017347,스팸참치김치찌개,0.0,
7017351,사골김치찌개,0.0,
7017353,돼지고기 숙주볶음,0.0,1.0
7017356,양배추 쌈,0.0,
7017357,크래미볶음밥,0.0,
7017361,땅콩버터크림치즈샌드,0.0,
7017366,감자 계란샐러드샌드위치,0.0,
7017367,달래무침,0.0,
7017369,토마토 해물스튜,0.0,
7017382,백합볶음,0.0,
7017383,햄 계란말이,0.0,
7017386,참치 마요김밥,0.0,
7017388,사골 배추국,0.0,
7017395,등심스테이크,0.0,
7017397,와인 통삼겹살 수육,0.0,1.0
7017399,고구마 약밥,0.0,
7017403,나폴리탄파스타,0.0,
7017409,피스타치오 크림라떼,0.0,
7017410,보쌈 무김치,0.0,
7017413,샤인머스켓 타르트,0.0,1.0
7017421,딸기탕후루,0.0,
7017432,돼지고기 두부조림,0.0,1.0
7017433,계란 김국,0.0,1.0
7017437,고갈비,0.0,
7017441,김치전,0.0,
7017450,소고기 콩나물국,0.0,
7017458,미역 오트밀죽,0.0,1.0
7017463,잡채볶음밥,0.0,1.0
7017464,바지락 콩나물국,0.0,
7017465,해물탕,0.0,
7017467,바지락 칼국수,0.0,
7017470,차요테 장아찌,0.0,
7017471,새우 감바스,0.0,
7017473,학꽁치조림,0.0,1.0
7017475,근대된장국,,
7017477,수란,0.0,
7017484,에그 베네딕트,0.0,
7017492,헤이즐넛 라떼,0.0,
7017494,동태찌개,0.0,
7017499,육전,0.0,1.0
7017510,대구탕,0.0,
7017512,고추 된장무침,0.0,1.0
7017513,고사리 닭개장,0.0,
7017514,고추장 어묵볶음,0.0,
7017519,배추나물무침,0.0,1.0
7017520,명란 계란볶음밥,0.0,
7017526,소고기 무국,0.0,
7017537,감자 뇨끼,0.0,
7017553,바나나 브레드푸딩,0.0,
7017558,크로플,0.0,
7017562,아롱사태 수육전골,0.0,
7017565,흑임자 연근샐러드,0.0,
7017569,곱도리탕,0.0,
7017570,청국장찌개,0.0,1.0
7017579,진미채 도라지무침,0.0,
7017580,우엉채조림,0.0,1.0
7017594,오징어 파전,0.0,1.0
7017596,순두부 계란탕,0.0,1.0
7017598,소고기 고추장볶음,0.0,1.0
7017600,파전,0.0,
7017602,스팸 마파두부,0.0,1.0
7017606,방울토마토 달걀 굴소스볶음,0.0,
7017617,반세오,0.0,
7017618,치즈김치볶음밥,0.0,
7017620,양송이버섯 크림리조또,0.0,1.0
7017630,당근김밥,0.0,
7017631,고구마 맛탕 쿠키,0.0,3.0
7017638,두부 콩나물국,0.0,
7017639,조개탕,0.0,
7017643,순두부조림,0.0,
7017646,김치 순두부찌개,0.0,
7017649,알배추 두부말이구이,1.0,3.0
7017651,만두국,0.0,
7017655,소고기말이 숙주찜,0.0,1.0
7017658,라이스페이퍼 김말이튀김,0.0,
7017659,비빔 막국수,0.0,
7017660,소시지볶음밥,0.0,3.0
7017661,멸치 무조림,0.0,
7017663,미트스파게티,0.0,1.0
7017664,사과 깍두기,0.0,
7017666,굴 떡국,0.0,
7017668,양배추 계란덮밥,0.0,
7017670,상그리아 뱅쇼,0.0,
7017671,명란구이,0.0,
7017675,사과주,,
7017682,토피넛 크림라떼,0.0,
7017689,대파 김무침,0.0,
7017692,바질 냉파스타,0.0,
7017694,차돌 짜장 떡볶이,0.0,
7017695,차돌볶음파스타,0.0,
7017697,과카몰리 샌드위치,0.0,
7017700,블루베리 스무디,0.0,
7017702,햄 소시지김치찌개,0.0,
7017704,콩나물 냄비밥,0.0,
7017706,삼겹살 제육볶음,0.0,
7017708,굴국,0.0,
7017709,콩나물 제육볶음,0.0,
7017714,낙곱새,0.0,
7017732,진미 오징어채볶음,0.0,1.0
7017735,갈비탕,0.0,
7017738,마라볶음밥,0.0,1.0
7017743,봉골레파스타,0.0,
7017745,취나물밥,0.0,
7017747,닭 곰탕,0.0,2.0
7017750,명란 젓구이,0.0,
7017753,당근채전,0.0,
7017757,고추 잡채덮밥,0.0,
7017763,애호박 새우전,0.0,1.0
7017770,사과 당근주스,0.0,
7017773,애호박볶음,0.0,2.0
7017776,계란 참치 야채죽,0.0,
7017778,한우 사골 곰탕,0.0,
7017780,무전,2.0,1.0
7017783,방풍나물 된장무침,0.0,
7017788,이삭 토스트,0.0,
7017794,굴 배추국,0.0,
7017795,씻은김치볶음,0.0,
7017798,명란 알탕,0.0,
7017809,시금치 계란볶음,0.0,7.0
7017810,브로콜리샐러드,0.0,
7017811,생 표고버섯볶음,0.0,
7017812,오이 크래미 유부초밥,0.0,
7017821,순두부 황태국,0.0,
7017824,메추리알조림,0.0,
7017830,무쌈,0.0,
7017832,명란 젓무침,0.0,2.0
7017834,문어 간장조림,0.0,
7017835,볶음김치,0.0,
7017838,스팸덮밥,0.0,
7017839,막걸리 보쌈,0.0,
7017845,쫄볶이,0.0,
7017850,고구마 치즈 그라탕,0.0,
7017855,돼지고기 야채카레덮밥,0.0,
7017859,호박 술빵,0.0,
7017864,고등어김치찜,0.0,
7017865,소고기 육계장,1.0,
7017868,아이스라떼,0.0,
7017870,꼬막비빔밥,0.0,1.0
7017871,해파리 냉채,0.0,
7017877,매콤 굴 짬뽕,0.0,
7017878,데리야끼 삼겹살볶음,0.0,
7017881,등갈비김치찌개,0.0,2.0
7017890,삼겹살 간장덮밥,0.0,
7017896,매콤 콩나물잡채,0.0,4.0
7017897,가래떡 떡볶이,0.0,2.0
7017900,간장 계란밥,0.0,
7017911,곶감 수정과,0.0,
7017913,곶감 호두말이,0.0,
7017915,배즙차,0.0,
7017917,김치 콩나물죽,0.0,
7017918,무청 시래기된장지짐,0.0,2.0
7017921,간장 닭조림,0.0,
7017925,프리타타,0.0,
7017933,카라멜 라떼,0.0,
7017935,닭 도리탕,2.0,5.0
7017943,불고기전골,0.0,
7017944,김치 우동,0.0,
7017948,콩가루 미역국,0.0,
7017952,딸기 티라미수,4.0,
7017955,두부 카레,0.0,
7017959,수제 햄버거,0.0,
7017960,소고기 소보로주먹밥,2.0,
7017963,멸치육수 떡국,0.0,
7017964,옥수수 브로콜리전,0.0,
7017967,양갈비스테이크,0.0,
7017970,토마토 계란볶음밥,0.0,
7017972,스팸김치찜,1.0,1.0
7017977,스팸 짜글이,0.0,
7017978,진미채볶음,0.0,1.0
7017980,소금빵,0.0,
7017981,떡갈비,0.0,
7017989,맛살마요 유부초밥,0.0,
7017993,얼그레이 하이볼,0.0,
7017995,꽈리고추 멸치볶음,0.0,
7018001,전복죽,0.0,
7018004,굴전,0.0,
7018011,단호박 식혜,0.0,
7018012,돼지목살 간장볶음,0.0,
7018013,김치 청국장,0.0,1.0
7018017,고추장 오징어실채볶음무침,0.0,
7018022,돼지고기 순두부찌개,0.0,1.0
7018023,소고기 무솥밥,0.0,
7018024,톳두부무침,0.0,
7018027,오트밀죽,0.0,
7018033,애호박 된장찌개,0.0,
7018034,육회김밥,0.0,
7018035,서리태 콩밥,0.0,
7018038,들깨 감자국,0.0,
7018039,뼈다귀 해장국,0.0,
7018042,나물 소고기비빔밥,0.0,
7018055,평생김치찌개,0.0,
7018056,탕후루,0.0,
7018059,매생이 굴국,0.0,1.0
7018060,홍합 미역국,0.0,
7018065,배추 우거지,0.0,
7018067,양배추김치,0.0,
7018069,딸기청 라떼,0.0,
7018070,굴 강된장,0.0,
7018072,마카로니샐러드,0.0,
7018075,쪽파 김무침,0.0,
7018078,굴 감바스,0.0,
7018081,돌체 크림라떼,0.0,
7018087,오이 고추된장무침,0.0,
7018088,들깨 두부솥톳밥,0.0,
7018093,귤잼,0.0,
7018096,스팸 감자채전,0.0,
7018098,데리야끼 치킨덮밥,0.0,
7018100,고등어 유자청구이,0.0,
7018104,양파 초절임,0.0,
7018107,쪽파 크림치즈 베이글 샌드위치,0.0,
7018111,에그 샌드위치,0.0,
7018112,군만두,0.0,
7018123,바스크 치즈케이크,0.0,
7018125,꽈리고추찜무침,0.0,
7018129,당근라페 샌드위치,0.0,
7018130,규동,0.0,1.0
7018132,매콤 순살 간장찜닭,0.0,
7018133,우삼겹 솥밥,0.0,
7018144,물미역나물무침,0.0,
7018148,메추리알장조림,0.0,
7018161,간장 닭볶음탕,,
7018162,김자반,0.0,
7018169,달래 양념장,0.0,
7018171,멸치 두부조림,0.0,
7018178,굴소스 어묵소세지볶음,0.0,3.0
7018179,냉우동,0.0,
7018184,간장 무조림,0.0,
7018188,매운 갈비찜,0.0,1.0
7018192,토피넛 라떼,0.0,
7018195,순두부 장,0.0,
7018197,양배추 피자,0.0,
7018199,차돌박이김치찌개,0.0,
7018201,로제 스파게티,0.0,
7018210,라면볶음밥,0.0,
7018214,파스타 칩,0.0,
7018215,오이 달래무침,0.0,
7018219,비지찌개,0.0,1.0
7018221,차돌박이 야채찜,0.0,
7018233,바닐라 더블샷 라떼,0.0,
7018237,닭가슴살 계란 장조림,0.0,
7018240,알밥,0.0,
7018242,당근사과배추샐러드,0.0,
7018243,잡채,0.0,
7018248,갓김치 들기름무침,0.0,
7018252,산적꼬치,0.0,
7018258,대패삼겹살 청경채볶음,0.0,
7018259,배추된장국,1.0,3.0
7018264,노바시 새우튀김,0.0,
7018265,대패삼겹살 부추무침,0.0,1.0
7018266,얼큰 만두전골,0.0,
7018269,돼지불백,0.0,2.0
7018270,들깨가루 무나물,0.0,2.0
7018273,목살김치 두루치기,0.0,1.0
7018278,간장오뎅볶음,1.0,9.0
7018283,똠양꿍,0.0,
7018286,돼지꼬리찜,0.0,
7018288,우삼겹 알배추찜,8.0,11.0
7018291,자반고등어 무조림,0.0,3.0
7018293,두부김치찌개,0.0,
7018298,삼겹살애호박찌개,0.0,1.0
7018301,홍어삼합,0.0,
7018306,무장아찌무침,0.0,
7018309,두부 계란국,0.0,3.0
7018313,노바시새우전,0.0,
7018314,딸기 요거트 스무디,2.0,
7018317,전주비빔밥 삼각김밥,0.0,
7018321,아기애호박볶음 나물,0.0,
7018325,오징어 제육볶음,0.0,
7018326,고구마 스프,0.0,
7018329,시금치 리조또,0.0,1.0
7018332,아기 순두부국,0.0,1.0
7018337,부추 겉절이,0.0,
7018339,충무김밥,0.0,
7018342,오코노미야끼,0.0,1.0
7018345,참치김치전,0.0,
7018347,베이컨 야끼소바,0.0,
7018349,도미 매운탕,0.0,
7018373,낙지 미역국,0.0,
7018374,순두부김치찌개,0.0,
7018382,팟타이,0.0,
7018390,꽁치 통조림김치찌개,0.0,
7018391,계란튀김,0.0,
7018395,안동 식혜,0.0,
7018398,소고기 배추된장국,0.0,
7018399,고구마 당근스프,0.0,
7018428,고구마 휘낭시에,0.0,
7018429,김치 어묵전골,0.0,
7018446,연근샐러드,0.0,
7018452,토마토 스파게티,0.0,
7018456,아귀탕,0.0,
7018458,시금치오믈렛,0.0,1.0
7018464,공심채볶음,0.0,
7018467,당면 떡볶이,0.0,
7018479,깻잎 계란말이,0.0,1.0
7018480,어묵튀김,0.0,
7018490,청포묵무침,0.0,1.0
7018491,돼지고기 고추장볶음,0.0,
7018499,돼지고기 삼겹살김치찌개,1.0,1.0
7018500,고구마 깨찰빵,0.0,
7018506,밀푀유나베,0.0,
7018513,훈제오리고기볶음,0.0,
7018515,연어김밥,0.0,
7018516,베샤멜소스볶음밥,0.0,1.0
7018518,야채 닭죽,0.0,1.0
7018522,개두릅 숙회,0.0,
7018524,알배추전,0.0,1.0
7018525,개두릅전,0.0,
7018527,어묵청양고추꼬마김밥,0.0,
7018530,엄나무순 간장 장아찌,0.0,
7018535,닭 똥집볶음,0.0,1.0
7018536,레몬 파운드케이크,0.0,
7018537,오징어 순대,0.0,
7018552,우삼겹 오징어볶음,0.0,
7018556,크림스프,0.0,1.0
7018562,참치 두부전,0.0,
7018563,버섯 들깨탕,0.0,
7018567,꼴뚜기볶음,0.0,
7018568,버터김치볶음밥,0.0,
7018569,오꼬노미야끼,0.0,
7018572,소고기 등심스테이크,0.0,
7018574,데리야끼소스,0.0,
7018576,김치 만두전골,0.0,
7018577,양배추 사과샐러드,0.0,
7018589,무청 시래기나물볶음,0.0,4.0
7018593,돼지갈비찜,,
7018595,참치 동그랑땡,0.0,
7018596,토마호크 스테이크,0.0,
7018597,참깨 토마토무침,0.0,
7018598,떡 맛탕,0.0,
7018599,김치 참치전,0.0,1.0
7018600,떡빵,0.0,
7018607,말차샷 라떼,0.0,
7018617,어복쟁반,0.0,2.0
7018621,우삼겹전골,0.0,
7018622,막걸리 수육,0.0,4.0
7018626,양배추 계란볶음밥,0.0,
7018627,누룽지 계란죽,0.0,4.0
7018636,애호박국수,0.0,
7018638,사골 곰탕 떡국,0.0,
7018641,볶음면,0.0,1.0
7018646,쪽파 베이컨 크림치즈 베이글,0.0,1.0
7018653,빨간 콩나물무침,0.0,
7018657,애호박구이,0.0,
7018661,버섯 고추장찌개,0.0,
7018663,소고기 숙주볶음,0.0,
7018667,메이플 오트라떼,0.0,
7018672,쌍화탕 한방 수육,0.0,
7018673,돼지갈비김치찜,0.0,1.0
7018675,계란빵,2.0,1.0
7018676,반숙,0.0,1.0
7018678,씨푸드 마파두부덮밥,0.0,
7018692,사골 만두국,0.0,
7018695,감자 두부 미역국,0.0,
7018700,연두부 계란찜,0.0,
7018701,미트볼 스파게티,0.0,1.0
7018710,고추장 콩나물 불고기,0.0,
7018717,코다리찜,0.0,4.0
7018719,들깨 순두부찌개,0.0,
7018727,고추장김치볶음밥,0.0,
7018729,떡볶이,0.0,
7018730,로투스 크림라떼,0.0,
7018734,어묵볶음밥,0.0,2.0
7018735,크래미 오이무침,0.0,
7018738,체다치즈 과자,0.0,
7018739,계란김밥,0.0,
7018740,닭가슴살 닭개장,0.0,
7018741,깐풍새우,0.0,
7018742,고구마 컵케이크,0.0,
7018747,돼지고기 카레볶음밥,0.0,
7018748,돼지고기 양배추볶음,0.0,1.0
7018754,흰콩나물무침,0.0,
7018762,도루묵찌개,0.0,
7018763,곰치 맑은탕 지리,1.0,1.0
7018767,cca주스,0.0,
7018785,쇼콜라쇼,0.0,
7018786,참치조림,0.0,
7018791,김치 만두국,0.0,
7018795,돼지고기 장조림,0.0,2.0
7018808,들깨 버섯 만두전골,0.0,
7018810,삼겹살 고추장볶음,0.0,
7018814,당면볶음,0.0,
7018815,유부롤초밥,0.0,
7018818,연어 샌드위치,0.0,
7018819,냉이 된장무침,0.0,
7018820,굴소스 납작어묵볶음,0.0,1.0
7018825,닭가슴살 치킨까스,0.0,
7018826,굴 미역국,1.0,
7018829,카스텔라 경단,0.0,
7018830,대패삼겹살 두부찌개,0.0,
7018844,매운 족발,0.0,
7018846,춘장 짜장,0.0,
7018848,순두부 양념장,0.0,
7018851,쌍화탕 수육,0.0,
7018853,고구마 치즈호떡,0.0,
7018855,감자 옹심이,0.0,
7018859,해물짬뽕라면,0.0,
7018861,스팸김치볶음밥,0.0,1.0
7018865,들깨가루 궁채나물볶음,0.0,
7018870,돼지고기 무청우거지된장국,0.0,
7018873,느타리버섯전,0.0,
7018888,달래간장,0.0,
7018889,무파래무침,0.0,
7018890,크림파스타,0.0,
7018891,콩나물 솥밥,0.0,2.0
7018892,두부구이,0.0,
7018897,참치 순두부찌개,0.0,
7018901,김치 만두,0.0,
7018903,안동찜닭,0.0,1.0
7018908,스팸감자볶음,0.0,
7018912,들깨 강정,0.0,
7018913,참치김치덮밥,0.0,2.0
7018920,콘파냐,0.0,
7018922,크래미 깻잎전,0.0,2.0
7018923,명란 오차즈케,0.0,
7018924,냉이솥밥,0.0,1.0
7018927,마른오징어 꽈리고추볶음,0.0,
7018928,묵은지 갈치 무조림,0.0,1.0
7018935,영광굴비 조기찜,0.0,
7018943,콩나물전,0.0,
7018944,돼지앞다리살 제육볶음,0.0,
7018946,물파래전,0.0,
7018950,동태꽃게탕,0.0,
7018951,숙주 나물무침,0.0,1.0
7018952,돼지고기 동그랑땡,0.0,
7018956,멸치국수,0.0,
7018961,호떡 떡볶이,0.0,
7018967,꼬지전,0.0,2.0
7018970,고구마전,0.0,
7018972,얼큰 콩나물 어묵탕,0.0,
7018975,파프리카 계란찜,0.0,
7018976,크림브륄레 라떼,0.0,
7018979,무 굴국,0.0,
7018980,닭다리조림,0.0,2.0
7018982,핫도그 사라다빵,0.0,
7018983,새우 야채죽,0.0,1.0
7018986,맥주 수육,0.0,
7018987,양배추샐러드 참깨드레싱,0.0,
7018991,쪽갈비구이,0.0,
7018993,봄동 샤브샤브,0.0,
7018996,봄동 겉절이,0.0,1.0
7018997,들깨 무국,0.0,
7019005,즉석 떡볶이,0.0,
7019007,땡초김밥,0.0,2.0
7019008,오리엔탈드레싱,0.0,
7019014,라면땅,0.0,
7019019,갈낙탕,0.0,
7019030,황태국,0.0,
7019039,콘샐러드,0.0,
7019042,소고기 카레,0.0,
7019043,샤인머스캣 에이드,0.0,
7019044,참치 주먹밥,0.0,
7019045,와플,3.0,
7019046,먹태구이,0.0,
7019047,전복 솥밥,0.0,
7019052,삼겹살 가지볶음,0.0,
7019053,세꼬시회덮밥,0.0,1.0
7019054,참치김치볶음밥,2.0,
7019060,아인슈페너 라떼,0.0,1.0
7019061,계란 양배추전,0.0,
7019063,어묵잡채,0.0,
7019064,약밥,0.0,
7019066,다이키리,0.0,
7019072,꼬막장,0.0,
7019073,등뼈찜,0.0,5.0
7019076,샐러드,0.0,
7019078,크림치즈 파운드케이크,0.0,
7019082,김치 어묵 우동,0.0,2.0
7019083,목살대파고추장볶음,0.0,
7019093,야채전,0.0,
7019111,우엉볶음,0.0,
7019112,김구이,0.0,
7019113,닭가슴살 야채볶음,0.0,
7019115,콩나물무침,0.0,
7019118,전복 버터구이,0.0,
7019120,어니언링,0.0,
7019121,바나나우유,0.0,
7019123,고추장 토마토파스타,0.0,
7019125,연근조림,0.0,
7019126,참치 야채전,0.0,
7019128,북어국,0.0,
7019130,제육볶음,0.0,1.0
7019131,단호박빵,0.0,
7019143,된장술밥,0.0,
7019146,오징어 무국,0.0,1.0
7019147,닭고기 카레덮밥,0.0,
7019152,달고나 라떼,0.0,
7019153,소고기 산적,0.0,
7019163,애호박 밥새우전,0.0,
7019165,팽이 달걀덮밥,0.0,11.0
7019169,로메인시저샐러드,0.0,
7019178,명란 오이두부비빔밥,0.0,
7019179,열무얼갈이김치,0.0,
7019189,동태전,1.0,
7019190,순두부찌개,0.0,1.0
7019193,김치 닭볶음탕,,
7019196,일식 간고등어조림,2.0,
7019199,에그포테이토샐러드,0.0,
7019200,족발,0.0,
7019203,버터쿠키,2.0,2.0
7019205,무장아찌,0.0,
7019207,루러우판,0.0,
7019209,띠과치우,0.0,
7019210,순두부전골,0.0,
7019212,마파두부,0.0,
7019213,홍진미채무침,0.0,1.0
7019214,과일샐러드,0.0,
7019215,머랭쿠키,2.0,2.0
7019217,강된장,0.0,
7019223,빈츠 스모어,0.0,
7019227,식혜,0.0,
7019235,두부김밥,0.0,
7019244,아욱된장국,0.0,1.0
7019253,배추 감자국,,
7019254,팽이버섯 배추말이,0.0,
7019266,콩나물 미더덕찜,0.0,
7019268,삼색김밥,0.0,
7019279,간장두부조림,0.0,1.0
7019281,돼지고기 미트볼,0.0,
7019284,간장 돼지갈비찜,0.0,1.0
7019288,팥칼국수,0.0,
7019292,모닝빵 샌드위치,0.0,
7019296,소고기탕국,0.0,
7019302,갓김치 고등어조림,0.0,
7019303,두부 참치조림,0.0,5.0
7019306,데리야끼 삼치구이,0.0,2.0
7019308,청경채 베이컨볶음,0.0,
7019315,우삼겹덮밥,0.0,
7019319,참치 미역 오트밀죽,0.0,
7019325,베이컨 감자샐러드,0.0,
7019326,양배추 어묵볶음,0.0,2.0
7019335,고등어구이,0.0,2.0
7019341,통닭구이,0.0,
7019351,토마토주스라면,13.0,1.0
7019353,사태찜,0.0,
7019355,동죽조개탕,,
7019357,전복장조림,0.0,
7019359,대패삼겹 제육볶음,0.0,1.0
7019362,참돔조림,0.0,1.0
7019364,떡 만두국,0.0,
7019368,브라우니 쿠키,0.0,
7019369,버터 간장계란밥,0.0,
7019371,버섯 크림리조또,0.0,
7019376,대패삼겹라면,0.0,
7019381,수제 초콜릿,0.0,
7019387,두부 치즈그라탕,0.0,
7019389,통삼겹 묵은지김치찜,0.0,
7019396,두부 동그랑땡,0.0,
7019402,고기만두,0.0,
7019405,어묵김치찌개,0.0,
7019406,고구마 야채튀김,0.0,
7019408,콩나물 굴국,0.0,
7019409,짜장 떡볶이,0.0,
7019412,브로콜리 두부무침,0.0,1.0
7019414,멸치 마늘볶음,0.0,2.0
7019418,손만두,0.0,
7019422,물미역 초무침,0.0,4.0
7019424,감자 스프,0.0,
7019430,표고버섯 조청조림,0.0,
7019433,뚝배기 불고기,0.0,
7019434,표고버섯전,0.0,
7019437,곤드레밥,0.0,
7019442,동그랑땡 두부전골,0.0,
7019443,양미리조림,0.0,
7019445,숭늉,1.0,
7019455,팽이버섯튀김,0.0,
7019457,늙은호박 갈치조림,0.0,
7019461,설렁탕,0.0,2.0
7019465,양배추롤 화이트스튜,0.0,
7019467,닭다리살 지코바 양념치킨,0.0,
7019468,플레인 스콘,0.0,
7019470,피망 츠쿠네,0.0,
7019474,육포볶음,0.0,
7019483,두부샐러드,0.0,
7019484,당근 프라이,0.0,
7019485,견과류 멸치볶음,0.0,
7019486,모닝빵 에그샌드위치,0.0,
7019489,멸치 쌈장,0.0,
7019495,나박김치,0.0,
7019496,유부초밥,0.0,1.0
7019497,늙은호박전,0.0,
7019502,양배추 퀘사디아,0.0,2.0
7019503,간장 계란장,0.0,
7019505,스끼야끼,0.0,
7019513,잡채덮밥,1.0,
7019519,당근 케이크,0.0,
7019521,콩나물 황태국,0.0,
7019522,고사리고등어조림,0.0,1.0
7019524,낫또,0.0,
7019526,돼지고기 소보로,0.0,1.0
7019527,돈까스덮밥,0.0,
7019534,명란김밥,0.0,
7019538,쌈닭,0.0,
7019543,가지 소고기덮밥,0.0,
7019547,가자미 미역국,0.0,
7019553,떡국고명,0.0,
7019554,꼬치전,0.0,
7019555,소고기 육전,0.0,1.0
7019558,삼겹살김치찜,0.0,
7019579,간장진미채볶음,0.0,
7019580,오븐 카스테라,0.0,
7019584,깻잎전,0.0,
7019586,버섯 잡채,0.0,1.0
7019588,머그컵밥,0.0,
7019591,마른오징어튀김,0.0,
7019594,봄동 배추겉절이,0.0,
7019596,병아리콩샐러드,0.0,
7019601,차돌박이 숙주볶음,0.0,
7019604,산적꼬치전,0.0,
7019614,시금치 나물,0.0,
7019621,계란 스팸볶음밥,0.0,
7019623,소고기 떡만두국,0.0,1.0
7019624,대패삼겹살김치전,0.0,
7019625,콩나물 해물찜,0.0,
7019628,연근전,0.0,1.0
7019630,사골 떡국,0.0,1.0
7019631,블루베리쨈,0.0,
7019657,도라지볶음,0.0,1.0
7019667,고추전,0.0,
7019668,새우전,0.0,
7019669,꽃게찜,0.0,
7019670,강황밥,0.0,
7019671,달래된장국,0.0,
7019672,허니머스타드 드래싱,0.0,
7019680,도라지나물,0.0,
7019693,맥앤치즈,0.0,
7019695,묵은파김치볶음,0.0,
7019698,레몬 케이크,0.0,
7019699,고추장 오리불고기,0.0,1.0
7019706,우삼겹 숙주찜,0.0,1.0
7019711,통새우 왕만두,0.0,
7019719,대추 레몬꿀차,0.0,
7019720,라자냐,0.0,
7019722,간장멸치볶음,0.0,3.0
7019729,바싹불고기,0.0,1.0
7019733,깐풍기,0.0,
7019735,소고기 버섯국,0.0,
7019741,신라면 알리오올리오,0.0,
7019749,꼬시래기무침,0.0,2.0
7019750,블루크림라떼,0.0,
7019751,피칸 초코칩쿠키,0.0,
7019753,오삼불고기,0.0,
7019754,닭다리 삼계탕,1.0,1.0
7019777,양배추 토스트,0.0,
7019783,배추볶음,0.0,
7019784,연두부 계란말이,0.0,
7019785,나물비빔밥,0.0,
7019786,게살스프,0.0,
7019788,닭고기덮밥,0.0,1.0
7019798,대패삼겹살 부추볶음,0.0,
7019801,김치 주먹밥,0.0,
7019807,돌체라떼,0.0,
7019810,참나물 겉절이,0.0,
7019812,나시고랭볶음,0.0,
7019813,치즈 닭갈비,0.0,
7019815,샐러드김밥,0.0,
7019827,가지덮밥,0.0,1.0
7019828,청어구이,0.0,
7019831,돼지고기 카레,0.0,1.0
7019834,야채 샌드위치,0.0,
7019840,과일샐러드 플레인요거트,0.0,
7019846,샤인머스켓 에이드,0.0,
7019850,들기름김치볶음,0.0,2.0
7019851,묵은지김치 닭도리탕,0.0,
7019856,훈제오리 야채찜,0.0,
7019857,상추나물,0.0,
7019861,들깨고사리나물볶음,0.0,
7019874,순두부덮밥,0.0,
7019883,얼큰 소고기 무국,0.0,
7019886,감자 에그마요 샌드위치,0.0,
7019888,당근 컵케이크,0.0,
7019890,김치전찌개,0.0,
7019892,돼지 등갈비구이,0.0,
7019911,짜장밥,0.0,
7019917,토마토 야채스튜,0.0,
7019918,고구마 찰깨빵,0.0,1.0
7019920,카레새우볶음밥,0.0,
7019922,사과 마들렌,0.0,
7019923,무생채 물미역초무침,0.0,1.0
7019931,새우 감자국,0.0,
7019936,계란국,0.0,3.0
7019939,베이컨 팽이버섯말이,0.0,
7019944,고추장버터파스타,2.0,
7019945,호두멸치볶음,0.0,
7019947,들기름 막국수,0.0,10.0
7019949,브뤼셀 스프라우트 미니양배추구이,0.0,1.0
7019955,양배추 초무침,0.0,
7019956,간장 닭구이,0.0,
7019960,그릭 요거트,0.0,
7019963,에그마요 샌드위치,0.0,
7019967,세발나물무침,0.0,
7019969,청경채무침,0.0,1.0
7019974,소고기 야채죽,0.0,
7019979,무 수프,0.0,1.0
7019983,명란젓볶음밥,0.0,
7019984,딸기 크림라떼,0.0,
7019985,짬뽕,0.0,
7019996,두반장파스타,0.0,
7019997,시래기 감자탕,0.0,
7019998,우삼겹찜,0.0,
7020003,돼지 순대국밥,0.0,1.0
7020008,고사리나물볶음,0.0,1.0
7020015,황태조림,0.0,
7020024,미나리 문어 초무침,0.0,
7020030,소고기 토마토파스타,0.0,1.0
7020032,아귀포무침,0.0,
7020033,토마토파스타,0.0,
7020039,소고기 두부찌개,1.0,2.0
7020040,딸기잼,0.0,
7020041,건취나물,0.0,
7020046,토마토파스타 스파게티,0.0,
7020048,소고기 밥전,0.0,
7020052,참치김치찌개,0.0,
7020057,해물야끼 우동,0.0,
7020059,아기오뎅볶음,0.0,
7020066,국물 떡볶이,0.0,
7020067,딸기 샌드위치,0.0,
7020068,알배추 소고기덮밥,0.0,
7020071,대파김치,0.0,
7020075,양념 소갈비살,2.0,
7020080,쪽파 겉절이,0.0,2.0
7020081,옥수수콘치즈,0.0,1.0
7020091,아기잔멸치볶음,0.0,1.0
7020094,신전치즈김밥,0.0,
7020097,소고기 파국,0.0,
7020102,돼지 불고기,0.0,
7020103,두반장 해물덮밥,0.0,
7020104,순대국,0.0,
7020106,소고기 순두부찌개,0.0,
7020107,고추장 삼겹살구이,0.0,
7020109,가지튀김,0.0,
7020111,어향동고,0.0,
7020113,샤브샤브 월남쌈,0.0,
7020114,들기름 신김치볶음,0.0,
7020124,바나나 크림라떼,0.0,
7020125,소고기 육회,0.0,
7020127,베이컨 숙주볶음,0.0,1.0
7020128,라볶이,0.0,
7020135,새우 솥밥,0.0,2.0
7020137,메로골드 자몽청,0.0,
7020140,또띠아 피자,0.0,2.0
7020145,땡초꼬마김밥,0.0,
7020148,해물 파전,0.0,
7020150,아보카도 달걀샐러드,0.0,1.0
7020163,토마토 아보카도샐러드,0.0,
7020165,나물볶음,0.0,
7020167,대패삼겹살 숙주볶음,0.0,
7020168,하이볼,0.0,
7020171,미숫가루빵,0.0,
7020174,간장 양념치킨,0.0,
7020176,에너지바,0.0,
7020179,토마토소스 오므라이스,0.0,1.0
7020180,육개장,0.0,
7020181,참치 두부조림,0.0,
7020183,밥솥 카스테라,1.0,
7020197,바나나 푸딩,0.0,
7020198,비타민볶음,0.0,
7020208,닭가슴살 야채볶음찜,0.0,
7020210,하와이안 햄버거 스테이크,0.0,
7020217,삼겹살김치말이찜,0.0,
7020218,고추튀김,0.0,
7020224,참치 고추장찌개,0.0,
7020225,참치 강된장,0.0,3.0
7020229,오징어채도라지초무침,0.0,
7020237,소꼬리 수육,0.0,
7020250,찹쌀탕수육,0.0,
7020251,닭가슴살 고추장볶음,0.0,
7020252,골뱅이무침,0.0,1.0
7020260,돼지고기 콩나물무침,1.0,3.0
7020262,홍차시럽,0.0,
7020264,차돌박이구이,0.0,2.0
7020265,차돌박이 고추장찌개,0.0,
7020269,김치 콩나물국밥,0.0,
7020275,바나나라떼,0.0,
7020278,두부 된장찌개,0.0,
7020283,돼지고기 안심 찹스테이크,0.0,
7020284,케이준치킨샐러드,0.0,
7020286,멸치볶음,0.0,1.0
7020288,순대 내장탕,0.0,1.0
7020292,참치비빔밥,0.0,
7020298,떡국 라볶이,0.0,
7020303,낙지전복내장 솥밥,0.0,
7020304,미역귀 튀각,0.0,
7020306,꽁치김치찌개,0.0,
7020309,맑은 숙주나물,0.0,
7020312,또띠아 사과파이,0.0,
7020314,알배추계란볶음,0.0,
7020315,양배추 코울슬로,0.0,
7020317,삼치 간장조림,0.0,3.0
7020331,감자 갈치조림,0.0,
7020332,호박전,0.0,
7020339,고추장 돼지짜글이,0.0,
7020342,북어 무국,0.0,
7020348,토란대 들깨볶음,0.0,
7020351,돼지고기 수육,0.0,
7020357,오이 두부비빔밥,0.0,
7020363,들깨 무채국,0.0,
7020364,표고버섯 무밥,0.0,
7020367,무파래무침,0.0,
7020369,들깨 계란떡국,0.0,
7020372,순두부 계란찜,0.0,
7020383,다래순 나물,0.0,
7020386,알배추찜,0.0,2.0
7020387,가자미조림,0.0,
7020389,잔멸치마늘볶음,0.0,1.0
7020393,감자채전,0.0,
7020398,풋마늘 장아찌,0.0,
7020401,꼬치어묵탕,0.0,
7020402,하이라이스,0.0,
7020404,오트 바닐라라떼,0.0,
7020411,미니 츄러스,0.0,
7020412,두부 콥샐러드,0.0,
7020418,건갈치조림,0.0,
7020419,닭안심구이,0.0,1.0
7020423,팥양갱,0.0,
7020424,쭈꾸미볶음,0.0,1.0
7020427,미니족발,1.0,
7020429,두부 스테이크,0.0,
7020445,해물볶음우동,0.0,
7020447,삼겹살 고추장 제육볶음,0.0,
7020449,대패 팽이버섯 숙주볶음,0.0,
7020452,시래기 나물볶음,0.0,
7020458,고사리 나물 들깨파스타,0.0,
7020461,유아 물김치,0.0,
7020468,건가지나물볶음,0.0,
7020470,건가지볶음,0.0,
7020471,건호박나물볶음,0.0,
7020473,호박 고지나물,2.0,
7020474,시래기들깨볶음,1.0,1.0
7020475,취나물볶음,0.0,
7020477,햄 달걀볶음밥,2.0,
7020481,치킨카레,0.0,
7020489,건곤드레나물볶음,0.0,
7020491,케일주스,0.0,
7020496,곤드레나물밥,0.0,
7020499,고사리나물,0.0,
7020503,계란샐러드,0.0,1.0
7020506,크림브륄레,0.0,1.0
7020508,닭가슴살 야채롤,0.0,2.0
7020509,또띠아 와퍼,0.0,
7020510,감자 명란짜글이,2.0,
7020512,스팸주먹밥,0.0,
7020515,부지갱이나물볶음,0.0,
7020518,간장 양파장아찌,0.0,1.0
7020521,간장 닭볶음,0.0,
7020523,양배추비빔밥,0.0,2.0
7020524,훈제오리배추찜,0.0,
7020525,차돌 쌀국수,0.0,
7020528,돼지안심 장조림,0.0,
7020538,돼지고기 앞다리살육전,0.0,
7020541,매운돼지갈비찜,0.0,
7020544,오색꼬지전,0.0,
7020548,표고버섯꽈리고추볶음,0.0,2.0
7020549,스팸땡초김밥,0.0,
7020551,베이컨 양배추볶음,,
7020555,아주까리나물,0.0,
7020556,조기매운탕,0.0,
7020558,훈제오리야채볶음,0.0,
7020559,소고기 야채말이,0.0,
7020561,오곡밥,0.0,
7020565,푸딩계란찜,0.0,
7020568,새조개샤브샤브,0.0,
7020583,스팸두부조림,0.0,
7020587,감자볶음,0.0,2.0
7020590,버터스카치 라떼,0.0,
7020591,소고기 버섯덮밥,0.0,1.0
7020593,들깨시래기국,0.0,
7020594,구운 계란빵,0.0,1.0
7020595,카스텔라 인절미,4.0,
7020597,뇨끼,0.0,
7020599,가오리 초무침,1.0,
7020605,가지 나물볶음,0.0,
7020606,건문어볶음,0.0,
7020609,닭다리간장조림,0.0,3.0
7020614,시금치 계란국,0.0,2.0
7020615,사골떡만두국,0.0,
7020620,팽이버섯전,0.0,
7020629,묵은지청국장찌개,0.0,1.0
7020632,새우 알리오올리오,0.0,3.0
7020640,깻잎당근 계란말이,0.0,1.0
7020641,소세지어묵볶음,0.0,1.0
7020646,건호박나물,0.0,
7020649,삼겹살 보쌈,0.0,1.0
7020652,소고기 쌈장,0.0,
7020655,생새우,0.0,
7020664,짜장라면,0.0,
7020665,고등어 회양념장,0.0,
7020666,모둠전찌개,0.0,
7020667,고등어 초밥,0.0,1.0
7020669,팥찰밥,0.0,
7020672,아몬드 크로칸트 휘낭시에,0.0,
7020673,유린기,0.0,
7020674,포두부그라탕,0.0,
7020675,고구마 두유라떼,,
7020684,들깨표고버섯볶음,0.0,
7020689,건고구마줄기볶음,0.0,
7020692,호박 채볶음,0.0,
7020694,야채샐러드,0.0,
7020703,구운야채샐러드,0.0,
7020705,멸치 꽈리고추볶음,0.0,5.0
7020713,la갈비구이,0.0,
7020715,계란 말이김밥,0.0,
7020716,간장굴소스어묵볶음,0.0,2.0
7020738,고등어 추어탕,0.0,
7020739,미역줄기볶음,0.0,2.0
7020741,돼지등뼈찜,0.0,
7020742,헤이즐넛초코크림라떼,0.0,
7020748,꽁치김치조림,0.0,
7020762,전복톳솥밥,0.0,
7020764,오징어김치전,0.0,
7020765,루꼴라샐러드,0.0,
7020779,커스터드푸딩,0.0,
7020782,쿠키컵,0.0,
7020794,전복내장죽,0.0,
7020798,묵은지김치찜,0.0,
7020801,짜파게티볶음밥,0.0,
7020802,순두부계란국,0.0,1.0
7020804,카레국물떡볶이,0.0,
7020805,얼큰 감자국,0.0,
7020808,단호박튀김,0.0,1.0
7020810,어묵탕,0.0,
7020811,계란 야채참치죽,0.0,
7020813,아욱된장무침,0.0,
7020818,두부 참치유부초밥,0.0,
7020828,날치알주먹밥,,
7020829,밥통카스테라,0.0,
7020830,초코마들렌,0.0,
7020831,콩나물 어묵볶음,0.0,
7020841,청경채찜,0.0,
7020842,돼지고기 마늘조림,0.0,3.0
7020848,사골 곰탕고기국수,0.0,
7020849,소고기 콩나물솥밥,0.0,
7020864,시금치덮밥,0.0,
7020868,계란 떡국,0.0,1.0
7020873,모짜렐라치즈계란말이,0.0,
7020874,마라샹궈,0.0,
7020878,대파 달걀볶음밥,0.0,1.0
7020883,계란 장,0.0,
7020886,들깨버섯탕,2.0,4.0
7020894,감태소스,0.0,
7020895,마스카포네티라미수,0.0,
7020896,애호박 새우젓볶음,0.0,1.0
7020902,꽈리고추된장무침,0.0,
7020906,토란대볶음,0.0,
7020912,삼계탕,0.0,
7020913,새우 부추전,0.0,
7020915,수제비,0.0,
7020922,오징어전,0.0,
7020924,칼국수,2.0,1.0
7020928,밤스프,0.0,
7020936,돼지쪽갈비간장조림,0.0,
7020937,골뱅이소면무침,0.0,2.0
7020954,일본식카레,0.0,
7020958,통밀빵,0.0,
7020960,스팸김치계란밥,0.0,
7020961,곤드레솥밥,0.0,
7020964,뉴욕르뱅쿠키,0.0,
7020968,해초무침,0.0,
7020969,참나물무침,0.0,2.0
7020973,백김치국물냉면,0.0,
7020975,미나리전,0.0,
7020978,빨간어묵볶음,0.0,
7020980,느타리버섯볶음,0.0,
7020984,양배추 계란찜,0.0,
7020989,묵은지닭볶음탕,,
7021000,양상추볶음,0.0,
7021009,오므라이스,4.0,16.0
7021010,유채나물겉절이,1.0,
7021011,꼬마김밥,0.0,
7021020,가래떡구이,0.0,
7021024,강황고등어구이,0.0,
7021028,아롱사태수육,0.0,
7021036,고수무침,0.0,
7021037,애호박 참치고추장찌개,0.0,
7021038,오징어실채볶음,0.0,
7021045,로투스아이스박스케이크,2.0,
7021053,양파 부추무침,0.0,
7021058,버섯 산적꼬치,0.0,
7021064,당근꼬마김밥,0.0,
7021066,해물찜,0.0,
7021068,알배추나물무침,2.0,1.0
7021070,생굴무침,0.0,
7021071,등갈비구이,0.0,
7021078,투움바파스타,0.0,
7021079,대패삼겹살 제육볶음,0.0,
7021080,대파 수육,0.0,1.0
7021084,스테이크,0.0,
7021088,치즈 크러스트피자,0.0,
7021089,들기름 비빔우동,0.0,
7021090,양파전,0.0,
7021091,양배추 크래미볶음,0.0,2.0
7021092,오징어실채 고추장볶음,0.0,
7021094,콩나물 무국,0.0,
7021105,새우 살채소두부동그랑땡,0.0,
7021106,티본스테이크,0.0,
7021110,양배추 들깨무침,0.0,9.0
7021114,알리오올리오,0.0,
7021115,느타리버섯,0.0,
7021116,참치김치라면,0.0,
7021140,옥돔구이,0.0,
7021141,땅콩조림,0.0,
7021143,고구마샐러드,0.0,
7021150,양송이 버섯볶음,1.0,
7021151,찐 단호박,0.0,
7021155,달가슴살치킨,0.0,
7021158,비빔쫄면,0.0,
7021161,양파절임,0.0,
7021162,스팸마요 주먹밥,0.0,1.0
7021164,표고버섯전복볶음,0.0,
7021166,버터감자,0.0,
7021167,브로콜리전,0.0,1.0
7021169,초코크로플,0.0,
7021173,꽈리고추 메추리알장조림,0.0,
7021184,돼지갈비,0.0,2.0
7021186,고등어조림,0.0,
7021194,대파 삼겹살찜,0.0,
7021195,율무보리밥,0.0,
7021205,소고기 당면전골,0.0,6.0
7021208,모짜렐라치즈,0.0,
7021209,얼큰 만두국,0.0,4.0
7021210,양송이스프,0.0,1.0
7021211,낙지볶음,0.0,
7021219,명란 감자 크림우동,0.0,
7021224,게살덮밥,0.0,1.0
7021229,누룽지,0.0,
7021230,시나몬크랙쿠키,4.0,
7021231,사과브로콜리당근계란샐러드,0.0,
7021243,두부볶음,0.0,
7021244,오트밀요거트,0.0,
7021249,냉이된장국,0.0,2.0
7021252,무계란찜,0.0,1.0
7021255,참치무침,0.0,
7021257,냉이무침,0.0,1.0
7021258,꿀무즙,0.0,
7021262,톳김밥,0.0,
7021263,두부덮밥,0.0,
7021267,병아리콩과자,0.0,2.0
7021268,삼겹살 미나리구이,0.0,
7021269,닭죽,0.0,
7021270,오이 명란마요,0.0,1.0
7021271,모닝빵 모카번,,
7021272,땡초부추전,0.0,
7021275,김치 콩나물국,0.0,
7021278,토마토 살사소스,0.0,
7021280,계란오믈렛,0.0,
7021282,토마토 계란볶음,0.0,
7021283,두부 강정,0.0,
7021288,퀴노아샐러드,0.0,
7021289,미나리생채비빔밥,0.0,
7021293,브로콜리 감자수프,0.0,
7021297,계란덮밥,0.0,1.0
7021303,비빔만두,0.0,
7021308,청경채볶음,0.0,
7021319,뽕잎나물볶음,,
7021322,어묵고추잡채,0.0,
7021324,모닝빵 계란빵,0.0,
7021327,햄 치즈토스트,0.0,
7021330,참치 마요 주먹밥,0.0,
7021333,민물새우시금치된장국,0.0,
7021336,표고버섯볶음,0.0,2.0
7021337,당근계란김밥,0.0,
7021338,고추장 돼지불고기,0.0,1.0
7021340,브로컬리숙회,0.0,
7021346,오버나이트오트밀,0.0,
7021347,무나물볶음,0.0,
7021349,짬뽕라면,0.0,
7021350,김치 녹두전,0.0,
7021351,돼지고기김치두루치기,0.0,
7021352,두부 참치전,0.0,
7021354,콩나물 밥,0.0,
7021359,깔라마리오징어튀김,0.0,
7021364,가지 된장구이,0.0,1.0
7021365,폭탄계란찜,0.0,4.0
7021366,연어 아보카도 포케샐러드,0.0,
7021367,수제피클,0.0,
7021371,종이컵 계란빵,0.0,
7021372,크림치즈 블루베리파이,0.0,
7021373,계란후라이,,
7021374,무밥,0.0,
7021375,수박 화채,0.0,
7021376,쌈장,0.0,
7021379,딸기잼 스무디,0.0,
7021382,군만두조림,0.0,1.0
7021385,돼지고기 목살김치찌개,0.0,
7021386,두부 유부초밥,0.0,
7021387,쑥된장국,0.0,
7021389,방풍나물무침,0.0,
7021400,가리비구이,0.0,
7021402,풋마늘무침,0.0,
7021403,건새우꽈리고추볶음,0.0,2.0
7021405,당근라페샐러드,0.0,
7021407,물미역,0.0,
7021408,사과양배추샐러드,0.0,1.0
7021409,에그계란마요샌드위치,0.0,
7021410,양배추찜,0.0,
7021411,닭안심 찹스테이크,0.0,
7021414,홍진미채볶음,0.0,1.0
7021416,미나리 제육볶음,0.0,
7021418,아스파라거스 햄볶음,0.0,1.0
7021421,토마토 카레,0.0,
7021423,감자칩,0.0,
7021425,참기름 미역국,0.0,
7021430,뚝배기 소불고기,0.0,
7021433,우삼겹 된장찌개,0.0,
7021434,버섯 만두전골,0.0,
7021436,새송이버섯장아찌,0.0,
7021444,묵은지,0.0,
7021445,마샐러드,0.0,
7021446,오트밀 참치미역국,0.0,
7021450,고추장 마늘쫑무침,0.0,
7021453,우렁쌈장,0.0,1.0
7021454,메밀 쪽파전,0.0,
7021461,매운 등뼈찜,0.0,
7021462,구운 계란장조림,0.0,
7021469,낙지탕탕이,0.0,
7021470,베이컨김밥,0.0,
7021472,새송이버섯볶음,0.0,2.0
7021474,치즈 감자채전,0.0,7.0
7021478,콜라 수육,0.0,
7021479,봄동물김치,2.0,
7021482,소고기 토마토스튜,0.0,1.0
7021485,가리비 초무침,0.0,
7021487,대파 베이컨 크림치즈,0.0,
7021489,유뷰 콩나물무침,0.0,
7021490,들기름 메밀면샐러드,0.0,
7021491,파절이,0.0,
7021492,토마토스프,,
7021493,달래 된장찌개,0.0,1.0
7021496,레몬쿠키,5.0,1.0
7021499,시금치 나물무침,0.0,
7021504,콩나물 오뎅탕,0.0,
7021506,매운 멸치볶음,1.0,
7021507,동죽 칼국수,0.0,2.0
7021510,가츠동,0.0,
7021512,소불고기전골,0.0,
7021513,팽이버섯 베이컨말이,0.0,
7021515,오버나잇 오트밀,0.0,
7021521,소고기 청국장,0.0,1.0
7021522,오징어조림,0.0,
7021523,애호박 건새우볶음,0.0,
7021525,간장 오징어볶음,0.0,
7021526,옥수수 치즈전,0.0,1.0
7021528,베이컨말이 주먹밥,0.0,1.0
7021530,히포크라테스스프,0.0,
7021531,표고버섯 어묵볶음,0.0,1.0
7021532,수플레 팬케이크,0.0,
7021534,마늘쫑 고추장무침,0.0,
7021535,건새우 무국,1.0,2.0
7021536,미나리겉절이,0.0,3.0
7021538,낙지국,0.0,
7021539,냉이 된장찌개,0.0,
7021543,만두 오뎅탕,0.0,3.0
7021544,브로콜리 숙회,0.0,
7021546,무생채무침,0.0,1.0
7021548,감자 수제비,0.0,
7021550,고등어 무조림,0.0,1.0
7021551,김치찌개,0.0,1.0
7021552,스팸두부짜글이,0.0,
7021556,궁채나물볶음,0.0,
7021561,쥐포볶음,0.0,
7021562,멸치무침,0.0,2.0
7021565,알배추스테이크,0.0,
7021566,빨간애호박볶음,0.0,1.0
7021569,부대찌개,0.0,1.0
7021574,양배추쌈밥,0.0,1.0
7021579,치자 단무지무침,0.0,
7021593,당근라페김밥,0.0,
7021595,아인슈페너,0.0,
7021597,견과류쌈장,0.0,
7021598,길거리토스트,0.0,1.0
7021599,두부 두루치기,0.0,
7021601,지코바치킨,0.0,
7021602,만두볶음밥,0.0,
7021606,오징어튀김,0.0,1.0
7021612,알리오올리오파스타,0.0,
7021617,머위나물무침,0.0,
7021620,명란구이 아보카도덮밥,0.0,
7021622,함박스테이크,0.0,
7021623,오징어찌개,0.0,
7021624,부채살스테이크,0.0,
7021630,홍합 부추전,0.0,
7021635,양배추 참치덮밥,,
7021640,들깨 미역국,0.0,
7021643,토마토주스,0.0,
7021644,바지락 쑥된장국,0.0,
7021645,돼지등갈비김치찜,0.0,
7021649,가문어 고추장무침,0.0,1.0
7021652,쌀강정,0.0,1.0
7021654,냉이 달래된장국,0.0,
7021661,닭 간장구이,0.0,
7021666,비엔나소세지볶음,0.0,
7021667,치킨랩,0.0,
7021674,미나리 대패삼겹살말이찜,0.0,
7021678,무청 시래기고등어조림,0.0,
7021679,미역 계란죽,0.0,1.0
7021700,팽이 달걀부침,0.0,
7021703,계란 감바스,0.0,
7021718,무청 시래기밥,0.0,
7021728,검은콩죽,0.0,
7021735,묵은지김치볶음,0.0,
7021743,감바스알아히요,0.0,
7021748,라떼,0.0,
7021775,짜장면,0.0,
7021776,아스파라거스,0.0,
7021797,양배추 샌드위치,0.0,
7021803,모카크림라떼,0.0,
7021833,갈비치킨,0.0,
7021836,계란 파국,1.0,
7021840,김치볶음,0.0,
7021843,오트밀밥,0.0,1.0
7021857,물미역나물,0.0,1.0
7021867,새송이버섯전,0.0,
7021868,명란 계란말이,0.0,
7021869,해물 순두부찌개,0.0,3.0
7021870,우삼겹숙주볶음,0.0,
7021871,팽이버섯덮밥,0.0,1.0
7021872,양배추롤,1.0,
7021873,불닭볶음밥,0.0,
7021874,미나리초무침,0.0,3.0
7021875,어향가지,0.0,
7021878,진미채 간장볶음,0.0,
7021879,팽이버섯 계란말이,0.0,
7021881,무닭볶음탕,,
7021882,소세지 야채볶음,0.0,3.0
7021883,닭 갈비,0.0,
7021884,또띠아달걀토스트,0.0,1.0
7021885,애호박 보트피자,2.0,
7021886,야채 계란말이,0.0,
7021889,떡국떡 떡볶이,0.0,
7021897,팝콘더블샷라떼,0.0,
7021898,미나리 오징어초무침,0.0,
7021899,깻잎참치전,0.0,
7021901,야채비빔밥,0.0,
7021908,카페라떼,0.0,
7021925,볶음우동,0.0,
7021927,알배추겉절이,0.0,
7021936,청경채새우볶음,0.0,1.0
7021940,나물김밥,0.0,
7021953,팽이버섯 소금구이,0.0,
7021957,오트밀크래미죽,0.0,
7021964,참치 마요유부초밥,0.0,
7021971,메추리알 고추장소세지볶음,0.0,
7021979,마른새우볶음,0.0,
7021989,콜리플라워라이스,0.0,
7022000,소세지빵,0.0,
7022011,고추바사삭,0.0,
7022014,닭튀김,0.0,
7022026,분모자 떡볶이,0.0,
7022030,귀리밥,0.0,
7022039,된장 제육볶음,0.0,
7022040,쑥부침개,0.0,
7022045,스지 된장찌개,0.0,2.0
7022068,묵은지등갈비찜,0.0,
7022070,소갈비탕,0.0,
7022072,돼지목살 간장조림,0.0,
7022079,명란 크림파스타,0.0,
7022085,오징어볶음이면,0.0,
7022099,토피크런치크림라떼,0.0,
7022117,무고등어조림,0.0,
7022119,더덕고추장무침,0.0,
7022121,갈비찜,1.0,
7022122,모닝빵,0.0,
7022125,봄동새우말이,0.0,
7022129,감태파스타,2.0,
7022132,레몬수,2.0,1.0
7022133,계란토스트,0.0,
7022135,간장어묵볶음,0.0,
7022143,고추장더덕구이,0.0,
7022151,상추부추겉절이,0.0,
7022164,어묵국,0.0,
7022165,김부각,0.0,
7022168,삼겹살볶음밥,0.0,
7022173,시래기솥밥,0.0,
7022180,탕국,0.0,
7022184,달고나토스트,0.0,
7022194,오징어숙회,0.0,
7022205,깍두기볶음밥,0.0,
7022210,포케샐러드,0.0,
7022212,스팸파전,0.0,
7022215,베트남쌀국수,0.0,
7022216,계란 미역국,0.0,
7022217,양배추 라페샌드위치,0.0,
7022220,돼지고기 고추장찌개,0.0,
7022229,일본식 소고기카레,0.0,
7022231,목살수육,0.0,
7022233,궁채장아찌,0.0,1.0
7022234,인절미,0.0,
7022239,마리네이드토마토,0.0,1.0
7022241,서리태 콩국수,0.0,
7022244,도토리묵 냉국,0.0,
7022247,떡국떡국물떡볶이,0.0,
7022249,닭 한마리 곰탕,0.0,
7022261,양지곰탕,0.0,
7022266,피스타치오 크림에스프레소,0.0,
7022270,돌문어숙회,0.0,1.0
7022273,전복찜,0.0,1.0
7022275,컵라면 계란찜,0.0,
7022279,빵,4.0,1.0
7022280,들기름 두부부침,0.0,
7022290,곱창김,0.0,
7022294,야채튀김,0.0,
7022297,멘치카츠,0.0,
7022298,소고기 강된장,0.0,
7022301,레몬청,0.0,
7022308,멸치김치 칼국수,0.0,
7022312,아귀찜,0.0,
7022313,간장찜닭볶음밥,0.0,
7022329,오징어채 간장볶음,0.0,
7022332,수육,0.0,
7022350,애플시나몬크럼블,0.0,
7022352,대패삼겹살김치볶음,0.0,
7022356,바질마요네즈,0.0,
7022364,쪽파장아찌,0.0,
7022365,오이김치,0.0,
7022373,번데기탕,0.0,
7022381,마녀스프,2.0,3.0
7022387,양파 쑥전,0.0,
7022396,검은콩두유,0.0,
7022409,오뎅탕,0.0,
7022422,된장냉이무침,0.0,
7022430,깻잎순나물,0.0,2.0
7022434,고추장 잔멸치볶음,0.0,
7022437,연어 스테이크,0.0,
7022442,양배추샐러드빵,0.0,
7022445,오트밀요거트스콘,0.0,
7022454,칠리새우볶음,0.0,
7022455,고추장 닭구이,2.0,
7022461,보리빵,0.0,
7022463,피자,0.0,1.0
7022465,치즈 갈릭토스트,0.0,
7022482,진미채무침,0.0,
7022483,쑥국,0.0,
7022484,생파래무침,0.0,
7022487,메추리알 버섯장조림,0.0,
7022489,간고등어조림,0.0,
7022490,양배추전,0.0,
7022498,꼬막무침,0.0,
7022503,창난젓무침,0.0,
7022510,취나물무침,0.0,
7022512,물미역무침,0.0,
7022515,소고기볶음고추장,2.0,
7022518,메추리알 소고기장조림,0.0,
7022521,브로콜리 들깨무침,0.0,
7022526,도다리쑥국,0.0,
7022534,두부부침,0.0,1.0
7022542,연어 회덮밥,0.0,
7022548,아보카도 명란비빔밥,0.0,
7022561,두부 고추참치쌈장,0.0,
7022569,칠리새우,0.0,
7022576,문어 솥밥,0.0,
7022592,새송이버섯 들깨볶음,0.0,
7022602,황태채볶음,0.0,
7022604,치아바타,0.0,1.0
7022605,대패삼겹살 순두부찌개,0.0,
7022610,매실잼,0.0,
7022624,자숙뿔소라 비빔국수,0.0,
7022627,시래기된장국,0.0,
7022630,참치 오이비빔밥,1.0,1.0
7022633,양배추장아찌,0.0,
7022639,나폴리탄스파게티,0.0,
7022641,닭가슴살데리야끼,0.0,
7022643,들깨바지락 쑥국,0.0,
7022648,김치 누룽지죽,0.0,
7022649,매운 콩나물볶음,0.0,
7022651,해물볶음밥,0.0,
7022663,달래장,2.0,
7022665,카스테라 머핀,0.0,
7022667,오징어김치국,0.0,
7022668,계란후라이 반숙,0.0,
7022673,참치 감자짜글이,0.0,5.0
7022675,꽈리고추 계란장조림,0.0,
7022684,두반장 가지볶음,0.0,1.0
7022686,국물 닭볶음탕,,
7022690,돼지짜글이,0.0,
7022695,국물 닭발,0.0,
7022705,코다리조림,0.0,
7022716,딸기초코케이크,0.0,
7022719,고추장 참치주먹밥,0.0,
7022731,돼지고기김치찜,0.0,
7022740,더덕무침,0.0,1.0
7022747,고추참치 순두부찌개,0.0,
7022756,고등어김치찌개,0.0,
7022766,명란 오이비빔밥,0.0,2.0
7022769,쑥버무리,0.0,
7022775,시금치무침,0.0,3.0
7022790,블루베리 브래드푸딩,0.0,
7022793,초코딸기컵케이크,0.0,
7022803,연근칩,0.0,
7022810,맛조개볶음,0.0,
7022817,삼겹살구이,0.0,
7022825,훈제오리 쌈무말이,0.0,
7022828,라이스페이퍼만두,0.0,
7022847,도토리묵,0.0,
7022858,김치 비빔우동,0.0,
7022859,차돌박이 숙주찜,0.0,
7022874,슈크림라떼,0.0,
7022875,쉬림프타코,0.0,
7022876,버섯 샌드위치,0.0,
7022883,감자 사라다빵,0.0,
7022887,양배추 굴소스볶음,0.0,
7022892,펜네파스타,1.0,
7022899,매콤 두부조림,0.0,
7022900,상추겉절이,0.0,
7022910,감자채볶음,0.0,1.0
7022915,우삼겹 순두부찌개,0.0,
7022933,참치김치볶음,0.0,1.0
7022935,꽃게 된장국,0.0,
7022937,아메리칸쿠키,0.0,
7022942,이치란라멘,0.0,
7022945,경양식돈까스,0.0,1.0
7022974,비름나물무침,0.0,
7022981,토마토 샌드위치,0.0,
7022984,미나리김밥,0.0,
7022995,루꼴라 발사믹소스샐러드,0.0,
7023004,브리치즈파스타,0.0,
7023005,앙버터스콘,0.0,
7023017,고추새우전,0.0,
7023026,바지락술찜,0.0,
7023028,카레라이스,0.0,
7023030,족발볶음밥,0.0,
7023034,산적꼬치구이,0.0,
7023038,저당고추장,0.0,
7023043,감자 간장조림,0.0,1.0
7023050,목이버섯 오이무침,0.0,
7023051,할라피뇨 치킨텐더롤,0.0,1.0
7023063,알감자버터구이,0.0,
7023064,다슬기해장국,0.0,2.0
7023077,양배추 라페,0.0,4.0
7023078,다시마채무침,0.0,1.0
7023085,미나리나물무침,0.0,
7023092,메추리알장조림,0.0,1.0
7023126,알배추 오리고기찜,0.0,
7023132,생크림머핀,0.0,
7023134,쑥전,0.0,
7023146,해쉬브라운,0.0,
7023158,미역무침,0.0,
7023166,양배추 쌈장,0.0,
7023171,고추지무침,0.0,2.0
7023172,검은콩조림,0.0,
7023187,새우패티,0.0,1.0
7023188,참치 계란오트밀죽,0.0,
7023190,검은콩그릭요거트,1.0,
7023200,동부묵무침,0.0,
7023213,북어콩나물해장국,0.0,
7023214,꽈리고추찜,0.0,
7023224,다시마무침,0.0,
7023238,아보카도후숙,0.0,
7023244,돼지갈비양념,0.0,
7023247,깻잎 무말랭이무침,0.0,
7023252,오이 계란샐러드,0.0,
7023258,소고기 편백찜,0.0,
7023263,소꼬리찜,0.0,
7023264,소고기죽,0.0,
7023266,사골 곰탕,0.0,
7023280,딸기 생크림케이크,2.0,1.0
7023282,주꾸미샤브샤브,0.0,
7023288,차돌 미역전골,0.0,
7023299,무스비,0.0,
7023308,생취나물무침,0.0,
7023311,미나리무침,0.0,
7023319,액설런트라떼,0.0,
7023330,깻잎페스토,0.0,
7023335,스테이크솥밥,0.0,
7023344,비빔당면,0.0,
7023352,부추잡채,0.0,
7023353,우삼겹 배추볶음,0.0,
7023359,쑥개떡,0.0,1.0
7023387,초콜릿샌드쿠키,0.0,
7023389,쭈삼불고기,0.0,
7023391,새송이버섯통구이,0.0,
7023393,압력밥솥밥짓기,0.0,4.0
7023394,칼국수면,0.0,
7023395,고추장 닭볶이,0.0,
7023398,애플시나몬티,0.0,
7023404,로제마라샹궈,0.0,
7023406,압력솥밥,0.0,
7023416,깻잎절임,0.0,
7023423,조갯살미역국,0.0,
7023430,잡채밥,0.0,
7023431,오징어초무침,0.0,1.0
7023432,표고버섯 청경채볶음,0.0,
7023434,연두부,0.0,
7023439,훈제오리 부추무침,0.0,
7023452,양념순두부,0.0,
7023453,당근빵,0.0,
7023456,파나물,0.0,3.0
7023457,양해장국,0.0,
7023458,콩나물볶음,0.0,
7023475,황태포조림,0.0,1.0
7023477,세발나물전,0.0,
7023493,김치 고등어조림,0.0,
7023496,부추양배추샐러드,0.0,1.0
7023508,고들빼기김치,0.0,
7023509,소고기 미나리볶음,0.0,
7023511,얼갈이김치,0.0,
7023526,방울토마토 컵스튜,0.0,
7023533,두릅전,0.0,
7023542,허니간장치킨,0.0,
7023545,냉국수,0.0,
7023548,베이글샌드위치,0.0,
7023557,스위스감자전,0.0,
7023561,생크림 딸기케이크,,
7023565,딸기바나나주스,0.0,
7023566,블루베리우유,0.0,
7023568,당근스프,0.0,
7023570,닭김치찜,0.0,
7023572,새송이버섯구이,0.0,
7023576,겉절이,0.0,
7023580,두반장 제육볶음,0.0,
7023588,두부 잡채,0.0,
7023591,건새우볶음,0.0,
7023596,꽈리고추볶음,0.0,
7023604,등심돈까스,0.0,
7023607,비트오이피클,0.0,1.0
7023609,누룽지백숙,0.0,
7023616,묵나물,0.0,
7023625,소고기 알배추찜,0.0,2.0
7023633,매콤 어묵김밥,0.0,
7023639,당면 계란만두,0.0,
7023640,취나물쌈장무침,0.0,2.0
7023644,딸기쨈,0.0,
7023649,흰죽,0.0,
7023650,파절이무침,0.0,
7023675,돼지목살양념구이,0.0,
7023676,블랙코코아 스모어쿠키,0.0,
7023697,보말미역국,0.0,
7023698,콩비지된장찌개,0.0,
7023713,사골우거지된장국,0.0,
7023714,김치 청국장찌개,0.0,
7023722,소고기 찹스테이크,0.0,1.0
7023724,망고,0.0,
7023727,동죽 술찜,0.0,
7023736,버터명란구이,0.0,
7023748,코코넛 달고나커피,0.0,
7023754,양념돼지껍데기,0.0,1.0
7023755,케일바나나스무디,0.0,
7023756,소고기 우엉조림,0.0,
7023761,라면죽,0.0,
7023762,오이탕탕이,0.0,
7023771,참치 부추된장국,0.0,
7023779,콩나물국밥,0.0,
7023780,오징어덮밥,0.0,
7023781,스팸김밥,0.0,
7023820,꼬리곰탕,0.0,
7023822,라면스프밥,0.0,
7023832,상투과자,0.0,
7023839,오이 크래미샐러드,0.0,
7023842,토마토 푸실리파스타,0.0,
7023868,사라다,0.0,
7023883,북어채무침,0.0,
7023902,치자 단무지,0.0,
7023913,썸머라떼,0.0,
7023915,스팸떡볶이,0.0,
7023918,새우 대파꼬치,0.0,
7023921,눈개승마나물,0.0,
7023925,국물버섯등갈비찜,0.0,
7023930,닭개장,0.0,
7023938,도라지오이무침,0.0,
7023950,셜리템플,0.0,
7023952,무닭곰탕,0.0,
7023953,땅두릅장아찌,0.0,
7023955,꽈리고추표고버섯볶음,0.0,
7023957,구운달걀,0.0,
7023971,브로콜리,0.0,
7023979,찹쌀누룽지백숙,2.0,1.0
7023981,양배추 오이김치,0.0,
7023984,파스타푸실리꿀꽈배기,0.0,
7023992,티라미수,0.0,
7024002,닭가슴살마녀스프,0.0,
7024011,조미김,,
7024033,토마토스튜,0.0,
7024045,오이 참깨무침,0.0,1.0
7024047,오징어 부추전,0.0,
7024048,스팸두부김치볶음,0.0,
7024050,눈개승마나물무침,0.0,
7024073,고추장냉이무침,0.0,
7024075,진미춘장볶음짜장,0.0,
7024079,견과류조림,0.0,
7024094,아구찜,0.0,1.0
7024109,마른새우 견과류볶음,0.0,
7024110,비엔나소세지 야채볶음,0.0,
7024112,상추나물무침,0.0,
7024115,양배추 피클,0.0,
7024119,간장제육볶음,0.0,3.0
7024121,돼지등뼈 감자탕,0.0,
7024127,알탕,0.0,
7024129,늙은호박말랭이,0.0,
7024130,감자 붕생이,0.0,
7024133,쭈꾸미샤브샤브,0.0,
7024137,콘옥수수샐러드,0.0,
7024143,엄나무순,0.0,2.0
7024145,사과샐러리주스,0.0,
7024162,앙버터휘낭시에,0.0,
7024198,양배추볶음,0.0,
7024201,소고기 두부조림,0.0,6.0
7024207,시금치 두부된장국,0.0,
7024208,레몬에이드,0.0,
7024210,가리비찜,0.0,
7024211,두릅장아찌,0.0,1.0
7024227,티라미수라떼,0.0,
7024229,버터식빵러스크,0.0,
7024235,아보카도과카몰리,0.0,
7024236,참치 두부쌈장,0.0,
7024242,오리녹두백숙,0.0,
7024245,치즈오믈렛,0.0,1.0
7024247,엔초비파스타,0.0,
7024248,우엉연근조림,2.0,
7024269,소풍도시락,0.0,
7024270,갈릭새우버터구이,0.0,
7024271,방울토마토부르스케타,0.0,
7024273,아몬드모카크로와상,0.0,
7024274,들깨감자미역국,0.0,
7024280,두부 깻잎전,0.0,
7024285,참치 미역국,0.0,
7024286,가지 나물무침,0.0,
7024299,미니 단호박죽,0.0,
7024305,고등어김치조림,0.0,
7024312,양배추 계란전,0.0,
7024340,소불고기덮밥,0.0,
7024341,제육덮밥,0.0,
7024354,밤크림라떼,0.0,
7024375,자몽에이드,0.0,
7024376,간장양념장,0.0,
7024378,채소소고기볶음,0.0,1.0
7024402,닭다리살구이,0.0,
7024405,열무김치,0.0,
7024406,양파 어묵볶음,0.0,
7024423,마라떡볶이,0.0,
7024426,대패삼겹살찜,0.0,
7024441,햄버거스테이크소스,0.0,
7024442,햄버거스테이크,0.0,
7024472,감자튀김,0.0,
7024475,샤브샤브,0.0,
7024478,고추참치두부조림,0.0,
7024494,명이나물간장피클,0.0,
7024502,호두강정조림,0.0,
7024508,연포탕,0.0,
7024511,콩비지찌개,0.0,
7024512,낙지젓갈무침,0.0,
7024515,마늘쫑볶음,0.0,
7024523,현미누룽지닭백숙,0.0,
7024534,잔치국수양념장,0.0,
7024535,오가피나물무침,0.0,
7024542,보쌈,0.0,
7024545,소고기 가지밥,0.0,
7024547,보쌈무,0.0,
7024548,호박 된장찌개,0.0,
7024553,크래미샐러드,0.0,
7024563,유채나물무침,0.0,
7024580,온면,0.0,1.0
7024594,맑은콩나물 무국,0.0,
7024600,감자된장국,0.0,
7024601,새우찜,0.0,
7024607,샐러드드레싱,0.0,
7024609,그래놀라,0.0,
7024610,머위대들깨볶음,0.0,
7024622,소고기 주먹밥,0.0,
7024632,파채무침,0.0,
7024633,후라이드치킨,0.0,
7024647,스무디,0.0,
7024655,오란다,0.0,
7024656,명이나물장아찌,0.0,
7024668,차돌박이해물야끼 우동,0.0,1.0
7024669,순살 감자탕,0.0,
7024671,계란죽,0.0,2.0
7024672,계란 케찹볶음밥,0.0,
7024683,돼지보쌈,0.0,
7024684,에그마요쉬림프샌드위치,0.0,
7024687,미숫가루,0.0,1.0
7024692,소떡소떡,0.0,1.0
7024696,멍게무침,0.0,
7024697,소불고기,0.0,
7024703,오이지무침,0.0,
7024705,마제구리,0.0,
7024709,미나리장아찌,0.0,
7024722,애호박 젓국,2.0,
7024723,대저토마토카프레제,0.0,
7024733,감자볶음탕,,
7024734,족발덮밥,0.0,
7024736,마블링라떼,0.0,
7024743,묵은지참치김밥,0.0,
7024772,부추계란국,0.0,
7024780,깻잎장아찌,0.0,
7024792,개두릅나물무침,0.0,
7024809,아보카도 훈제연어 크로와상샌드위치,0.0,
7024812,헤이즐럿라떼,0.0,
7024814,매운등갈비찜,0.0,
7024819,당근주스,0.0,
7024825,병아리콩후무스,0.0,
7024842,초코칩쿠키,0.0,
7024843,엄나무순무침,0.0,
7024846,청참외장아찌,0.0,
7024855,불고기,0.0,1.0
7024871,리코타치즈샌드위치,0.0,
7024883,고추기름,0.0,
7024887,우삼겹김치볶음,1.0,1.0
7024892,돼지고기 두부김치,0.0,
7024896,고등어 고구마줄기조림,0.0,
7024922,오징어 대패삼겹살볶음,0.0,
7024939,대패삼겹살비지찌개,0.0,
7024946,호박 잎쌈밥,0.0,
7024950,A1스테이크소스,0.0,1.0
7024961,소고기 아롱사태찜,0.0,
7024963,숙주 두부볶음,0.0,
7024968,오트밀크바닐라라떼,0.0,
7024980,매실장아찌무침,0.0,
7024982,강황검은콩밥,0.0,
7024994,홀스래디쉬소스,0.0,
7025002,소고기 채소찜,0.0,
7025007,죽순들깨볶음,0.0,
7025012,김국,0.0,
7025013,삼겹살수육,0.0,
7025019,양배추샐러드소스드레싱,0.0,
7025023,돼지등뼈묵은지 감자탕,0.0,
7025027,햄치즈샌드위치,0.0,
7025034,감자 고로케,0.0,
7025036,곤드레나물데치는시간,0.0,
7025040,열무김치볶음,0.0,
7025042,그릭요거트바스크치즈케이크,0.0,
7025044,닭다리갈비치킨,0.0,
7025046,말차크림라떼,0.0,
7025078,마늘쫑장아찌고추장무침,2.0,
7025079,통오징어찜,0.0,
7025080,새송이버섯장조림,0.0,
7025081,감자떡,0.0,1.0
7025083,소고기 아롱사태수육,1.0,
7025085,소라젓,0.0,
7025086,더덕양념구이,0.0,
7025093,바지락순두부찌개,0.0,
7025095,미소된장국,0.0,
7025096,참치샐러드,0.0,
7025097,크림치즈케이크,0.0,
7025100,단호박조림,0.0,
7025102,반미샌드위치,0.0,
7025108,건죽순나물볶음,0.0,1.0
7025109,돌나물물김치,0.0,
7025110,스팸감자짜글이,0.0,
7025117,찰보리빵,0.0,
7025118,목살스테이크,0.0,
7025120,들깨드레싱소스,0.0,
7025134,열무물김치,0.0,
7025135,망초나물무침,0.0,
7025141,소곱창전골,0.0,
7025168,한우설도소불고기,0.0,
7025169,명란찜,0.0,1.0
7025172,꼬리수육,0.0,
7025181,티라미수머핀,0.0,
7025182,계란 유부볶음밥,0.0,
7025183,갈치조림,0.0,
7025189,간장새우장,0.0,
7025195,탕수육,0.0,
7025207,양배추김치볶음밥,0.0,
7025212,두유라떼,0.0,
7025216,참치 마요덮밥,1.0,3.0
7025218,해물알탕,0.0,
7025224,떡뻥,0.0,
7025228,땅콩볶기,0.0,
7025231,닭다리카레구이,0.0,
7025256,곱창전골,0.0,
7025261,부추무침,0.0,
7025262,쑥갓두부무침,0.0,
7025286,열무국수,0.0,1.0
7025302,서리태볶음,0.0,
7025303,조개젓,0.0,
7025304,조개젓무침,0.0,
7025305,라따뚜이,0.0,
7025308,모카라떼,0.0,
7025309,오이 소박이,0.0,
7025310,톳초무침,0.0,1.0
7025314,두릅무침,0.0,
7025348,과일크로플,0.0,
7025364,장어구이,0.0,
7025366,돼지갈비탕,0.0,
7025367,냉동꽃게찜,0.0,1.0
7025370,물냉면,0.0,
7025373,건새우마늘쫑볶음,0.0,2.0
7025375,멸치 주먹밥,0.0,
7025392,돼지고기 내장탕,0.0,
7025399,고구마 칩,0.0,
7025401,대추잼,0.0,
7025402,소고기 시래기된장국,0.0,
7025403,무만두,0.0,
7025404,열무비빔밥,0.0,
7025405,투게더맛우유라떼,0.0,
7025406,순살닭볶음탕,,
7025415,소고기 육개장,0.0,
7025419,메추리알돼지안심장조림,0.0,
7025424,무조림,0.0,3.0
7025425,바지락탕,0.0,
7025431,새우 젓애호박볶음,0.0,
7025437,어묵 볶이,0.0,
7025441,오샷추,0.0,
7025442,올리브소세지솥밥,2.0,4.0
7025455,아이스카라멜마끼야또,0.0,
7025468,돼지목살덮밥,0.0,
7025469,갈치구이,0.0,
7025483,등갈비폭립,0.0,1.0
7025494,건취나물볶음,0.0,
7025495,곤드레나물볶음,0.0,
7025500,당근라페,0.0,
7025501,당근라페키토김밥,0.0,
7025505,동태탕,0.0,
7025522,버섯 크림파스타,0.0,
7025527,고추장스팸감자조림,0.0,2.0
7025533,레몬주스,0.0,1.0
7025535,메이플라떼,0.0,
7025551,돼지고기 두루치기,0.0,
7025577,감자 야채볶음밥,0.0,
7025588,고구마 에그타르트,0.0,
7025589,김밥,0.0,2.0
7025591,마늘쫑간장장아찌,0.0,
7025592,사라다빵,0.0,
7025599,통밀식빵,0.0,
7025609,바닐라휘낭시에,0.0,
7025616,호박볶음,0.0,
7025625,오이 양파장아찌,0.0,
7025626,닭봉 간장조림,0.0,1.0
7025627,연두부계란탕,0.0,
7025636,얼갈이열무자박김치,0.0,
7025646,잔멸치주먹밥,0.0,1.0
7025671,사골 곰탕부대찌개,0.0,
7025678,우삼겹토마토파스타,0.0,
7025679,지코바양념치킨,0.0,
7025680,야채순대볶음,0.0,
7025686,도라지오이초무침,2.0,
7025688,브로콜리 맛살볶음,0.0,
7025690,고등어 시래기조림,0.0,
7025702,크래미맛살전,0.0,
7025703,오이 참치비빔밥,0.0,3.0
7025717,버터스카치카라멜크림라떼,0.0,
7025718,반반치킨,0.0,
7025722,백합조개탕,0.0,
7025723,팽이버섯 들깨볶음,0.0,
7025730,대파 계란볶음밥,0.0,
7025738,오이 진미채무침,0.0,
7025744,더블초코스콘,0.0,
7025746,김치 제육볶음,0.0,
7025750,대패삼겹살구이,0.0,
7025753,도토리면비빔국수,0.0,
7025762,돼지고기 애호박찌개,2.0,2.0
7025776,오트밀계란죽,0.0,
7025785,아이스크림라떼,0.0,
7025801,두부 버섯 들깨탕,0.0,2.0
7025805,전복리조또,0.0,
7025806,시금치 프리타타,0.0,
7025810,우삼겹두부조림,0.0,
7025830,잔멸치볶음,3.0,
7025833,매운빨간콩나물무침,0.0,5.0
7025838,전복조림,0.0,
7025854,마카다미아쿠키,0.0,
7025856,간장깻잎장아찌,0.0,
7025860,바닐라크림라떼,0.0,
7025878,깻잎순나물무침,0.0,
7025880,티라미수케익,0.0,
7025890,고기완자전,0.0,
7025891,무생채볶음밥,0.0,
7025897,닭국,0.0,
7025899,게맛살숙주나물무침,0.0,
7025902,도시락,0.0,
7025918,쥐포채볶음,0.0,
7025922,메주콩조림,0.0,
7025931,명란솥밥,0.0,
7025934,양갱,0.0,
7025965,마른고추잎나물무침,0.0,
7025979,돼지고기 야채찜,0.0,
7025988,돼지고기 묵은지김치찜,0.0,
7025990,파닭전,0.0,7.0
7025998,콩나물비빔밥,0.0,
7026000,황태채소육수,0.0,
7026002,두부 콩나물비빔밥,0.0,
7026006,얼큰김치수제비,0.0,
7026010,닭고기 미역국,0.0,1.0
7026012,마늘쫑장아찌,0.0,
7026021,마약토스트,0.0,
7026025,빅토리아케이크,0.0,
7026034,브로콜리 땅콩버터무침,0.0,2.0
7026035,갈치 무조림,0.0,
7026038,수박주스,0.0,
7026047,어묵김밥,0.0,
7026049,스팸마요덮밥,0.0,
7026057,느타리버섯 들깨볶음,0.0,
7026064,쿠키슈,0.0,
7026070,가자미찌개,0.0,
7026075,리코타치즈,0.0,
7026099,토마토 새우파스타,0.0,
7026109,어묵부추잡채,0.0,
7026113,시나몬돌체라떼,0.0,
7026122,마늘쫑멸치볶음,0.0,
7026126,양배추 계란치즈샌드위치,0.0,
7026129,머위대볶음,0.0,
7026137,닭한마리 칼국수,0.0,
7026144,게국지,0.0,
7026148,물가자미회무침,0.0,
7026150,두부김치,0.0,1.0
7026164,땅콩크림라떼,0.0,
7026169,훈제오리숙주찜,0.0,
7026181,두부 비빔면,,
7026182,간장게장,0.0,1.0
7026187,상추물김치,0.0,1.0
7026188,왕고들빼기김치,0.0,
7026203,참소라숙회,0.0,1.0
7026216,헤이즐넛카푸치노,0.0,
7026218,닭강정,0.0,
7026236,망고스무디,0.0,
7026238,토마토볶음샐러드,0.0,
7026239,주먹밥,0.0,
7026245,마늘쫑간장볶음,0.0,2.0
7026249,솥밥,0.0,
7026261,치즈 감자전,0.0,
7026263,잔치국수,0.0,
7026272,로제떡볶이,0.0,
7026278,오이김밥,0.0,4.0
7026284,얼갈이 감자탕,0.0,
7026287,매콤 간장등뼈찜,0.0,
7026292,양념게장,0.0,5.0
7026299,토마토김치찌개,0.0,3.0
7026304,마라탕,1.0,
7026327,꿀마늘,0.0,
7026332,여름배추김치,0.0,
7026347,황치즈쿠키,0.0,
7026354,코다리간장조림,0.0,
7026359,삼색꼬치전,0.0,
7026371,초계국수,0.0,
7026373,양배추 바나나주스,0.0,
7026395,연겨자소스,0.0,
7026399,오겹살수육,0.0,
7026406,빨간소고기무국,0.0,
7026411,마늘쫑무침,0.0,
7026425,고추참치김치찌개,0.0,
7026439,소고기볶음밥,0.0,
7026447,묵은지김치전,0.0,
7026460,알감자구이,0.0,
7026464,갱시기죽,0.0,1.0
7026469,땡초장,0.0,2.0
7026475,김장아찌,0.0,1.0
7026479,사골 칼국수,0.0,
7026482,마늘수육,0.0,
7026503,닭가슴살 간장계란밥,0.0,1.0
7026504,도가니탕,0.0,
7026518,무뼈닭발볶음,0.0,
7026537,쪽파크림치즈,0.0,1.0
7026549,베이컨김치전,0.0,1.0
7026550,감자샐러드샌드위치,0.0,
7026552,무초절임,0.0,
7026555,총각김치,2.0,
7026571,크루키,0.0,
7026595,콜라찜닭,0.0,
7026599,와사비마요소스,0.0,1.0
7026604,양념꽃게장,0.0,
7026607,참소라미나리초무침,0.0,
7026609,문어샐러드,0.0,
7026611,영양부추무침,0.0,
7026615,마제소바,0.0,
7026618,오이지냉국,1.0,
7026641,김치찜,0.0,1.0
7026642,메밀막국수,0.0,
7026650,맛간장,0.0,
7026653,상추무침,0.0,
7026655,도라지무침,0.0,
7026659,명란찜덮밥,0.0,
7026662,된장목살구이,0.0,
7026663,돼지고기 간장조림,0.0,
7026666,돼지고기 앞다리살수육,0.0,
7026668,칠리오일누들,0.0,
7026674,참치김치주먹밥,0.0,
7026696,양파볶음,0.0,
7026699,원팬크림파스타,0.0,3.0
7026701,황치즈크림라떼,0.0,
7026723,마요네즈스팸계란볶음밥,1.0,1.0
7026760,로즈마리등심스테이크,0.0,1.0
7026762,스팸무스비,0.0,
7026776,열무김치국수,0.0,1.0
7026780,레몬맥주,0.0,
7026787,머위대장아찌,0.0,
7026789,청경채달걀볶음,0.0,
7026793,카라멜스콘,0.0,
7026797,새우 젓담그기,0.0,
7026811,고구마순김치,0.0,
7026832,훈제오리볶음,0.0,
7026844,도토리묵사발,0.0,
7026845,애호박전,0.0,
7026846,고추다짐이,0.0,
7026852,김치죽,1.0,
7026854,어묵볶음,0.0,
7026862,간장마늘쫑장아찌,0.0,
7026868,돼지김치찜,0.0,1.0
7026873,골뱅이강된장,0.0,1.0
7026894,샐러리장아찌,0.0,
7026905,크리스피치킨,0.0,
7026912,목살제육볶음,0.0,1.0
7026914,냉면육수묵사발,0.0,1.0
7026916,황태채무침,0.0,
7026919,주꾸미볶음,0.0,
7026921,나주곰탕,0.0,
7026926,루피니빈밥,0.0,
7026930,목살김치찜,0.0,
7026933,감자 팝콘,0.0,
7026935,닭 목살 간장구이,0.0,
7026944,감자조림,0.0,1.0
7026956,헤이즐넛크림라떼,0.0,
7026972,김치 참치볶음밥,0.0,
7026974,냄비밥,0.0,
7026978,단무지주먹밥,0.0,
7026983,마늘간장조림,0.0,1.0
7026987,참치찌개,,
7026989,대패삼겹살두루치기,0.0,
7026991,스팸꽈리고추볶음,0.0,
7027000,가지볶음,0.0,
7027002,고추장아찌간장절임,0.0,
7027007,게맛살전,0.0,
7027008,부추비빔밥,0.0,4.0
7027014,유아식오징어볶음,0.0,
7027024,버터가지조림,0.0,
7027033,짬뽕국물,0.0,
7027044,샐러드소스,0.0,4.0
7027048,간장돼지불고기,0.0,
7027049,계란 장조림,0.0,
7027064,바닐라라떼,0.0,
7027076,토마토샐러드,0.0,
7027077,감자 소고기국,0.0,1.0
7027080,찹쌀약밥,0.0,1.0
7027086,바나나케익,0.0,
7027088,후무스,0.0,
7027089,김치 배추겉절이,0.0,
7027097,옥수수콘샐러드,0.0,
7027099,양파 장아찌,0.0,
7027101,누룽지탕,0.0,
7027102,참치 쌈장,0.0,
7027105,돼지고추장찌개,0.0,
7027108,꼬들단무지무침,0.0,
7027111,매운어묵무침,0.0,
7027112,소고기 꽈리고추장조림,0.0,
7027116,크래미오이롤,0.0,
7027134,배추겉절이,0.0,1.0
7027136,장 칼국수,0.0,
7027137,아이스아메리카노,0.0,
7027150,햄버거번,0.0,
7027151,닭고기볶음,0.0,
7027153,야채계란찜,0.0,1.0
7027154,레몬셔벗,0.0,
7027157,앞다리살수육,0.0,2.0
7027158,오이 나물볶음,0.0,
7027181,통마늘표고버섯볶음,0.0,1.0
7027206,또띠아샌드위치,0.0,
7027217,화이트초코말차쿠키,0.0,
7027225,죽순초무침,0.0,
7027235,가문어조림,1.0,
7027246,군고구마,0.0,
7027257,김치 양념,0.0,
7027277,자두청,0.0,
7027279,새우 명란오일파스타,0.0,
7027281,아몬드사브레쿠키,0.0,
7027282,우렁초무침,0.0,
7027290,모카번,0.0,
7027293,통들깨볶기,0.0,1.0
7027304,바지락봉골레파스타,0.0,
7027314,병아리콩스프,0.0,
7027315,브로콜리무침,0.0,
7027330,휘낭시에,0.0,
7027332,양배추덮밥,0.0,
7027340,간장떡강정,0.0,
7027348,아기황태국,0.0,
7027353,잠봉뵈르,0.0,
7027360,황태콩나물국,0.0,
7027361,아부라소바,0.0,1.0
7027364,오이지담그기,0.0,
7027385,유근피차,0.0,
7027390,브로콜리 카레,0.0,
7027392,감자사라다,0.0,
7027393,오이무침,0.0,
7027394,쫄면양념장,0.0,
7027397,들기름 깻잎파스타,0.0,
7027433,매운알감자조림,0.0,
7027443,오리훈제볶음,0.0,1.0
7027453,연근무침,0.0,
7027458,호두강정,6.0,
7027464,오이 미역냉국,0.0,
7027470,오징어 버터구이,0.0,
7027471,청양마요소스,0.0,
7027484,양배추 게맛살샐러드,0.0,
7027492,인절미빙수,0.0,
7027499,묵은지들기름볶음,0.0,
7027505,오이샐러드,0.0,1.0
7027511,차지키소스,0.0,6.0
7027518,새우 젓두부찌개,0.0,2.0
7027519,소고기 양념구이,0.0,2.0
7027520,토마토 소스구운가지,0.0,
7027522,돼지고기김치볶음밥,0.0,
7027523,송화버섯볶음,0.0,1.0
7027524,피타브레드샌드위치,0.0,
7027533,햄피망볶음,0.0,1.0
7027536,열무강된장,0.0,
7027543,오리불고기,0.0,
7027545,얼큰 소고기순두부찌개,0.0,
7027557,병어조림,0.0,
7027558,파래무침,0.0,
7027559,죽순볶음,0.0,
7027560,우삼겹콩나물볶음,0.0,2.0
7027561,단호박오리훈제찜,0.0,
7027565,꽈배기오이소박이,0.0,
7027575,에그핫도그,0.0,
7027576,병아리콩조림,0.0,
7027589,콩나물 비빔잡채,0.0,
7027624,미역국,0.0,1.0
7027626,마늘장아찌,0.0,
7027642,불고기샐러드랩,0.0,
7027644,바닐라더블샷,0.0,
7027652,고양이케이크,0.0,
7027662,소고기 사태수육,0.0,
7027667,알배기배추 물김치,0.0,
7027669,아삭이고추김치,0.0,
7027674,냉우동샐러드,0.0,
7027676,땡초멸치볶음,0.0,2.0
7027681,훈제오리찜,0.0,
7027688,당근양배추라페,0.0,
7027695,해장라면,0.0,
7027703,애호박 부추전,0.0,
7027706,노오븐티라미수,0.0,
7027713,순두부달걀국,,
7027719,감동란,0.0,
7027731,가지탕수육,0.0,
7027746,쏘야볶음,0.0,
7027750,무청된장국,0.0,
7027754,쟁반막국수,0.0,
7027755,꽈리고추전,0.0,
7027761,매운 콩나물국,0.0,
7027764,소고기 감자조림,0.0,
7027778,닭전,0.0,
7027791,라즈베리라떼,0.0,
7027794,오이 고추비빔밥,2.0,2.0
7027796,해물부추전,0.0,
7027810,참외장아찌,0.0,
7027824,샤브 칼국수,0.0,
7027835,잼스콘,0.0,
7027847,부추김치,0.0,
7027851,소고기비빔밥,0.0,
7027862,레몬꿀녹차,0.0,
7027864,무국,0.0,
7027866,오트밀빵,0.0,
7027868,다진소고기고추장볶음,0.0,
7027874,파김치,0.0,
7027875,피타브레드,0.0,
7027884,땡초장김밥,0.0,
7027899,도토리묵밥,0.0,
7027901,초코쿠키라떼,0.0,
7027913,소고기 대파육개장,0.0,1.0
7027916,치킨떡볶이,0.0,1.0
7027917,김무침,0.0,
7027926,감자 미역국,0.0,
7027927,고구마 줄기볶음,0.0,
7027928,족발부추무침,0.0,
7027929,키위바나나주스,0.0,
7027932,생토마토소스,0.0,
7027937,케일키위바나나주스,0.0,
7027946,감자 스팸조림,0.0,
7027953,미니새송이버섯볶음,0.0,1.0
7027969,인절미크림라떼,0.0,
7027996,상추참치비빔밥,0.0,
7027997,순살간장닭볶음탕,,
7028005,아기김밥,0.0,
7028007,로얄밀크티,0.0,
7028015,참외무침,0.0,
7028016,마늘쫑새우볶음,0.0,
7028027,붉닭스파게티,0.0,
7028046,닭볶음탕볶음밥,,
7028056,레드벨벳라떼,0.0,
7028073,돼지고기 완자전,0.0,
7028080,대만식오이무침,0.0,
7028082,실곤약야채무침,0.0,
7028091,계란탕,0.0,
7028099,배추김치,0.0,1.0
7028100,마녀 수프,0.0,
7028104,코울슬로,0.0,
7028126,카레,0.0,
7028130,김치 어묵국수,0.0,
7028134,다이어트김밥,0.0,
7028140,애호박 고추장찌개,0.0,
7028141,잠봉버터리조또,0.0,
7028151,호박 고추장찌개,0.0,2.0
7028155,불고기떡볶이,0.0,1.0
7028158,크래미유부초밥,0.0,
7028160,청귤하이볼,0.0,
7028170,새우 소금구이,0.0,
7028173,청경채돼지고기볶음,0.0,
7028183,전자렌지계란찜,0.0,
7028185,오이 피클,0.0,1.0
7028190,초콜릿,0.0,
7028199,애호박튀김,0.0,
7028206,꽈리고추조림,0.0,
7028221,바질크림파스타,0.0,
7028229,목살필라프,0.0,
7028238,맑은콩나물국,0.0,
7028248,두부 강된장찌개,0.0,
7028262,마늘보쌈,0.0,
7028270,만능간장양념장,0.0,
7028276,상추비빔국수,0.0,
7028279,에어프라이구운 계란,0.0,
7028286,월남쌈김밥,0.0,
7028288,양배추 당근볶음,0.0,
7028292,사과브리치즈샌드위치,0.0,
7028310,땅콩잼,0.0,
7028313,차돌박이부추말이,0.0,
7028324,김치 묵사발,0.0,
7028326,비빔냉면,0.0,
7028329,돼지고기 잡채,0.0,
7028330,어묵꽈리고추볶음,0.0,
7028339,돼지간장불고기,0.0,5.0
7028351,허니버터토스트,0.0,
7028364,냉라면,0.0,
7028383,오리탕,0.0,1.0
7028386,오이 방울토마토샐러드,0.0,
7028388,고추장버터등갈비,0.0,
7028391,가지 햄전,0.0,
7028392,새송이버섯구이무침,0.0,
7028397,쇼가야끼,0.0,1.0
7028399,컵누들마라샹궈,0.0,
7028402,고구마 바스크치즈케이크,0.0,
7028408,교자만두,0.0,
7028409,간장닭꼬치,0.0,
7028410,홍콩토스트,0.0,
7028414,돼지주물럭,0.0,
7028418,오이 맛살냉채,0.0,
7028427,꽈리고추감자조림,0.0,
7028429,월남쌈두부야채말이,0.0,
7028434,아이스당근라떼,0.0,
7028443,애기고추찜무침,0.0,
7028451,냉콩나물국,0.0,
7028454,단호박카레,0.0,
7028463,참치 삼각김밥,0.0,
7028464,새우 젓무침,0.0,
7028466,오이 참치김밥,2.0,3.0
7028479,중멸치볶음,0.0,5.0
7028480,양배추 겉절이,0.0,
7028481,참외장아찌무침,0.0,
7028484,가자미구이,0.0,
7028486,레인보우주스,0.0,
7028487,오이 샌드위치,0.0,
7028510,콩국수,0.0,
7028513,콩나물 무파채무침,0.0,
7028516,고등어 무간장조림,0.0,
7028518,양상추샐러드,0.0,
7028549,통마늘조림,0.0,
7028551,콩잎물김치,0.0,
7028552,계란 무국,1.0,2.0
7028554,크래미콩나물무침,0.0,
7028555,오일파스타,0.0,2.0
7028564,로제찜닭,0.0,1.0
7028570,브라우니,0.0,
7028577,소고기 부추말이,0.0,
7028588,수제스팸,0.0,
7028590,땡모반,0.0,
7028605,꼴뚜기조림,0.0,
7028621,새우 호박볶음,0.0,
7028627,묵사발,0.0,
7028629,감자 또띠아,0.0,
7028633,현미귀리잡곡밥,0.0,
7028639,아기스팸,0.0,
7028648,토마토 계란오트밀볼,2.0,1.0
7028652,패션후르츠에이드,0.0,
7028655,참기름스팸김치볶음,0.0,3.0
7028673,오이 냉국,0.0,
7028675,새우 순두부찌개,0.0,
7028683,계란 노른자장,0.0,
7028701,섬초무침,0.0,
7028702,마요네즈토스트,0.0,
7028706,오이지,0.0,
7028707,깻잎순볶음,0.0,
7028710,골드키위주스,0.0,
7028713,파닭꼬치,0.0,
7028715,LA갈비탕,0.0,
7028725,비빔국수,0.0,1.0
7028736,오이 미역초무침,0.0,
7028737,돼지등갈비폭립,0.0,
7028743,알배기겉절이,0.0,
7028744,채소찜,0.0,
7028764,오이 물김치,0.0,
7028773,순두부간장양념장,0.0,
7028784,간장고추장아찌,0.0,
7028786,닭백숙,0.0,
7028792,닭가슴살양배추볶음밥,0.0,
7028802,소고기 버섯볶음밥,0.0,
7028803,감자국,0.0,
7028804,고기비빔국수,0.0,
7028806,개복숭아효소,0.0,
7028808,사이다깍두기,0.0,
7028812,땅콩버터쿠키,0.0,
7028822,참외샐러드,0.0,2.0
7028823,꽈리고추멸치조림,0.0,
7028824,시금치피자,,
7028846,소고기 들깨 미역국,0.0,
7028850,마른미역무침,0.0,
7028866,밀크쉐이크,0.0,
7028890,순살치킨,0.0,
7028892,꽃맛살샐러드,0.0,
7028893,유부김밥,0.0,
7028896,팝콘,0.0,
7028897,열무김치 비빔국수,0.0,
7028901,메밀간장 비빔국수,0.0,
7028903,유부야채롤김밥,0.0,
7028925,브라운슈가라떼,0.0,
7028955,단호박스프,0.0,2.0
7028974,소고기 우거지해장국,0.0,
7028978,매실장아찌,0.0,
7028987,냉면다대기,2.0,2.0
7028997,가지구이,0.0,
7029000,감자전,0.0,
7029004,스팸계란유부초밥,0.0,
7029016,핫도그샌드위치,0.0,
7029018,베이컨 계란볶음밥,0.0,
7029022,차슈만들기,2.0,
7029025,사브레만들기,0.0,
7029027,깻잎파스타,0.0,
7029028,소고기전골요리,0.0,
7029048,부추계란볶음,0.0,
7029049,아보카도 명란덮밥,0.0,
7029061,케일바나나주스,0.0,
7029068,견과류강정,0.0,1.0
7029070,베이컨 크림파스타,0.0,
7029072,감자 계란샐러드,0.0,
7029076,오이 들깨무침,0.0,2.0
7029077,애호박 새우젓찌개,0.0,
7029081,새우 크림파스타,0.0,
7029085,편백찜,0.0,
7029086,스지어묵탕,0.0,
7029087,잠봉뵈르샌드위치,0.0,
7029088,양배추샐러드,0.0,
7029089,무청 시래기된장국,0.0,
7029091,양배추 계란토스트,0.0,
7029101,오이 장아찌,0.0,1.0
7029104,알감자조림,0.0,2.0
7029110,미숫가루라떼,2.0,
7029113,마라샤브,0.0,
7029118,통감자버터구이,0.0,
7029131,앞다리살제육볶음,0.0,4.0
7029139,들깨 칼국수,0.0,
7029140,우삼겹부추솥밥,0.0,
7029149,실파김치,0.0,
7029150,두부 감자조림,0.0,3.0
7029151,매운 콩나물잡채,0.0,
7029159,오이 가지냉국,0.0,
7029162,아이깍두기,0.0,
7029167,아기닭곰탕,0.0,
7029174,오이 무피클,0.0,
7029175,어묵제육,0.0,2.0
7029176,베이컨김치볶음밥,0.0,
7029181,프렌치토스트,0.0,
7029187,땅콩버터,0.0,
7029194,감자 계란국,2.0,13.0
7029195,쪽파김치,0.0,
7029198,한치초무침,0.0,
7029202,간장소불고기,0.0,
7029204,상추부추비빔밥,0.0,
7029209,암열무김치,,
7029210,야채어묵김밥,0.0,
7029227,김치 수제비,0.0,
7029234,삼겹살차슈덮밥,0.0,2.0
7029238,팽이버섯두부된장국,0.0,
7029245,바질토마토베이글,0.0,
7029252,솔티카라멜라떼,0.0,
7029254,양파 피클,0.0,
7029259,가지 피자,0.0,
7029264,맑은감자국,0.0,
7029266,웨지감자,0.0,
7029292,시래기등갈비찜,0.0,1.0
7029294,닭 날개구이,0.0,
7029300,돼지찌개,2.0,
7029307,병아리콩,0.0,3.0
7029308,치즈 감자호떡,0.0,1.0
7029315,나비쥐포볶음,0.0,
7029317,햄 감자조림,0.0,
7029318,에스프레소카페봉봉,0.0,
7029324,기름가자미조림,0.0,
7029337,순살찜닭,0.0,
7029341,부추오이무침,0.0,
7029344,닭볶음탕,,
7029358,미니 단호박찜,0.0,
7029375,두부김치꼬마김밥,0.0,
7029379,완두콩조림,0.0,1.0
7029385,고추장진미채볶음,0.0,
7029387,차돌된장찌개,0.0,
7029388,수제오이무피클,0.0,
7029389,우엉조림,0.0,
7029390,우엉김밥,0.0,
7029392,대구후추떡볶이,0.0,1.0
7029399,메밀비빔국수,0.0,
7029406,은행구이,0.0,
7029407,오이 부추무침,0.0,6.0
7029415,소고기 감자국,0.0,4.0
7029425,메밀소바,0.0,
7029430,한치볶음,0.0,
7029434,양파 오이무침,0.0,
7029436,스팸감자채볶음,0.0,
7029437,버섯 불고기전골,0.0,
7029445,야채스프,0.0,
7029451,두부 계란볶음,0.0,
7029455,고추장감자조림,0.0,3.0
7029469,두부 강된장,0.0,
7029480,참치 스테이크,0.0,
7029481,계란 감자샌드위치,0.0,
7029486,냉수육,0.0,2.0
7029499,둘세데레체라떼,0.0,
7029505,얼그레이복숭아마리네이드,0.0,
7029517,미니월남쌈,0.0,
7029525,원팬잡채,0.0,
7029527,참치김밥,0.0,
7029534,가지전,0.0,2.0
7029563,믹스커피라떼,0.0,
7029565,앞다리살김치찜,0.0,
7029566,깻잎된장장아찌,0.0,
7029571,호박채전,0.0,
7029576,소고기 콩나물 무국,0.0,
7029600,부추전,0.0,
7029613,오리훈제야채찜,0.0,
7029614,물회,1.0,
7029620,참외샐러드파스타,0.0,1.0
7029622,블랙라떼,0.0,
7029631,김치 비빔국수,1.0,
7029648,순두부토마토스튜,0.0,
7029655,양파 오이피클,0.0,
7029658,복숭아청,0.0,
7029669,감자 짜글이,0.0,
7029684,감자 치즈전,0.0,1.0
7029686,사태수육,0.0,
7029706,장조림,0.0,
7029722,모닝글로리볶음,0.0,
7029733,바나나로띠,0.0,
7029767,대패삼겹살굴소스볶음,0.0,
7029797,비름나물쌈장무침,0.0,
7029799,파인애플볶음밥,0.0,
7029804,새우 딤섬,0.0,1.0
7029812,참외피클,0.0,
7029823,오이 감자샐러드샌드위치,0.0,
7029824,바나나맛우유라떼,0.0,
7029840,궁중떡볶이,0.0,
7029844,삼겹살간장조림,0.0,1.0
7029863,돼지앞다리살수육,0.0,
7029877,마카다미아비스코티,0.0,
7029881,스프카레,0.0,
7029891,계란 말이,0.0,
7029895,고추잡채,0.0,
7029898,배추물김치,0.0,
7029900,블루베리토마토쥬스,0.0,
7029901,마르게리따피자,0.0,
7029903,알배추물김치,2.0,
7029904,초절임생강,0.0,
7029908,서리태 콩물,0.0,
7029913,된장멸치다짐이깻잎장아찌,0.0,
7029923,식빵롤샌드위치,0.0,
7029937,삼겹살김치제육볶음,0.0,
7029954,부추어묵잡채,0.0,
7029956,아샷추,0.0,
7029958,간장낙지볶음,0.0,
7029961,두바이초코릿빙수,0.0,
7029963,청양고추다대기,0.0,
7029966,새우 살애호박볶음,0.0,3.0
7029982,부추장떡,0.0,
7029984,골뱅이비빔면,0.0,
7029987,닭발볶음,0.0,
7029992,아보카도계란토스트,0.0,
7030000,콘옥수수튀김,0.0,
7030046,소고기 야채말이찜,0.0,
7030053,가지 라자냐,0.0,
7030054,대파 감자스프,0.0,
7030055,대패삼겹말이,0.0,
7030062,김치 콩비지찌개,0.0,
7030065,탕수만두,0.0,
7030071,조개라면,0.0,
7030072,삼겹살김치찌개,0.0,
7030080,초코크림라떼,0.0,
7030085,맥반석계란,0.0,
7030089,치킨너겟,0.0,1.0
7030095,매운어묵볶음,0.0,2.0
7030125,깻잎들깨볶음,0.0,
7030130,간장찜닭,0.0,1.0
7030132,대패제육볶음,0.0,7.0
7030140,무침만두,0.0,
7030143,고추바사삭치킨,0.0,
7030148,르뱅쿠키,0.0,
7030153,다이어트샐러드,,
7030161,푸팟퐁커리,0.0,
7030185,고구마 순무침,0.0,
7030188,사과잼,0.0,
7030191,감자샐러드,0.0,
7030210,연어 포케샐러드,0.0,
7030216,가지 냉국,0.0,
7030227,양배추 대패덮밥,0.0,
7030238,냉모밀,0.0,
7030242,반숙계란장,,
7030258,감자찌개,0.0,
7030274,망고사고,0.0,
7030280,어묵떡볶이,0.0,
7030303,황도복숭아병조림,0.0,
7030310,짜파게티,0.0,
7030311,감자 칩감자전,0.0,
7030313,두부 참치찌개,0.0,
7030314,호박 잎쌈,0.0,
7030317,양파 치즈빵,0.0,
7030323,고추장찌개,0.0,3.0
7030342,감자 계란샌드위치,0.0,
7030343,블랙흑임자크림라떼,0.0,
7030363,오리누룽지백숙,0.0,
7030368,복숭아절임,0.0,
7030372,라이스페이퍼가지튀김,0.0,
7030379,복숭아통조림,0.0,
7030384,초고추장,0.0,
7030385,문어 숙회,0.0,
7030386,조개찜,0.0,
7030387,고구마 말랭이,0.0,
7030389,샤브샤브소스,2.0,
7030390,반건조우럭찜,0.0,
7030392,아구탕,0.0,
7030394,열무얼갈이물김치,0.0,
7030399,열무얼갈이배추겉절이,0.0,
7030403,바지락국,0.0,
7030404,옻닭,0.0,
7030415,매콤 닭다리살볶음,0.0,1.0
7030418,장어구이양념장,0.0,
7030421,아포가토,0.0,
7030482,오리백숙,0.0,
7030489,들깨삼계탕,0.0,1.0
7030507,들기름 두부조림,0.0,
7030528,계란 초밥,2.0,
7030532,호지차라떼,0.0,
7030537,닭 한마리소스,0.0,1.0
7030539,양파김치,0.0,
7030540,고추장멸치조림,0.0,
7030548,계란 모닝빵,0.0,
7030553,문어 초무침,0.0,1.0
7030566,메추리알꽈리고추장조림,0.0,
7030583,물만두,0.0,
7030589,콩나물 파절이,0.0,
7030595,찹스테이크,0.0,
7030605,닭고기 간장조림,0.0,1.0
7030617,두부 명란짜글이,0.0,
7030618,차돌육개장,0.0,1.0
7030620,허니시나몬라떼,0.0,
7030635,카다이프면,0.0,
7030647,간장 가지볶음,0.0,
7030652,콥샐러드,0.0,
7030653,채소참치강된장,0.0,
7030659,소갈비살양념구이,0.0,
7030671,광어장,2.0,
7030678,메밀전,0.0,
7030688,에어프라이어닭봉구이,0.0,
7030701,라이스페이퍼크루아상,0.0,
7030703,밀크폼라떼,0.0,
7030707,오이 비빔국수,0.0,2.0
7030724,새우 계란볶음밥,0.0,
7030726,양송이 버섯스프,0.0,
7030727,참치 샌드위치,0.0,
7030737,양배추 달걀전,0.0,
7030757,연어 포케,0.0,1.0
7030761,트리플초코쿠키,0.0,
7030786,박나물볶음,0.0,
7030834,훈제오리구이,0.0,
7030840,오레오크림라떼,0.0,
7030853,무수분콩나물무침,0.0,1.0
7030857,튀밥아이스크림,0.0,
7030859,간장비빔국수,0.0,2.0
7030876,김치 날치알밥,0.0,
7030896,데리야끼닭고기덮밥,0.0,
7030897,된장찌개,0.0,
7030903,냉짬뽕,0.0,1.0
7030916,크림라떼,0.0,
7030917,중국 식토마토계란탕,0.0,
7030920,김치 부침개,0.0,
7030922,방울토마토마리네이드,0.0,
7030931,부추부침개,0.0,
7030934,들깨오리탕,0.0,
7030945,고추장,0.0,
7030960,호박 새우젓찌개,0.0,1.0
7030961,닭 칼국수,0.0,
7030976,고구마 순들깨볶음,0.0,
7030982,문어 오일파스타,0.0,
7030988,카라멜피넛라떼,0.0,
7030999,뽈뽀,0.0,
7031022,가지무침,0.0,2.0
7031037,토마토 마리네이드,0.0,
7031055,맛초킹탕수육,0.0,
7031057,미역오이냉국,0.0,
7031061,모닝빵햄버거,0.0,
7031064,숙주볶음,0.0,
7031104,무깍두기,0.0,1.0
7031119,고추장감자찌개,0.0,
7031128,콩나물 잡채,0.0,1.0
7031138,얼갈이배추된장국,0.0,
7031141,두부 계란찜,1.0,2.0
7031147,시금치 팽이버섯숙주대패삼겹살볶음,0.0,
7031175,오이 고추무침,0.0,2.0
7031195,식빵,0.0,
7031213,맑은오징어무국,0.0,
7031227,오징어볶음,0.0,1.0
7031248,단호박오리찜,0.0,1.0
7031250,얼갈이배추겉절이,0.0,
7031254,약고추장,1.0,
7031255,애호박 가지돼지고기덮밥,0.0,1.0
7031263,아이스고구마라떼,0.0,
7031266,무쌈말이,0.0,
7031279,오이볶음,0.0,
7031282,토종닭백숙,0.0,1.0
7031284,부추감자전,0.0,2.0
7031292,어묵 우동,0.0,
7031297,단호박죽,0.0,
7031309,애호박 두부짜글이,0.0,
7031310,복숭아샐러드,0.0,
7031318,무말랭이무침,0.0,
7031321,깻잎김치,0.0,
7031341,원팬어묵잡채,0.0,
7031342,돼지등갈비찜,0.0,
7031343,사리곰탕,0.0,
7031344,반건조민어조기,0.0,
7031345,순대전골,0.0,
7031348,라면,0.0,
7031349,고구마 무스,0.0,
7031352,간장감자조림,0.0,
7031354,토마토 달걀볶음,0.0,
7031356,삭힌고추무침,5.0,1.0
7031359,새우 만두,3.0,1.0
7031370,양배추 부추무침,0.0,1.0
7031374,애호박 채전,0.0,
7031387,메밀배추전,0.0,
7031399,치킨마요덮밥,0.0,
7031400,새우 로제파스타,0.0,
7031403,콩자반,0.0,
7031404,고사리볶음,0.0,
7031406,콘치즈,0.0,
7031407,된장 가지덮밥,0.0,
7031418,고추장마늘무침,0.0,
7031419,햄 참치주먹밥,0.0,2.0
7031438,마시멜로우크림라떼,0.0,
7031468,연어 회,0.0,1.0
7031471,연어 후토마끼,2.0,1.0
7031472,연어 초밥,0.0,
7031479,계란볶음밥,1.0,
7031482,쪽파전,0.0,
7031485,무수분수육,0.0,
7031507,복숭아병조림,0.0,
7031515,새송이버섯덮밥,0.0,1.0
7031522,호박 갈치찌개,0.0,
7031528,메추리알곤약장조림,0.0,
7031530,트러플오일파스타,0.0,
7031535,야채비빔만두,0.0,
7031536,콩나물 불고기,0.0,
7031537,물비빔국수,0.0,4.0
7031539,차돌박이솥밥,0.0,2.0
7031570,돼지목살구이,0.0,1.0
7031593,바나나케일주스,0.0,
7031598,로투스라떼,0.0,
7031605,단호박영양밥,0.0,
7031635,만두국,0.0,5.0
7031638,호박 고구마말랭이,0.0,
7031642,골든카레,0.0,
7031646,편육,0.0,1.0
7031650,돼지고기 콩나물밥,0.0,
7031665,로투스밀크쉐이크,0.0,
7031686,가지 양파볶음,0.0,
7031697,흑염소탕,0.0,
7031728,누룽지삼계탕,0.0,
7031732,가지 토마토스파게티,0.0,
7031738,요거트아이스크림,0.0,
7031740,간장쪽갈비,0.0,
7031744,가지 라이스페이퍼튀김,0.0,
7031756,고추장불고기,0.0,2.0
7031762,갈레트브루통,0.0,
7031771,토끼김밥,0.0,
7031792,된장깻잎장아찌,2.0,
7031816,케일쌈밥,0.0,1.0
7031817,수제팥앙금,0.0,
7031818,우뭇가사리묵무침,0.0,
7031831,우유빙수,0.0,
7031836,두부 콩국,0.0,
7031860,새우 젓호박볶음,0.0,
7031863,멸치 고추물,0.0,1.0
7031884,알배기배추겉절이,0.0,1.0
7031885,돼지고기김치볶음,2.0,
7031897,고등어 자반조림,0.0,1.0
7031909,매운오뎅김밥,0.0,
7031913,매운어묵김밥,0.0,
7031919,블루아인슈페너,0.0,
7031920,소고기 버섯전골,0.0,1.0
7031943,등갈비찜,0.0,
7031960,단무지무침,,
7031965,꽈리고추애호박볶음,0.0,
7031967,토마토 카프레제샐러드,0.0,1.0
7032012,문어 카르파초,0.0,
7032030,소고기 콩나물밥,0.0,
7032042,보쌈김치,0.0,
7032067,조개미역국,0.0,2.0
7032072,누룽지죽,0.0,1.0
7032073,순두부국,0.0,
7032079,감자 꽈리고추조림,2.0,9.0
7032092,스팸무수비,0.0,2.0
7032111,버터크림라떼,0.0,
7032112,컵누들컵밥,0.0,
7032114,플랫화이트,0.0,
7032133,황태구이,0.0,
7032151,콩나물김치국,0.0,
7032159,둥근호박볶음,0.0,
7032183,소고기 해장국,1.0,
7032189,전주콩나물국밥,0.0,
7032196,서리태 콩자반,0.0,
7032237,소고기 미역국,0.0,
7032241,소고기 유부초밥,0.0,
7032246,애호박 감자된장찌개,0.0,
7032267,계란 참치전,0.0,3.0
7032279,떡꼬치,0.0,
7032290,열무비빔국수,0.0,
7032299,베이징덕,0.0,
7032311,초코헤이즐넛라떼,0.0,
7032334,깻잎찜,0.0,
7032375,고구마조림,0.0,
7032380,노각무침,0.0,1.0
7032383,에어프라이어고등어구이,0.0,
7032411,으깬감자샐러드,0.0,
7032417,계란 감자국,0.0,
7032421,알배춧국,0.0,1.0
7032449,로투스피칸쿠키,0.0,
7032481,오징어채볶음,0.0,
7032499,고추장멸치볶음,0.0,
7032511,연어국수,0.0,
7032522,솔티드카라멜라떼,0.0,
7032529,배추당면볶음,0.0,4.0
7032543,아몬드계란빵,0.0,
7032546,마늘탕수육,0.0,
7032568,버섯 들깨볶음,0.0,
7032618,라죽,0.0,
7032641,피에노,0.0,
7032645,유자소스가자미찜,0.0,
7032652,양배추 당근라페,0.0,
7032677,연어 장,0.0,
7032740,김치 말이국수,0.0,
7032789,마늘쫑장아찌무침,0.0,
7032843,가지 밥,0.0,
7032848,오레오빙수,0.0,
7032853,버터감자구이,0.0,
7032886,피쉬앤칩스,0.0,1.0
7032900,맑은닭개장,0.0,
7032906,새우볶음밥,0.0,
7032944,내장전복죽,0.0,
7032953,참치 비빔우동,0.0,
7032961,차돌박이루꼴라냉 우동,0.0,3.0
7032973,시나몬슈크림라떼,0.0,
7032984,매콤 가지볶음,0.0,
7033026,참소스,0.0,
7033038,코코넛라떼,0.0,
7033040,스팸하트김밥,0.0,
7033069,삭힌깻잎김치,0.0,3.0
7033082,두부 가지조림,0.0,
7033090,스팸순두부찌개,0.0,
7033092,닭다리살간장조림,0.0,
7033205,참치 표고버섯전,0.0,
7033208,초코휘낭시에,0.0,
7033209,굴소스어묵볶음,0.0,
7033237,들기름 묵은지김치볶음,0.0,
7033242,토마토 오이샐러드,0.0,1.0
7033247,새우장,0.0,
7033251,들기름 묵은지김치찜,0.0,
7033256,표고버섯밥,0.0,
7033257,김치볶음밥,0.0,
7033297,꽈리고추무침,0.0,
7033302,무화과잼,0.0,
7033312,죽순들깨나물,0.0,
7033319,새송이버섯무침,0.0,
7033333,광어김밥,0.0,
7033352,쇼콜라또,0.0,
7033354,닭다리살스테이크,0.0,
7033355,분짜,0.0,1.0
7033358,매운양념족발,0.0,
7033370,감자샐러드모닝빵샌드위치,0.0,
7033374,훈제오리숙주볶음,0.0,
7033378,치아바타루꼴라샌드위치,0.0,
7033405,그라니따,0.0,
7033415,콜리플라워스프,0.0,
7033433,도라지나물볶음,0.0,
7033463,들기름 비빔 칼국수,0.0,1.0
7033482,들깨고구마줄기볶음,0.0,1.0
7033492,참치 두부김치볶음,0.0,1.0
7033513,어묵국수,0.0,1.0
7033539,고구마 카레,0.0,1.0
7033578,토피크런치라떼,0.0,
7033599,간장비빔면,0.0,
7033608,광어세비체,0.0,
7033617,홍어무침,0.0,
7033631,백합탕,0.0,
7033638,갈릭버터쉬림프,0.0,
7033640,소고기 무국,0.0,2.0
7033650,단호박훈제오리볶음,0.0,1.0
7033659,늙은오이무침,0.0,
7033670,카라멜크림라떼,0.0,
7033714,광어치즈볼,0.0,
7033715,소고기 가지솥밥,0.0,
7033773,감자 고추장찌개,0.0,
7033798,매콤 허니두부조림덮밥,0.0,
7033831,돼고기수육,0.0,
7033838,메추리알소세지볶음,0.0,1.0
7033840,석박지,0.0,
7033890,인절미크로플,0.0,
7033892,만능간장,0.0,
7033910,조개된장찌개,0.0,
7033921,풋고추찜,0.0,1.0
7033940,무청나물무침,0.0,
7033945,참돔구이,0.0,
7033948,햄 감자채볶음,0.0,4.0
7033954,감자탕,0.0,
7033977,깻잎크래미계란말이,,
7033992,부추장,0.0,
7034003,스팸김치찌개,0.0,
7034006,꿀호떡,0.0,
7034017,꽃게탕,0.0,
7034022,꼬치어묵두동,0.0,
7034023,멸치 고추다대기,0.0,
7034040,초코라떼,0.0,
7034045,레몬크림새우,0.0,
7034057,두부조림,0.0,
7034080,소꼬리곰탕,0.0,
7034097,달걀찜,0.0,
7034101,중국 식오이무침,0.0,1.0
7034112,소갈비찜,2.0,5.0
7034129,표고버섯미역국,0.0,
7034135,청양고추장아찌,0.0,
7034196,소고기 완자,0.0,
7034220,맑은광어탕,0.0,
7034233,고구마 줄기김치,0.0,1.0
7034253,스모어쿠키,0.0,
7034257,삼겹살두부김치,0.0,
7034265,명란 마요카나페,8.0,3.0
7034273,동그랑땡,0.0,
7034277,대패목살야채찜,0.0,
7034313,참치 무조림,0.0,
7034316,돼지고기 안심장조림,0.0,
7034323,오색꼬치전,0.0,
7034333,양배추 대패삼겹볶음,,
7034360,건고사리나물볶음,0.0,
7034370,돼지고기 산적,0.0,
7034386,스팸두부찌개,0.0,
7034394,된장꽃게탕,0.0,
7034396,돼지고기김치비지찌개,0.0,
7034401,달고나커피,0.0,
7034418,고구마 치즈버터구이,0.0,
7034464,초코슈페너,0.0,
7034483,la갈비,0.0,
7034484,la갈비찜,0.0,
7034489,등갈비간장조림,0.0,
7034514,오트크림라떼,0.0,
7034520,카나페,0.0,
7034535,구운가지무침,0.0,
7034540,손 칼국수,0.0,
7034551,부추나물무침,0.0,
7034569,돼지고기 깻잎전,0.0,
7034575,죠리퐁쉐이크,0.0,
7034585,찜닭,0.0,2.0
7034624,고구마 케이크,2.0,
7034626,연어덮밥,0.0,
7034706,팝콘크림라떼,0.0,
7034713,방울토마토바질매실청마리네이드,0.0,
7034769,깻잎조림,0.0,1.0
7034782,브로콜리찜,0.0,
7034812,야채죽,0.0,
7034821,꽃게무침,0.0,
7034893,바닐라마들렌,0.0,
7034897,소고기 들깨토란국,0.0,
7034901,사과샐러드,0.0,
7034930,롤유부초밥,0.0,1.0
7034932,칠리새우덮밥,0.0,
7034945,쫄면,0.0,
7035001,묵무침,0.0,
7035014,수육김치찜,0.0,
7035079,흑임자크림오트라떼,0.0,
7035091,늙은호박죽,0.0,
7035093,녹두전,0.0,
7035099,고구마 순볶음,0.0,
7035117,광어죽,0.0,1.0
7035119,묵은지등갈비김치찜,0.0,
7035123,수정과,0.0,
7035157,드라이카푸치노,0.0,
7035203,통마늘라면,2.0,
7035206,순두부들깨탕,0.0,
7035215,간장 오징어채볶음,0.0,
7035222,애호박 명란국,0.0,5.0
7035239,새우 콩나물찜,0.0,
7035245,늙은호박부침개,0.0,
7035246,배도라지청,0.0,
7035258,무물김치,0.0,
7035279,애호박 새우마요볶음,0.0,1.0
7035284,두바이초콜릿,2.0,1.0
7035331,원팬알리오올리오,2.0,
7035346,알배기배추된장국,0.0,
7035385,대추차,0.0,
7035394,발사믹글레이즈닭가슴살,0.0,
7035396,초대리밥,0.0,2.0
7035417,간고등어무조림,0.0,
7035433,원팬두부조림,0.0,
7035436,시래기무침,0.0,
7035448,라이스페이퍼오믈렛,0.0,
7035451,햄버거,0.0,
7035476,맥적구이,0.0,
7035495,고구마 라떼,0.0,
7035497,돈코츠라멘,0.0,
7035511,바나나계란빵,0.0,
7035542,아몬드크림라떼,0.0,
7035545,애호박 간장국수,0.0,2.0
7035581,양념오리불고기,0.0,2.0
7035597,티그레,0.0,
7035630,호박 감자찌개,2.0,
7035645,클럽샌드위치,0.0,1.0
7035661,가지 나물,0.0,
7035665,오뎅볶음,0.0,
7035668,가지찜,0.0,
7035684,소고기 메추리알장조림,0.0,
7035686,사과땅콩버터,0.0,
7035687,군밤,0.0,
7035725,계란 만두덮밥,2.0,5.0
7035727,라이스페이퍼비빔면,,
7035738,도토리묵무침,0.0,2.0
7035757,토마토 라구소스,0.0,
7035773,링귀니알리오올리오,0.0,1.0
7035781,고추장아찌,0.0,
7035783,바닐라시나몬크림라떼,0.0,
7035822,카다이프초코크림라떼,0.0,
7035824,간장떡볶이,0.0,
7035826,밀떡볶이,0.0,
7035850,묵은지김밥,0.0,
7035858,돼지국밥,0.0,1.0
7035869,미쯔라떼,0.0,
7035877,콩나물국,0.0,
7035921,돼지두루치기,0.0,
7035927,미소곰탕,0.0,
7035955,배숙,0.0,
7035971,라면팟타이,0.0,1.0
7036041,스위트메쉬드동파육,0.0,
7036104,크림슈페너,0.0,
7036177,팽이버섯계란전,0.0,2.0
7036181,허니라떼,0.0,
7036196,허니갈릭또띠아피자,0.0,1.0
7036254,닭다리순살치킨,0.0,
7036298,생오리불고기,0.0,1.0
7036309,삼치조림,0.0,
7036313,배추무물김치,0.0,
7036323,콩불,,
7036333,쌀떡볶이,0.0,
7036348,사골떡만두국,0.0,1.0
7036368,고구마 스틱,0.0,
7036410,밤티라미수,0.0,
7036414,참치 야채죽,0.0,
7036425,멸치 칼국수,0.0,
7036430,마요네즈김치볶음밥,0.0,
7036433,멸치 고추장볶음,0.0,
7036504,더블초코라떼,0.0,
7036529,오이 레몬수,0.0,
7036541,애호박찌개,0.0,
7036571,백순대볶음,0.0,
7036575,감바스,0.0,
7036609,고구마,0.0,
7036633,레드벨벳 말차라떼,0.0,
7036666,라면유포면,1.0,1.0
7036692,바닐라크림스콘,0.0,
7036700,생강레몬청,0.0,
7036737,고구마 맛탕,0.0,
7036810,둘세오트크림라떼,0.0,
7036832,봄동무침,0.0,
7036835,추어탕,0.0,
7036849,알타리김치,3.0,1.0
7036890,무청 시래기볶음,0.0,
7036904,우삼겹 콩나물불고기,0.0,4.0
7036998,생강청,0.0,
7037021,메이플크림라떼,0.0,
7037055,갓김치,2.0,
7037096,두부찌개,0.0,
7037141,땅콩헤이즐넛라떼,0.0,
7037175,양념돼지갈비,0.0,
7037261,얼갈이배추김치,0.0,
7037290,황태해장국,0.0,
7037306,초코칩스콘,0.0,
7037331,무생채,0.0,
7037340,오이 양파무침,0.0,
7037384,스프라우드 바리스타라떼,0.0,
7037475,김장김치,0.0,2.0
7037501,땅콩카라멜크로플,0.0,
7037576,호박죽,0.0,
7037615,배생강청,0.0,
7037689,시나몬허니라떼,0.0,
7037693,하리보코하쿠토젤리,0.0,
7037752,서더리매운탕,0.0,
7037823,로투스치즈브라우니,0.0,
7037848,마파두부덮밥,0.0,
7037850,김치 칼국수,0.0,1.0
7037872,고추장삼겹살 제육볶음,,
7037881,생고구마사과샐러드,0.0,
7038050,꿀생강청,0.0,1.0
7038072,도넛라떼,0.0,
7038089,양배추 계란샌드위치,0.0,
7038158,간짜파게티,0.0,
7038236,애호박 계란국,0.0,1.0
7038242,김가루 참치마요주먹밥,0.0,
7038383,김장,6.0,2.0
7038439,고구마 누룽지,0.0,
7038509,굴무침,0.0,
7038534,깍두기,0.0,
7038578,무말랭이,0.0,
7038629,브라운치즈라떼,0.0,
7038685,들깨 무나물,0.0,1.0
7038686,모과청,0.0,
7038700,알배기배추김치,0.0,
7038712,오징어 부침개,0.0,
7038721,소이밀크 카라멜마끼야또,0.0,
7038839,통삼겹수육,0.0,
7038843,백김치,0.0,
7038864,동치미,0.0,
7038897,밤티라미수라떼,0.0,
7038916,김장배추김치,0.0,
7038993,돼지등뼈들깨우거지 감자탕,0.0,
7039030,오트헤이즐넛라떼,0.0,
7039180,핫초코,0.0,
7039191,동지팥죽,0.0,
7039214,허니콤보,0.0,4.0
7039262,홍가리비바질페스토치즈구이,2.0,1.0
7039275,쿠키라떼,0.0,
7039515,야채찜,0.0,1.0
7039557,연두부계란카레덮밥,0.0,3.0
7039682,가지 양념구이,2.0,2.0
7039727,수제떡갈비,0.0,
7039957,깐풍두부,0.0,
7040047,단호박롤까스,1.0,1.0
7040327,돼지김치찌개,0.0,
7040500,새우 라이스볼,0.0,
7040504,팥죽,0.0,
7040587,체리초코케이크,0.0,
7040738,파래초무침,0.0,1.0
7040988,리스샐러드,0.0,
