id,recipe_id,group_id,star_count,author_name,content,sentimental,score,positive_score,negative_score
1,7016902,146,5,kim,깻잎나물 맛있죠!! 향긋한 향과 부드러운 식감이 아주 좋습니다.,positive,0.9923,0.9923,0.0077
2,7016909,21,5,Alberta Kim,달달한 맛이에요:),positive,0.9827,0.9827,0.0173
3,7016926,771,5,은쌤♥,오늘 아침 식사로 저희 가족들 맛있게 잘 먹었어요^^ 담엔 토마토 미트소스랑 같이 섞어서 구워먹어도 맛있을것같아요~ 맛난 레시피 감사합니다♡,positive,0.9923,0.9923,0.0077
4,7016936,619,5,승년,감사합니다,negative,0.6594,0.3406,0.6594
5,7016972,543,5,복동방글,단짠단짠입니다. 제가 요리한 조림국물색은 좀 연하네요. 냉동순살갈치로 요리해서 잘 먹었습니다.,positive,0.9886,0.9886,0.0114
6,7016974,571,5,샐리가든,티비에서 보고 만들어 먹어봐야지 했는데 해먹어보니 맛있어서 식구들이 좋아했어요. 추가로 간은 안했어요. 미리 사진을 못찍어서 글로만 남깁니다.,positive,0.9794,0.9794,0.0206
7,7017002,485,5,미소천사g,레시피대로 햇더니 맛잇게 잘먹엇어요 감사해요 ~^^,positive,0.9922,0.9922,0.0078
8,7017003,905,5,클로우버,맛있어서 놀랐어요 레시피 최고네요^^,positive,0.9923,0.9923,0.0077
9,7017012,575,5,서린이아빠,It's sooooooo good!!!,positive,0.959,0.959,0.041
10,7017024,252,5,구구굵,맛있는데 참치양념?간이 좀 쎘어요!,positive,0.8919,0.8919,0.1081
11,7017033,671,5,양열,맛이 괜찮네요. 고깃집 반찬으로 한번 만들어봤습니다. 일반 무생채가 아니니~신박합니다,positive,0.9886,0.9886,0.0114
12,7017089,361,5,노승택은빛평화,만들때 벚더 때문에 느끼할줄 알았는데 엄처만납니다. 간단하고요. 감사합니다,positive,0.9917,0.9917,0.0083
13,7017097,213,5,カンちゃん,잘 먹었습니다. 당근 채썰어 넣으니 이쁘네요~ 다음엔 파 초록잎도 조금 넣어보고 싶네요.,positive,0.9907,0.9907,0.0093
14,7017097,636,5,써니1202,"다이어트중인모녀 맛있게,든든한저녁 해결했습니다~~^^",positive,0.992,0.992,0.008
15,7017097,513,5,박소현,조리법은 간단한데 맛은 최고입니다,positive,0.9873,0.9873,0.0127
16,7017097,133,5,hye u,기대되네요! 집에있는 재료로~~~^^,positive,0.9911,0.9911,0.0089
17,7017097,795,5,이종훈,쉽고 빠르고 대단히 맛있어요,positive,0.9909,0.9909,0.0091
18,7017097,750,5,위슬,맛있었어요.,positive,0.9299,0.9299,0.0701
19,7017097,67,2,Michelle,식초가 좀 많은듯해요 시큼해요,negative,0.8638,0.1362,0.8638
20,7017106,498,5,바다바다,맛있는 레시피였어요! 감사합니다,positive,0.9914,0.9914,0.0086
21,7017106,333,5,꿀럿,맛있었어요 ㅎ,positive,0.9619,0.9619,0.0381
22,7017130,672,5,양초딩,고소한 소스네요~ 브로콜리를 참깨소스에 버무리니 색다른 맛이예요~ 잘 먹을께요^^,positive,0.9902,0.9902,0.0098
23,7017130,696,5,염소미,브로콜리 나물만 해먹다가 참깨소스 넘맛나요,positive,0.9919,0.9919,0.0081
24,7017181,476,5,미나(서희.서현맘♥),아주 맛있네요 감사합니다,positive,0.9333,0.9333,0.0667
25,7017181,253,5,구니,놈놈 맛나네요 ㅎㅎ,positive,0.9792,0.9792,0.0208
26,7017181,300,5,김유영,엄청맛있어용 ㅎㅎ,positive,0.9883,0.9883,0.0117
27,7017181,531,5,베어돌이,너무 맛있습니다^^,positive,0.9875,0.9875,0.0125
28,7017200,315,5,까용,손쉬워서 좋았ㅇ어요,negative,0.9534,0.0466,0.9534
29,7017225,584,5,선주,"간편하고 맛있어요, 저는 냉동새우 대신 마른새우로 했는데 냉동새우가 더 맛있을 거 같긴 해요. 좋은 레시피 감사해요^^",positive,0.9922,0.9922,0.0078
30,7017255,166,5,oooos,두부 안먹던 둘째가 엄지척을 했어요 덕분에 즐거운 식사시간이 되었답니다^^,positive,0.992,0.992,0.008
31,7017255,672,5,양초딩,들기름에 구어 너무 고소하네요~ 비주얼도 좋구요~ 아이가 맛있데요~ 감사해요^^,positive,0.9924,0.9924,0.0076
32,7017255,480,5,미도,양념 도 너무찰떡이고 그대로 따라했더니 너무 맛있어요,positive,0.992,0.992,0.008
33,7017291,856,5,진성댁,정말맛있어요!,positive,0.9892,0.9892,0.0108
34,7017291,150,4,kotare,ㅁㅏㅅ잌ㅅ엌ㅅ어료!,positive,0.9585,0.9585,0.0415
35,7017292,495,5,민이,두부없이했는디도 맛있게 잘되었어요,positive,0.9917,0.9917,0.0083
36,7017300,149,5,kmmmf,"정말 쉽고 빠르고 간편하고 들러붙지 않아요. 계란 넣을때가 핵심인거 같아요. 너무 천천히도 저처럼 한번 팍 넣으면 부분적으로 붙을수도 있어요. 남자도 진짜 단 5분이면 끝 ㄹㅇ 정말 맛있고, 육수물 넣넣는게 최적인거 같아요. 없어도 상관없고 잘먹었슴돠!!",positive,0.9923,0.9923,0.0077
37,7017300,508,5,박미소,물이 쫄아서 조금 짰나봐요 소금을 너무 많이 넣었나 싶기도 해요 지만 정말 맛있게 성공했어요 다음번엔 더 잘할 수 있을 듯,positive,0.9898,0.9898,0.0102
38,7017300,748,5,원시빤다,신랑이 계란찜을 좋아하기도하지만 정말 잘먹네요. 맛있는 레시피감사합니다~~,positive,0.9919,0.9919,0.0081
39,7017300,832,5,조영동,간단하고 맛있어요!,positive,0.9908,0.9908,0.0092
40,7017342,17,5,99angel,남편끓여줬는데 두그릇 먹네요!! 별거 안들어가는데도 얼큰시원 넘 맛나요,positive,0.9922,0.9922,0.0078
41,7017353,172,5,qwqw,참기름이 킥이내요. 단계별로 간을 봤는데 굴스스 넣어도 빈맛이 나는데 마무리 참기름 넣으니까 완성되내요.,negative,0.9923,0.0077,0.9923
42,7017397,75,5,Ooops!^^,오늘 12식구 달달한 포도주로 해서( 파인애플 생략) 레시피대로 했더니 너무 너무 맛있다고 고기가 동났어요.^^거기다 쌍화탕도 하나씩 넣어 응응했더니 건강해지는것같아 좋았어요.감사합니다.,positive,0.9923,0.9923,0.0077
43,7017413,278,5,김모씨,저는 먹기 편하게~친구들에게 미니 타르트로 만들어 선물했더니~맛있고 예쁘다고 다들 좋아하네요^^맛있는 타르트 레시피 감사드립니다 ~~^ ^~~,positive,0.9924,0.9924,0.0076
44,7017432,143,5,jss,너무 따라하기 쉽게 해서 내가 해도 정말 맛있게 잘먹었어요 감사해요,positive,0.992,0.992,0.008
45,7017433,177,5,sk4639,간단하고 맛있어요,positive,0.9803,0.9803,0.0197
46,7017458,843,5,준빈맘♥♥,다이어트중인데 계란이랑 샐러드만 먹다가 간만에 너무너무 맛있게 먹었어요~ 내일아침도 또 해먹으려고 미역 미리 불려 놓을거에요~~^^,positive,0.9923,0.9923,0.0077
47,7017463,241,5,견우,맛있게 잘 해서 먹었습니다~ 감사해요!,positive,0.9913,0.9913,0.0087
48,7017473,847,5,지누셴맘,반건조 학꽁치로 만들었어요. 땡초가 없어서 얼려놓은 땡초를 다져서 넣었는데 그래도 맛있었어요. 덕분에 감사히 먹었습니다,positive,0.9912,0.9912,0.0088
49,7017499,145,5,keri,소금간을 잘 못맞춰서 약간 싱겁긴했는데 그래도 너무 맛있었어요!,positive,0.9913,0.9913,0.0087
50,7017512,628,5,신씨부녀,처음 만들어 봤는데 너무 너무 맛있어요. 양념만 따로 먹을 정도로 맛있어요^^ 아이가 다 먹고 나서 또 만들어 달라네요. 좋은 레시피 감사해요^^,positive,0.9923,0.9923,0.0077
51,7017519,486,5,미써니,너무 맛있네요 배추가 조금 커서 양조간장은 한스푼 더 넣었어요 종종 많이 해 먹을것같애요 레시피 감사합니다~~^^,positive,0.9922,0.9922,0.0078
52,7017570,873,5,철기박,넘감사합니다.청국장을좋아해서 레시피되로따라해보니 맛나요.잘먹게습니다.,positive,0.9923,0.9923,0.0077
53,7017580,824,5,정연순,흑설탕이 없어서 다른걸로했더니 색갈이 안나와서 맛은 좋아요 감사,positive,0.9669,0.9669,0.0331
54,7017594,739,5,용용,덕분에 아주 맛있게 잘 먹었어요!,positive,0.9918,0.9918,0.0082
55,7017596,659,5,알딸딸허요 !,징허게맞있소,negative,0.9742,0.0258,0.9742
56,7017598,148,5,kkb,너무맛잍게되엇습니다.감사합니다^^,positive,0.9567,0.9567,0.0433
57,7017602,611,5,숙현재모건모♥,맛있게 잘 해먹었습니다~,positive,0.9863,0.9863,0.0137
58,7017620,521,5,박혜진,베이컨이없어서 어묵을 넣어서 만들어봤어요 치킨스톡대신 참치액을 넣는것도 좋네요 너무 쉽고 맛있게 해먹었네요^^,positive,0.9922,0.9922,0.0078
59,7017631,106,5,bbibb,정말 좋습니다.,positive,0.8797,0.8797,0.1203
60,7017631,820,5,전주영,맛있다,positive,0.8557,0.8557,0.1443
61,7017631,88,1,WOONHAK,제가 잘못만든건가요?ㅠ 너무 맛없어요..맛있을줄알았는데..ㅠㅠ,negative,0.9973,0.0027,0.9973
62,7017649,222,5,가나다,진짜 맛있어요. 다이어트하면서 배추를 많이 먹어봤는데 이렇게 먹을 생각을 왜 못했을까요. 정말 강추. 만들기도 쉽고 맛있어요. 저당데리소스 발라서 먹으면 짱 맛있어요. 강추!,positive,0.9923,0.9923,0.0077
63,7017649,672,5,양초딩,생각보다 배추가 잘 말리더라구요~ 잘 다이어트 식단으로 먹었어요~ 감사해요^^,positive,0.9922,0.9922,0.0078
64,7017649,232,5,강래경,정말 똥손인데 해냈어요..! 맛있어서 금방 해치움 ㅠㅠㅠ,positive,0.9918,0.9918,0.0082
65,7017655,684,5,에이치원,고기 쌀때는 찢어져서 힘들었는데 흐트러지지 않고 잘익었네요 남편이 건강한 맛이라고 자주 해먹자네요ㅎㅎ,positive,0.9866,0.9866,0.0134
66,7017660,909,5,타코와사비사랑,아이랑 남편이 맛있다며 잘 먹어주었어요! 사진은 깜박하고 못 찍었어요! 좋은 레시피 너무 감사드립니다 ♡,positive,0.9923,0.9923,0.0077
67,7017660,858,5,짱웅,늘 도움 잘 받고 있습니다 맛있게 잘 만들었습니다 감사합니다,positive,0.9905,0.9905,0.0095
68,7017660,672,4,양초딩,조금 싱거워서 먹을 때 위에 케찹을 뿌려먹었어요~ 조리과정도 간단하고 모양도 예쁘네요~ 잘 먹었습니다^^,positive,0.9922,0.9922,0.0078
69,7017663,303,5,김은태,최고. 많은도움,positive,0.9881,0.9881,0.0119
70,7017732,666,4,야옹이야~,양념이 골고루 묻혀서 조리하는게 신선하네요 아이들 입맛에 맞는 요리였어요~~어른들은 고추장더 넣고 맵게 해드셔도 좋을듯해요~~^^,positive,0.992,0.992,0.008
71,7017738,307,5,김지연,정말 너무 맛나네요~,positive,0.9891,0.9891,0.0109
72,7017747,516,5,박은정,쉽고간단하고 맛있어요. 양파만 채썰어서 추가해서 넣어줬어요. 밥말아먹으니.. 뜨끈하고 넘 조으네요^^,positive,0.9924,0.9924,0.0076
73,7017747,672,5,양초딩,시간이 오래걸려서 그렇지 요리과정은 어렵지 아나요~ 닭을 푸~욱 삶아서 그런지 살도 잘 발라지네요~ 건강하게 잘 먹을께요~감사해요^^,positive,0.9918,0.9918,0.0082
74,7017763,327,5,꽃새우파스타,손이 많이 가긴 했지만 색다른 애호박전에 가족들 모두 호응이 좋았습니다^^ 맛있게 잘 먹었어요!,positive,0.9923,0.9923,0.0077
75,7017773,417,5,락현미미,맛있다고하네요 우리집 레시피가되겠네요,positive,0.99,0.99,0.01
76,7017773,198,5,yuuuuu,아이가 잘 먹어요 감사합니다!!,positive,0.9914,0.9914,0.0086
77,7017780,49,5,JH,맛있을거 같아요~~잘보고 가요.,positive,0.9853,0.9853,0.0147
78,7017809,181,5,ssoo1029,별다른 간이 없어서 맛이 있으려나 싶었지만 재료 소진하려고 해봤는데 엄청 맛있어요~~!!! 후기 잘 안남기는데 넘 맛있어서 감사하다고 말씀드리고 싶어 남깁니다!^^,positive,0.9922,0.9922,0.0078
79,7017809,55,5,Jihyeoniii,버터가 들어갔지만 건강한 맛..? 슴슴하게 먹을만해요 아이는 계란만 골라먹네요ㅠㅋㅋ,positive,0.9436,0.9436,0.0564
80,7017809,285,5,김서이,간이 정말 알맞게 잘 맞는것같아요~ 요즘식단관리하느라 다이어트도하면서 건강도챙기고 노력하는중인데ㅋ 버터가퀵이였네요?ㅋ 맛있는레시피 감사합니다,positive,0.9924,0.9924,0.0076
81,7017809,296,5,김영주,버터가 없어 식용유로 했는데도 맛있어요. 썪어 내버리려던 시금치를 살리다니 백종원 만세!! 루나님도 만세!!,positive,0.9921,0.9921,0.0079
82,7017809,672,5,양초딩,아이 이유식으로 시금치 쓰고 남아서 만들었어요~ 버터를 넣어 맛이 풍부하니 좋네요~ 짭짜름하니 맛있네요~ 잘 먹을께요^^,positive,0.9923,0.9923,0.0077
83,7017809,189,5,v융융v,버터로 만드는건 상상도 못했는데 고소하고 맛있어요 ㅎ,positive,0.9919,0.9919,0.0081
84,7017809,373,5,다해먹어주겠어,방금 해먹었는데 왕맛있습니다,positive,0.9906,0.9906,0.0094
85,7017832,968,5,홍희권,쉽게 맛있게 만들었어요-^^,positive,0.9906,0.9906,0.0094
86,7017832,801,5,이혜숙,밥도둑 되겠네요,positive,0.9796,0.9796,0.0204
87,7017870,948,5,항상 웃는모습으로 ~,맛나게 먹었습니다,positive,0.9605,0.9605,0.0395
88,7017881,774,5,은쥬♡,레시피 보고 쉽게 했어요 다음에 하면 더 맛있게 할 수 있을것 같아요,positive,0.9905,0.9905,0.0095
89,7017881,533,5,변신석,가족끼리 잘 먹었습니다,positive,0.9828,0.9828,0.0172
90,7017896,122,5,gorud202,"너무 맛있어요 콩나물이 있어서 아삭하면서 매콤, 고소. 살짝 단맛이 어우러져 너무 맛있어요.",positive,0.9919,0.9919,0.0081
91,7017896,145,5,keri,너무너무 맛있어요! 요리 고수이시네요!,positive,0.9921,0.9921,0.0079
92,7017896,697,5,영화,간도 딱!!! 인기 좋은 음식이였어요~^^,positive,0.9924,0.9924,0.0076
93,7017896,320,5,깡보랑,맛잇어요,positive,0.9128,0.9128,0.0872
94,7017897,609,5,수빈,집에 떡국떡 밖에 없어서 그냥 해봤는데 맛있네요 가래떡이였음 더 맛있었을듯요,positive,0.9905,0.9905,0.0095
95,7017897,115,5,dohya,맛잇게 아들내미잘해줘써요~,positive,0.9918,0.9918,0.0082
96,7017918,205,5,♡사랑해♡,간단하면서도 너무 맛있어요,positive,0.9907,0.9907,0.0093
97,7017918,245,5,고구마사랑,맛있네유~~~,positive,0.9623,0.9623,0.0377
98,7017935,908,5,타인e,제대르 만들었어요 ㅎㅎ 잘먹겠습니다 ⏝,positive,0.9858,0.9858,0.0142
99,7017935,817,5,쟁가,너무 맛있게 만들어 먹었습니다~,positive,0.988,0.988,0.012
100,7017935,372,5,다찌엄마,밥 반찬으로 술안주로 딱이예요,positive,0.9917,0.9917,0.0083
101,7017935,200,5,союн,정말최고입니다,positive,0.9879,0.9879,0.0121
102,7017972,720,5,요꼬하마,레시피를 어쩜 이리쉽고 간결하게 잘 써주셨는지요 초등학생도 보고 만들수있겠어요. 저도 집밥 정말 힘들어하는데 쉽게 따라할수있었어요 정말 감사해요,positive,0.992,0.992,0.008
103,7017978,706,5,오니마밍♥호야홀릭,매번 실패하던 진미채~~ 이번에 너무 맛나게 되서 조아용^^!!! 반찬가게에서 파는거 같아요^^,positive,0.9923,0.9923,0.0077
104,7018013,632,5,실프정,냉장고에 있는 버섯이랑 야채 넣고 끓여봤는데 맛나요^^감사요,positive,0.9923,0.9923,0.0077
105,7018022,501,5,바람,좋아요 따라했어요,positive,0.9142,0.9142,0.0858
106,7018059,16,5,5G0,바다내음이 가득!! 너무 쉬운데 맛있었어요~~~레시피 짱,positive,0.9922,0.9922,0.0078
107,7018130,863,5,쭈노당,일본 덮밥은 쉽고 재밌네요 맛은 짜쪼름하니 맛있네요 최고,positive,0.9852,0.9852,0.0148
108,7018178,879,5,초앵,너무 맛있었어요 잘 먹었습니다~~,positive,0.9876,0.9876,0.0124
109,7018178,701,4,예콩이,요리못하는저도 할수있겠지만..요리가 자신이없네요,negative,0.9577,0.0423,0.9577
110,7018212,153,5,lehavre86,감사해요 코스트코에서 산 대용량 연어 맛있게 잘 손질해 먹었어요,positive,0.9916,0.9916,0.0084
111,7018219,298,4,김용환,레시피보고 했는데. 처음해본 비지찌게감사합니다 잘먹겠습니다(ɔ ˘⌣˘)˘⌣˘ c)♡,positive,0.991,0.991,0.009
112,7018259,30,5,Clannad,"저는 쇠고기로 육수를 냈는데요, 배추만 넣고 끓였을 때보다 무를 좀 추가하니 정말 더 시원하고 맛있는 것 같아요^^",positive,0.9922,0.9922,0.0078
113,7018259,672,5,양초딩,영양만점 국 완성이요~ 잘 먹을께요^^,positive,0.9912,0.9912,0.0088
114,7018259,905,5,클로우버,맛있어요 덕분에 잘먹었습니다~,positive,0.9904,0.9904,0.0096
115,7018265,646,5,아리샘,아웃! 고급스러운 음식입니다. 맛있게 먹었어요~,positive,0.9922,0.9922,0.0078
116,7018269,406,5,또또,오 맛있어요 !! ㅋㅋㅋ 제가 만든거 맞나싶을정도로 맛있게 먹었어요 요리초보인데도 쉽게 따라하기 가능~ 전 설탕 한숟갈 덜 넣었어요 그래도 달짝지근했어요 굿굿,positive,0.9923,0.9923,0.0077
117,7018269,455,5,맛있는요리를찾는한사람,맛있게 잘 먹었습니다 ^^,positive,0.9861,0.9861,0.0139
118,7018270,672,5,양초딩,딱히 양념을 많이 하지도 않았는데 맛있네요~ 다음에도 하고 싶어요~ 잘 먹을께요^^,positive,0.992,0.992,0.008
119,7018270,583,5,선우일산,아주 맛있어요 자극적이지않고 담백하니 좋아요,positive,0.9919,0.9919,0.0081
120,7018273,599,5,손경희,저희 엄마가 맛있게먹었다고 하시니 나중에 또 해서 먹자고 하였습니다^^♡,positive,0.9923,0.9923,0.0077
121,7018278,672,5,양초딩,먹음직스럽고 맛있네요~ 아이반찬으로 했는데~아이가 좋아할것 같아요~ 감사합니다^^,positive,0.9922,0.9922,0.0078
122,7018278,159,5,mang082,아이 반찬으로 했는데 넘 맛있어요 저는 파프리카도 마지막에 넣어줬더니 색감 이쁘죠~^^,positive,0.9923,0.9923,0.0077
123,7018278,299,5,김유미,오뎅볶음 맛있게 했어요~~~ 마늘 먼저 볶고 양념장 따로 만드는것은 처음이었네요~~,positive,0.9898,0.9898,0.0102
124,7018278,239,5,개똥이네,"편식 심한 저희 4살아들 입벌리고, 3살 딸 계속 달래요!!! 맛있데요^^",positive,0.9916,0.9916,0.0084
125,7018278,923,5,포도,오 맛있어요ㅎㅎ 전 설탕1스푼 빼도 맛있네요,positive,0.9914,0.9914,0.0086
126,7018278,680,5,엄미나,맛있어요^-^대파가 뚝떨어져서 못넣었네요.,positive,0.9909,0.9909,0.0091
127,7018278,472,5,뭉이누나,맛있게 잘 됐네요 달기도 딱 적당,positive,0.9906,0.9906,0.0094
128,7018278,908,5,타인e,맛나게 잘먹겠습니다,positive,0.9478,0.9478,0.0522
129,7018278,357,5,냥댕이,너무 맛있네요:),positive,0.9833,0.9833,0.0167
130,7018288,504,5,바보귤,여기에 간장2 물엿1 식초1 다진마늘1/2 청양고추한개 섞어서 소스 만들어서 (유튜브 1분다이어터님 레시피) 찍어먹으면 대 존 맛,positive,0.9449,0.9449,0.0551
131,7018288,516,5,박은정,"요리법도 간단하고 건강하고 맛있어서 온가족이 아주 맛있게 즐겼습니다! 최고예요~ 노브랜드 샤브용 고기 사용했는데 엄청 부드러웠습니다. 레몬즙, 쯔유, 땅콩버터, 마늘, 설탕 넣고 소스 만들어 맛있게 먹었어요~감사합니다.",positive,0.9923,0.9923,0.0077
132,7018288,104,5,areum,"마트에 갔는데 야채(알배추, 청경채, 숙주, 버섯)를 담고 고기 코너를 봤더니 돈육대패삼겹살만 있고 샤브샤브용 한우는 비싸서.. 앞다리 수육살은 두껍고 해서 아주머니가 기름기 없는 장조림용 사태를 추천주셨는데 한끼 먹으면 순삭 일것 같고 우삼겹(수입산 쿠팡 저렴함)은 기름이 많이 나올 것 같아 냉동 닭가슴살로 대체해 후딱 맹글었엉 소화 잘되고 다이어트 식으로 먹기에 편해요~ 감사해용!",positive,0.9912,0.9912,0.0088
133,7018288,65,5,MelissaKim,만들기 쉬웠어요.. 소금을 빼먹었는데 고기소스찍어먹었습니다ㅋㅋ,positive,0.9887,0.9887,0.0113
134,7018288,665,5,야매요리,간단하고 맛있어요!!ㅎㅎ 좋은 레시피 감사합니다~~,positive,0.9923,0.9923,0.0077
135,7018288,838,5,주부2단,진짜 너무너무 맛있었어요!!!! 최고!!!,positive,0.9923,0.9923,0.0077
136,7018288,7,5,...,아이들이.너무 맛나게먹었습니다,positive,0.9911,0.9911,0.0089
137,7018288,22,5,Anna,간단하고 맛있어요!!! 강추에요,positive,0.9919,0.9919,0.0081
138,7018288,973,5,황영선,눈돌아가게 맛있어요,positive,0.9892,0.9892,0.0108
139,7018291,780,5,이난영,"먹다가 찐 맛있어서 후기 남깁니다. 레시피 그대로 했고, 된장 맛 나는거 안좋아해서 된장만 뺐습니다. 덕분에 정말 맛있게 먹었습니다.",positive,0.9902,0.9902,0.0098
140,7018291,12,5,2024년 갑진년 용띠해,고맙습니다 ~~~^^ 첨 으로 해봤어요~~~,positive,0.9723,0.9723,0.0277
141,7018291,804,5,인천시민,감사합니다,negative,0.6594,0.3406,0.6594
142,7018298,592,5,세진,아침에ㅠ먹고 남은거라 사진이 이쁘진 않지만 맛잇어요 ㅎ,positive,0.9891,0.9891,0.0109
143,7018309,849,5,지연,진짜 맛있어요!!!계란국 처음 해보는데 후반에 소금으로 간 하니까 완전 딱인거 같아욤!! 준비 재료도 간단하니 요리초보도 손쉽게 만들 수 있는거 같아요ㅎㅎㅎㅎ남자친구도 엄청 극찬했어요!!,positive,0.9923,0.9923,0.0077
144,7018309,920,5,팽귄67,정말 맛있게 먹었어요,positive,0.9738,0.9738,0.0262
145,7018329,437,5,리리,덕분에 맛있게 잘 해먹였어요 아기가 잘 먹네여,positive,0.9918,0.9918,0.0082
146,7018332,367,5,다다,심심하니 아기 먹기 좋아요! 저희 애는 6살이라 간을 좀 더 해야해서 멸치액젓 1티스푼에 소금간 더해서 맛있게 먹었어요 제가 더 맛있게 먹은듯요,positive,0.992,0.992,0.008
147,7018342,112,5,danungeee,재료만 있으면 간단하게 일본 음식 맛이 나네요 너무 맛있어요^^!,positive,0.9922,0.9922,0.0078
148,7018458,56,5,Jihyun Park,너무 맛있게 잘 먹었어요!,positive,0.9914,0.9914,0.0086
149,7018479,119,5,evelyn 이내,남편이랑 간단하게 잘먹었습니당 감사해요~ 이따가 먹을거라 랩으로 덮어놓고 찍었습니다,positive,0.9921,0.9921,0.0079
150,7018490,382,5,더워도 푸르름 속에 있으니 좋구나~,점심에 레시피보고 후다닥~~ 맛있게 먹었어요 29개월 울강쥐도 밥한그릇 뚜딱했어요,positive,0.9853,0.9853,0.0147
151,7018499,735,5,요린이새댁,들기름 대신 고기기름으로 볶았어요 급히 레시피 찾아보고 따라했는데 너무 맛있는 저녁식사였습니다 감사해요~,positive,0.992,0.992,0.008
152,7018516,32,5,DOING,봉주르... 감사이 잘 먹겠습니다. 고마워요...,negative,0.76,0.24,0.76
153,7018518,807,5,일어나라,간편하고 맛 좋네요^^ 감사합니다~~~,positive,0.9895,0.9895,0.0105
154,7018524,811,5,임수희,큰거 4장분량 엄청 맛있어요,positive,0.9909,0.9909,0.0091
155,7018535,18,5,:소확행:,쉬운레시피로 뚝딱..맛도 좋아여.. 저는 쯔란에 찍어먹었어여..별미에여..,positive,0.9917,0.9917,0.0083
156,7018556,934,5,하늘속바다,느끼하지않고 고소한 스프가됐어요 처음만들어본건데 감사합니다,positive,0.9837,0.9837,0.0163
157,7018589,682,5,엄정원,남편이 양구무청을 엄청 좋아해요! 넘~맛있다고 한끼에 400g을 클리어 했어요~^^ 사진을 못 올려서....ㅎ 저녁에는 800g 하려합니다 레시피 넘 감사합니다~^^,positive,0.9923,0.9923,0.0077
158,7018589,158,5,mandooc,정말 딱 제가 원하는 시래기나물 맛이에요 ㅠㅠㅠ시골맛나고 넘 맛잇어요,positive,0.9917,0.9917,0.0083
159,7018589,23,5,Bona,간편하고 쉽게 만들었어요 맛도좋구요~,positive,0.9916,0.9916,0.0084
160,7018589,688,5,엠버99,덕분에 맛나게 먹었습니다~ 고맙습니다,positive,0.9902,0.9902,0.0098
161,7018599,481,5,미라:),"반은 참치만넣고 반은 김치 같이 넣었는데, 김치를 추가하는게 더 맛잇는거 같아요^^",positive,0.9834,0.9834,0.0166
162,7018617,499,5,바둑이네 멍뭉이,레시피가 어렵지 않은데 정말 맛있는 한 끼가 완성되어 좋았습니다!,positive,0.9921,0.9921,0.0079
163,7018617,54,5,Jenesaisquoi,비주얼도 맛도 넘좋아요 국물이 아주 최공,positive,0.9916,0.9916,0.0084
164,7018622,138,5,jdspps313,그 동안 무수분 수육을 주무기로 사용해 왔는데 편스토랑 명쉐프 버전으로 시도했는데 완전 성공. 너무 맛나요,positive,0.9919,0.9919,0.0081
165,7018622,386,5,동구랑땡,맛있게 잘 먹었습니다,positive,0.9187,0.9187,0.0813
166,7018627,714,5,온유하다,아이가 아파서 입맛이 없어보여서 만들었는데 만들기도 간단하고 맛도 있었어요 레시피 감사합니다,positive,0.9915,0.9915,0.0085
167,7018627,288,5,김소용돌이,초1 아이가 엄청 잘먹어요 학교가기전 간단하게 아침먹이기 좋으네요 ㅜㅠ 감사합니다,positive,0.9922,0.9922,0.0078
168,7018627,933,5,하나♡,간단한 아침 식사로 넘 좋아요~~,positive,0.9918,0.9918,0.0082
169,7018627,554,5,브로콜리너마저88,맛있어요! :),positive,0.9865,0.9865,0.0135
170,7018641,394,5,둥이맘,홍콩에서 사온 에그누들에 라면스프 대신 굴소스로 간했는데 맛이 괜찮았어요.,positive,0.99,0.99,0.01
171,7018646,951,5,핸주,맛있게 잘 먹었어요,positive,0.9475,0.9475,0.0525
172,7018673,813,5,작은고미,너무 맛있네요,positive,0.9614,0.9614,0.0386
173,7018675,958,5,현미,아주 맛있읍니다,positive,0.9757,0.9757,0.0243
174,7018676,452,5,맘마맘마마,요거 정확하네욤 ^^,positive,0.9907,0.9907,0.0093
175,7018701,703,5,오기♥️,맛있어요,positive,0.8078,0.8078,0.1922
176,7018717,502,5,바리데기마마,맛있게 만들어 졌어요. 제가 요리를 좋아하지 않아요. 남편이 코다리 조림을 좋아한다고 해달라고 해서 만들었어요~~^^,positive,0.9893,0.9893,0.0107
177,7018717,971,5,황금왕자맘,고추없어 대파를 넣었어요 저희집은 조금 달게 됐네요 단맛을 조금 덜 하면 될듯.. 주말 아침식사로 기대 됩니다,negative,0.8477,0.1523,0.8477
178,7018717,400,5,디오스혜나,요리당을 너무많이 넣었나봐요ㆍ달달이코다리조림이되었네요ㆍ맛나게 먹었습니다ㆍ,positive,0.9801,0.9801,0.0199
179,7018717,490,5,미형이,너무 맛있는 레시피에요~,positive,0.9916,0.9916,0.0084
180,7018734,863,5,쭈노당,"어묵볶음밥 만들었어요 맛도 있고 추가로 베이컨,비엔나 넣었어요 양파와애호박이 없어서 생략했어요",positive,0.91,0.91,0.09
181,7018734,487,5,미영이언니,볶음밥하기 좀 어렵다고 생각했는데 가장 맛있게 됐어요 잘 먹었습니다,positive,0.9914,0.9914,0.0086
182,7018748,30,5,Clannad,국물이 촉촉하게 생겨서 덮밥처럼 얹어서 먹었는데 맛있었어요. 그런데 레시피에 올리고당 넣는 부분이 빠져있네요. ㅎ 굴소스를 잘못 1T를 넣는 바람에 나중에 양배추를 더 넣어 다시 볶아먹었어요.,negative,0.97,0.03,0.97
183,7018763,286,5,김석철,맛있게 잘 만들어 먹었어요.,positive,0.9788,0.9788,0.0212
184,7018795,972,5,황뽐♥,맛있어요!!,positive,0.9808,0.9808,0.0192
185,7018795,433,4,류승연,"많이 짜지 않고 맛있게 되었어요,감사합니다 ^^*~",positive,0.992,0.992,0.008
186,7018820,778,5,이경란,달콤짭잘 넘맛있게 되었네요,positive,0.9757,0.9757,0.0243
187,7018861,451,5,맑은동그라미,딸아이가 짱이라고 외치네요.. 점수따게 해 주셔서 감사합니다~~,positive,0.9921,0.9921,0.0079
188,7018891,444,5,마요,쉽게 올려주신 레시피 덕에 양념장까지 만들어서 너무 잘 먹었어요 콩나물 솥밥 첫 도전이었는데 나름 성공 ♥️ 레시피 감사합니다☺️,positive,0.9919,0.9919,0.0081
189,7018891,356,5,내일은요리왕,솥밥이 쉽고 맛나요,positive,0.99,0.99,0.01
190,7018903,530,4,베라곰,잘먹겠습니다:),positive,0.9311,0.9311,0.0689
191,7018913,103,5,apple,오늘 저녁을 뭐 먹을까 하다가 이 레시피를 보아서 먹게 되었어요. 다음에 또 해먹을게요 ^^,positive,0.9916,0.9916,0.0084
192,7018913,878,5,초보소렁이,맛있네유 저는 스팸이랑 양파 추가했음,positive,0.9868,0.9868,0.0132
193,7018922,189,5,v융융v,크래미맛에 깻잎 향이 더해지니 맛있어요,positive,0.9905,0.9905,0.0095
194,7018922,86,5,VIVA7,찐 맛있네요 감사합니다.,positive,0.9753,0.9753,0.0247
195,7018924,103,5,apple,오늘 아빠 생신이라서 냉이솥밥 했는데 진짜 너무 맛있네요!!! 아빠도 잘 드셔서 완전 뿌듯합니다~ 봄이 가기 전까지 계속 해먹을 요리 같아요 감사합니다☺️,positive,0.9922,0.9922,0.0078
196,7018928,522,5,박희진,시부모님 오셔서 마침 이 레시피가 있어서 했습니다! 어머니가 맛있었다고 하시네요^^,positive,0.9922,0.9922,0.0078
197,7018951,683,5,에드워드 리,감사합니다 짱입니다,positive,0.9317,0.9317,0.0683
198,7018967,865,5,쭈루꽁쭈,색깔이 너무 고와요 맛도 최고에요 역시 단무지가 생명인거같아요!,positive,0.9923,0.9923,0.0077
199,7018967,585,5,설잌,손이은근많이가지만 맛있게잘먹었어용~~,positive,0.9908,0.9908,0.0092
200,7018980,459,5,머큐리,"요리 초보라 어려웠지만, 가족들이 넘 맛있다고 합니다. ㅎ",positive,0.9911,0.9911,0.0089
201,7018980,32,5,DOING,감사합니다. 현지 밥상 같내요. 맛나요...,positive,0.9904,0.9904,0.0096
202,7018983,51,5,Janeinga,워낙 죽사랑이라 오늘 이걸 맛나게 만들어 볼 참입니다. 감사합니다!!!,positive,0.9922,0.9922,0.0078
203,7018996,473,5,뭐든 늦깍이. 그래도 좋아,새콤달콤 맛나요.,positive,0.99,0.99,0.01
204,7019007,103,5,apple,냉장고 자투리 야채도 같이 다지고 김밥 재료로 우엉이랑 단무지 남은것도 같이 넣고 만들었는데 맛이 정말 좋아요!,positive,0.9922,0.9922,0.0078
205,7019007,496,5,민타카,정말 만들기 간단하고도 물리지 않는 청령고추 매콤함이 매력적인 김밥이었습니다. 이제 나들이 깁밥은 너로 확정이닷!!!!!!!,positive,0.9906,0.9906,0.0094
206,7019053,448,5,마주부,도다리회덮밥 맛있게 잘먹었어요 ㅋㅋ̐̈!! 인스타에도 출처 남겨놨습니다 @mazubu_zip,positive,0.9919,0.9919,0.0081
207,7019060,100,4,ajjj,재료가 마침 다 있어서 이 레시피로 해먹었어용 무난,positive,0.9833,0.9833,0.0167
208,7019073,561,5,빵라닝”,뼈찜어렵게생각했는데 레시피보면서 쉽게잘했네요~뼈로감자탕만해먹을생각했는데 색다르게잘먹었습니다~,positive,0.992,0.992,0.008
209,7019073,474,5,뮤뮤,파는거보다 맛있다고 칭찬 받았어요ㅠㅠ 어려운거 하나도없고 약불에 오래~ 조려야해서 시간이 조금 걸리지만 그만큼 너무너무 맛있는 레시피였습니다!,positive,0.9921,0.9921,0.0079
210,7019073,572,5,샘스타,레시피가 어렵지 않고 맛있어서 좋았어용 나중에 또 해먹을듯,positive,0.9922,0.9922,0.0078
211,7019073,790,5,이으뜸,진짜맛있어요 ㅎㅎ두번째해먹으로왔네요,positive,0.9849,0.9849,0.0151
212,7019073,677,5,얼미공,등뼈찜 처음인데 맛있었어요,positive,0.9842,0.9842,0.0158
213,7019082,674,5,어린환자,칼칼하고 개운한 맛이네요 맛있게 먹었습니다,positive,0.9909,0.9909,0.0091
214,7019082,182,5,sueya,맛있어요~,positive,0.9532,0.9532,0.0468
215,7019130,980,5,희우주,저번에 하고 아들이 너~~무 맛있다고 칭찬한거 듣고 신랑도 먹어보고싶다해서 다시 한번 만들었어요~ 전 배음료대신 저번엔 유자청..이번엔 자몽청으로 대신했어요^^ 맛있어요~ 이게 재우는거보담 파위에서 고기굽는게 한 수인듯요^^,positive,0.9922,0.9922,0.0078
216,7019146,710,5,오영선,오징어무국 레시피보고 직접 만드러보았는데 맛있어요.,positive,0.9909,0.9909,0.0091
217,7019165,116,5,dsy30309,가족이 눈 깜짝할 새 해치우고 더 없냐고 찾더라구요 ㅋㅋㅋㅋㅋ 감사합니다 잘 먹었어요~,positive,0.992,0.992,0.008
218,7019165,121,5,gettoogo,소스가 간이 딱 맞아요! 저는 살짝 남기고 뿌렸는데도 넉넉하고 맛있었어요~ 촉촉하고 뜨끈뜨끈하고 ㅜㅜ 넘 맛있네요! 쪽파까지 올린 담에 참기름 살짝 둘러주면 더 맛있어요,positive,0.9922,0.9922,0.0078
219,7019165,444,5,마요,간단해서 귀찮을 때 만들어 먹는 레시피가 됐어요ㅎㅎ 레시피 감사합니다 ☺️,positive,0.9898,0.9898,0.0102
220,7019165,399,5,디송88,넘 맛있어요!! 후추랑 올리고당 더 추가해서 먹었는데 맛있고 집에서 처음 해먹어보는 맛이예요 남편이랑 첫 입에 놀랐습니다@-@,positive,0.9923,0.9923,0.0077
221,7019165,365,5,닉네임이없엉,맛있어요! 저는 소스에 후추랑 설탕추가했고 진간장 조금 더넣었어요 잘먹었습니다!,positive,0.9922,0.9922,0.0078
222,7019165,949,5,해삐,맛있어요 혼자 점심에 집밥 먹고 싶을 때 해먹으면 든든하고 맛나요,positive,0.9921,0.9921,0.0079
223,7019165,283,5,김서경(이서현♡도하),부드럽고 촉촉하다면 교정한 딸이 잘먹었다고해요^^감사합니다,positive,0.9922,0.9922,0.0078
224,7019165,183,5,sunman,"가족 3인분을 해서 먹었는데, 대만족입니다. 레시피 고아워요!",positive,0.9922,0.9922,0.0078
225,7019165,672,5,양초딩,소스가 싱거워서 간장을 조금 더 넣었어요~ 잘 먹었어요~,positive,0.9792,0.9792,0.0208
226,7019165,676,5,얼린복숭아,식초 없어서 뺐는데도 맛있네요,positive,0.9915,0.9915,0.0085
227,7019165,928,5,프로미lol,맛잇어요,positive,0.9128,0.9128,0.0872
228,7019190,560,5,빠릿빠릿,아침에 후딱 했는데 남푠이 어~맛있다! 이래서 기분이 참 좋았네요. 저는 여기다 애호박 조금 추가했어요~ 감사합니다^^ 한그릇 뜨고난후에야 사진이 생각나서..,positive,0.9921,0.9921,0.0079
229,7019203,904,5,클로쏘,좋은 레시피 감사합니다. 베이킹 초보자로 냉장고에서 꺼낸 버터를 녹이는 과정이 조금 힘이 들었지만 천천히 오전에 반죽 만들어 놓고 레피시대로 냉장 보관 후 오후에 쿠키만들었어요. 아주 맛있었어요~ 애기들 간식으로 설탕은 약간 줄여서 덜 달게 해도 되죠?,positive,0.992,0.992,0.008
230,7019203,597,5,소옹알미~♬,처음으로 아이들이 계속 집어 먹었어요 ㅋㅋㅋ 소금 조금 넣는게 신의 한수..! 저 이것저것 레시피 많이 따라했는데 이렇게 잘 먹은건 처음이에요 ㅋㅋㅋㅋ 그리고 오븐에 쿠키온도가 있어서 그걸 누르니 쿠키가 죄다 탔어요.. 레시피에 적힌데로 해야 이쁜 색이 나와요.. ㅜ ㅜㅋㅋ 다음엔 하라는데로 제대로 다시 도전해볼거에요 ~~,positive,0.9104,0.9104,0.0896
231,7019213,981,5,힐링♡♡^.^,쉽게 할수있어서 넘 편했습니다... 저녁반찬으로 딱 좋네요...맛도 굿굿굿,positive,0.9923,0.9923,0.0077
232,7019215,600,5,손민아,종이호일에서 머랭쿠키가 안떨어지는데 이거 덜된건거요? ㅜ,negative,0.8452,0.1548,0.8452
233,7019215,103,5,apple,최고맛있슴 냉동고에 잠깐 얼리면 더 바삭해짐,positive,0.9912,0.9912,0.0088
234,7019244,672,5,양초딩,건강 만점 아욱국 완성이요~ 아이들도 잘 먹겠어요~ 감사해요^^,positive,0.9922,0.9922,0.0078
235,7019279,525,5,방부제첨가,오늘 반찬은 요거 해봤어요 맛있어요,positive,0.9899,0.9899,0.0101
236,7019284,491,5,민가령,덕분에 연하고 깔끔한 갈비찜 만들었어요^^ 감사힙니다,positive,0.9916,0.9916,0.0084
237,7019303,699,5,예아박연,간단재료로 레시피보고 만들어서 넘 맛있게 먹었어요.^^ 오늘 또 요리해서 먹으려고 합니다. 감사합니다.,positive,0.9924,0.9924,0.0076
238,7019303,396,5,듀아리,"맛나게 잘 먹었어요! 두부 먹고 남은 양념장에 밥 쓱쓱 비볐더니 천국! :) 간장은 2 , 설탕 대신 알룰로스, 고춧가루 한스푼 빼고 한스푼은 매운 고춧가루로 해서 먹었습니다~~",positive,0.9918,0.9918,0.0082
239,7019303,860,5,쩡이,벌써 두번째 만들어먹어요!저번에 했을땐 살짝 밍밍해서 양념을 조금씩 더해서 만들었더니 제입맛에 맛있어요 특히 매운거 좋아해서 고추가루만 두배로 넣었더니 딱 입맛에 맞았어요ㅎㅎ좋은 레시피 감사합니당ㅎㅎ,positive,0.9922,0.9922,0.0078
240,7019303,489,5,미췬사슴,레시피덕분에 맛나게 먹었어여 감사합니다 ^^,positive,0.9922,0.9922,0.0078
241,7019306,669,5,얌야이,집에 다진마늘 뿐이라 좀 탔지만 진짜진짜 맛있었어요~ 삼치 양이 많아 소스 1.5배로 했는데 딱이네요. 신랑이 지금껏 데리야끼 소스 만든것 중 제일 맛있다네요. 아이들도 밥 뚝딱이었어요. 감사합니다.,positive,0.9921,0.9921,0.0079
242,7019306,276,5,김라연,전분가루 대신 부침가루로 해써요 소스가 달콤하고 상큼해서 맛있어요!!,positive,0.9913,0.9913,0.0087
243,7019326,720,5,요꼬하마,양배추와어묵이 조합이 이렇게 맛깔나는지는 몰랐네요~휘리릭만들어 맛나는 저녁한끼 뚝딱~!좋은레시피 감사합니다,positive,0.9915,0.9915,0.0085
244,7019326,679,5,엄마다운엄마되기,간단하고 맛있어요,positive,0.9803,0.9803,0.0197
245,7019335,918,5,파월에읻,엄청 바삭하고 맛있어요 앞으로 계속 이렇게 구워먹으려구용,positive,0.9923,0.9923,0.0077
246,7019351,416,4,라온716,아..다네요; 쥬스라 어쩔수 없나봐요; 토마토소스 잇음 그걸로 해먹는데..주스만 잇어서 해봣어요; 상당히 달아서..그냥은 먹기힘들어 맵게 ..베트남고추랑 마늘 후추 상당량 투하 ㅋ 그러니 어쩌다 생각나면 뭔가 내려놓고한번씩 먹기엔 괜찮게됏어요;허허ㅠ 참고로ㅠ 당이 많아서인가 펄펄 넘치듯 끓어버려서ㅠ면이 덜익게되니 물 반정도 남겨서 중간중간 투하하시는게 좋을듯해요,negative,0.9883,0.0117,0.9883
247,7019359,284,5,김서영,삽겹살로 대신 했는데 양념이 너무 맛나네요~ 저녁 한 끼로 든든하고 잘먹었어요,positive,0.9921,0.9921,0.0079
248,7019362,292,5,김아삘,이제 생선조림 양념장은 이 레시피로 정착하려구요... 간도 딱맞고 너어어무 맛있어요,positive,0.9921,0.9921,0.0079
249,7019412,721,5,요노옴,오우~~~ 맛나다 ㅎ,positive,0.987,0.987,0.013
250,7019414,382,5,더워도 푸르름 속에 있으니 좋구나~,꽈리고추로 하다 넘 더워 나가기 싫어 집에있는 마늘로 하려고 레시피 찾던중 맘에 드는 레시피가 있어 따라 해 봤어요 달달하니 맛있네요,positive,0.9921,0.9921,0.0079
251,7019414,247,5,고드,"마늘과 멸치가 같이 볶은 레시피라 들어왔는데, 설명도 자세하고 쉽게 따라하기 좋았습니다. 덕분에 이번 주 반찬걱정 끝이네요. 다음에도 참고하겠습니다:) 감사합니다~",positive,0.9922,0.9922,0.0078
252,7019422,272,5,기초탄탄,맛있게 잘 만들어 먹었어요 레시피감사합니다^^,positive,0.9916,0.9916,0.0084
253,7019422,259,5,국님,감사합니다. 잘만들어 먹을 예정이에요.,positive,0.9854,0.9854,0.0146
254,7019422,426,5,로로,방금 만들어봤는데 맛있네요,positive,0.9916,0.9916,0.0084
255,7019461,129,5,hiyasinth89,이상해요 왤케 맛있어요? 앞으론 이 레시피로 맹글어 먹어야겠어요 사태살이 없어 집에 있는 부채살 넣구 했네,positive,0.9532,0.9532,0.0468
256,7019461,322,5,꼬로롱,"2,3번이 이해가안됩니다 ㅠ 2번에서 야채를 건지라고 하셨는데 무슨야채를 건지는건가요? 양파와 파를 두번넣는건가요??",negative,0.9968,0.0032,0.9968
257,7019496,415,5,라떼리봉,냉장고에 있던 재료로 만드니 간단하고 맛있네요~~~,positive,0.992,0.992,0.008
258,7019502,888,5,최지혜,초딩 아들래미한테 양배추 억이기 쉽지 않았는데 여사장님의 레시피 덕분에 몸에 좋은 양배추 쉽게 먹일수읺게 되었어요~ 최고에요~~,positive,0.992,0.992,0.008
259,7019502,348,5,나유정,뒤집는게 쉽진 않았지만 맛있었어요! 스리라차 소스랑 먹으니 저 맛있었고요!!,positive,0.9922,0.9922,0.0078
260,7019522,943,5,한.율빈이네,진짜..맛있어요 ㅠㅠ,positive,0.9879,0.9879,0.0121
261,7019526,46,5,Haylie Kim,집에 있는 재료로 하기 쉽고 맛도 있어요! 단지 파기름 내기가 한눈 팔면 타기 쉽다는거 ㅎㅎㅎ,positive,0.9921,0.9921,0.0079
262,7019555,471,5,문종용,자세한 레시피 알려주셔서 감사합니다 ~ 쑥갓도 고명으로 입혀봤습니다~ㅋㅋ,positive,0.9881,0.9881,0.0119
263,7019586,853,5,진과준,정말 맛있네요! 고기대신에 버섯과 어묵을 넣었더니 아주 맛있어요ㅎㅎ,positive,0.9921,0.9921,0.0079
264,7019623,419,5,러브홀릭,맛있게 잘 먹었습니다,positive,0.9187,0.9187,0.0813
265,7019628,802,5,인숙 ^^,연근조림은요 설탕 물엿이 엄청 많이넣어야 예쁜색깔이 나와요 한침조려야합니다 나만의 례시피라할까용,positive,0.6042,0.6042,0.3958
266,7019630,656,5,안성현미누룽지,새로운방법인데 너무맛나고 좋네요 최고입니다,positive,0.9922,0.9922,0.0078
267,7019657,301,1,김윤해,복잡하고 별로입니다. 마지막에 육수를 넣으면서는 거의 떡이 되네요. 비추합니다.,negative,0.9971,0.0029,0.9971
268,7019699,445,5,마음나무,굴소스 부추 등 빠진 재료가 많지만 팽이버섯 넣으니 더 맛있네요 감사합니다,positive,0.9912,0.9912,0.0088
269,7019706,757,5,유져기,간편하고~ 담백하고 넘 맛잇어요~ 두번째 먹을때는 부추 색을 좀 살려주고싶어서 중간에 넣고 조금 짧게 익혓는데 이러면 또 의외로 질기네요 ~~~ 많이 배워갑니다 잘 먹엇어요~~!,positive,0.992,0.992,0.008
270,7019722,227,5,가이버,반찬만들기좋아하는 중년 남자 입니다. 레시피에서 변경된건 설탕대신 꿀을 넣었습니다. 완성하고나니 맛은있는데 촉촉한감이 덜해서 다음엔 양념에 물을 두어숫갈 더 넣고 꿀대신 물엿을 넣어봐야 겠습니다. 레시피 감사합니다.,positive,0.9896,0.9896,0.0104
271,7019722,903,5,큐큐네,청양고추 볶다가 기침이 얼마나 나오는지 ㅜㅜ 뭐가 잘못된건지,negative,0.996,0.004,0.996
272,7019722,914,5,토리맘,짜지 않고 맛있어요!,positive,0.992,0.992,0.008
273,7019729,31,5,DDL,맛있게 만들어 먹었어요. 감사합니다!,positive,0.9908,0.9908,0.0092
274,7019749,126,5,hcr0208,좀 신것 같아서 마지막에 설탕1T 더 넣었어요~ 그러니 굿굿! 참고하세요~,positive,0.978,0.978,0.022
275,7019749,456,5,맛있어져라,새콤 달콤 맛있어요 양념 여유있게 해서 골뱅이 추가해서 먹었어요,positive,0.9922,0.9922,0.0078
276,7019754,864,5,쭈니맘,레시피 덕분에 삼계탕 쉽고 맛있게 만들어 먹었네요. 감사해요. 복 받으세요. 미처 사진을 못 남기고 다 먹고 나서 리뷰 생각ᆢㅎ,positive,0.9886,0.9886,0.0114
277,7019788,53,5,Jeannette Nahm,덕분에 맛있게 잘 만들어 먹었어요!,positive,0.9917,0.9917,0.0083
278,7019827,254,5,구르으으음,와 대박 너무 맛있어요. 전 큰 가지 1개에 양념은 수저로 했는데 간 딱 맞았습니다 ㅎㅎ,positive,0.9921,0.9921,0.0079
279,7019831,401,5,따뜻한가을,따라해봤는데 맛도 부드럽고 맛있었어요! 재료도 간단하고 다음에 또 해보겠습니당,positive,0.9923,0.9923,0.0077
280,7019850,702,5,오! 설아~♥^^,남편이 여태껏 먹은 김치볶음중에 최고라네요 감사합니당^^,positive,0.9921,0.9921,0.0079
281,7019850,349,5,나히,최고에용 ! 맛잇어요 !!!!!!!,positive,0.9917,0.9917,0.0083
282,7019918,430,5,루미루미,고구마 그냥 먹기가 슬슬 질려서 건강한 베이킹해보려고 레시피 찾아서 만들어봤어요 저는 오븐에 구웠습니다 식감은 보통의 깨찰빵 같은 겉바속쫜득이랑은 다르게 전체적으로 부드럽고 쫀득쫀득했어요 보통깨찰빵이랑은 다르지만 유지어터라던가 건강 챙기시는 분들이 색다르게 고구마 먹기에 넘 좋은 것 같아요 맛있어서 노나 먹으려던걸 그 자리에서 싹 먹어치웠네요 ㅋ_ㅋ...,positive,0.9893,0.9893,0.0107
283,7019923,945,5,한서우,맛있네요,positive,0.7847,0.7847,0.2153
284,7019936,10,5,13sun,달걀요리하다 남아서 해 보았는데 멸치육수로 해서 컬러 안 예쁘네요,negative,0.9923,0.0077,0.9923
285,7019936,271,5,기적이 일어나게 해주세요.,너무 맛있어요 감사합니다,positive,0.9697,0.9697,0.0303
286,7019936,193,5,yongmaru,맛있게 따라했네요,positive,0.9518,0.9518,0.0482
287,7019947,705,5,오늘도 삼 공주와 함께,쪼금 짠 느낌 이지만 느끼하지도 않고 더운 여름에 입맛 올려주는 최고!! 네요,positive,0.9913,0.9913,0.0087
288,7019947,418,5,러브쿡80,두번 만들어 먹었어요 두 번째에는 간장 조금 줄이고 참치액젓 넣었더니 더 맛있었어요^^ 맛있게 잘 먹었습니다^^,positive,0.9921,0.9921,0.0079
289,7019947,944,5,한나,한입 먹고 맛있어서 부랴부랴 사진찍고 후기 남겨요. 제일 간단한데 맛있어요 ㅠㅠ 감동적이네요. 감사합니다.,positive,0.9922,0.9922,0.0078
290,7019947,321,5,깡이,요리가 간단하면서 너무 맛있어요. 남편이랑 맛있게 잘 먹었어요~,positive,0.9923,0.9923,0.0077
291,7019947,139,5,jeongyoon,들기름막국수 간단하면서도 맛있게 먹을수 있었어용,positive,0.9917,0.9917,0.0083
292,7019947,109,5,chldmsgml,들기름 막국수 좋아하는데 맛있게 잘 먹었습니다,positive,0.9899,0.9899,0.0101
293,7019947,635,5,싱그리,댓글 첨 남겨요 맛있어요!,positive,0.992,0.992,0.008
294,7019947,870,5,채미혜,파는것만큼 만나네요,positive,0.912,0.912,0.088
295,7019947,952,5,햄볶아,최고에요!!!,positive,0.9905,0.9905,0.0095
296,7019947,214,5,ヒョンジェ,맛있어요,positive,0.8078,0.8078,0.1922
297,7019949,937,5,하니뽀,별 양념없이도 간단하고 넘 맛있어요,positive,0.9923,0.9923,0.0077
298,7019969,959,5,현지,청경채무침 해서 먹었는데 너무 맛있었어요!!! 레시피 감사합니다!!!,positive,0.9922,0.9922,0.0078
299,7019979,647,5,아미엘맘,신랑이 속이 안좋아서 만들었어요 저도 먹었는데 맛있고 속이 따뜻한게 좋네요,positive,0.9805,0.9805,0.0195
300,7020003,165,5,noynoy,"맛있어요~ 다데기에 참치 액젓 추가, 후추 추가 했어요!",positive,0.992,0.992,0.008
301,7020008,439,5,림철,넘 맛있어요 감사합니다,positive,0.9716,0.9716,0.0284
302,7020030,99,5,aj,끓여먹는 토마토에요,positive,0.9173,0.9173,0.0827
303,7020039,119,5,evelyn 이내,맛있게되서 남편이랑 즐겁게먹었습니다!,positive,0.992,0.992,0.008
304,7020039,145,3,keri,재료에 비해 물이 너무 적어서 물 더 넣었더니 맛이 밍밍하네요..ㅠ,negative,0.995,0.005,0.995
305,7020080,453,5,맛나반찬,정말 빠르게 뚝딱 만들었습니다~ 가장쉬운 레시피에요~,positive,0.992,0.992,0.008
306,7020080,63,5,Lovelycoco,초보도 쉽게 휘리릭 만들수있어요~ 맛있어용^^,positive,0.9923,0.9923,0.0077
307,7020081,871,5,채채♡,마늘을 넣어서 느끼하지도 않고 고소하고 맛있었어요,positive,0.9915,0.9915,0.0085
308,7020091,541,4,보름이는박가온,맛있어요. 간단하게 빨리 만들수 있어 좋아요~,positive,0.9916,0.9916,0.0084
309,7020127,598,5,소중한것들,간단한 재료로 맛나게 한끼 해결했어요 감사해요,positive,0.9919,0.9919,0.0081
310,7020135,938,5,하람맘,없는 재료는 빼고 했지만 맛있었어요~,positive,0.9866,0.9866,0.0134
311,7020135,574,5,생초짜,감사합니다,negative,0.6594,0.3406,0.6594
312,7020140,436,5,리띠아,좋은 레시피 감사해요!!,positive,0.9916,0.9916,0.0084
313,7020140,540,5,보르댕1020,맛있었어요,positive,0.8819,0.8819,0.1181
314,7020150,188,5,two안이엄마,"아보카도, 계란으로 어떤걸 해먹을까 하다가, 이 레시피 발견! 요구르트가 없어서 대신 집에 있는 연유 넣고, 오이 대신 로메인 넣었는데 맛있는 샐러드가 됐어요~ 굿!! 역시 아보카도 is 뭔들~~~^--^",positive,0.9922,0.9922,0.0078
315,7020179,924,5,포뚜,감사합니다 좋은 레시피네요 ~~,positive,0.9786,0.9786,0.0214
316,7020225,60,5,Karma SA,끓이는중 찍은 사진입니당 고추장이 없어서 쌈장하고 된장넣어했는데 의외로 맛있었어요! 사무실에도 싸갔는데 반응 완전 굿굿이에요 다들 꼭 해드셔요!,positive,0.992,0.992,0.008
317,7020225,827,5,정윤서윤맘,만들기도 쉽고 맛있어요,positive,0.9907,0.9907,0.0093
318,7020225,312,4,김현정,양배추쌈과 강된장 한끼로 잘 억었습니다~~ 밥에 비벼먹어도 딱이구요~~ 더운여름에 잘 어울리는 음식이예요~~ 감사합니다~~,positive,0.9923,0.9923,0.0077
319,7020252,198,5,yuuuuu,알려주신 레시피로 맛있게 잘 만들어 먹었어요. 감사합니다!!,positive,0.9923,0.9923,0.0077
320,7020260,674,5,어린환자,콩나물에 다진 돼지고기가 섞이니까 식감도 좋고 남녀노소 모두 먹기 좋은듯요,positive,0.9922,0.9922,0.0078
321,7020260,672,5,양초딩,남은 콩나물로 했어요~ 아이들이 좋아하겠어요~ 잘 먹일께요!!,positive,0.9914,0.9914,0.0086
322,7020260,312,5,김현정,정말 맛나게 먹었어요~ 굳굳!!,positive,0.9916,0.9916,0.0084
323,7020264,356,5,내일은요리왕,와우 소스가 너무 맛있어요. 2번 해먹었는데 한번은 대파가 없어 양파를 넣었는데도 맛있네요,positive,0.9919,0.9919,0.0081
324,7020264,202,5,★KJM★,양념장이 맛있었어요. 감사합니다.,positive,0.9903,0.9903,0.0097
325,7020286,648,5,아빠는요리사,너무 맛있게 됐네요 레시피도 간단하고 지난번에도 성공했는데 이번에도 성공했어요,positive,0.9921,0.9921,0.0079
326,7020288,854,5,진달래,너무 너무 맛있어요! 감사합니다♡ 제가 순대 잘 못먹지만 이 레시피대로만 요리하고 먹어요~ 추천!,positive,0.9923,0.9923,0.0077
327,7020317,884,5,최은교,저녁으로 삼치구이했는데 데리야끼 소스맛 제대로 나요>_< 대삼치라서 소스가 필요했는데 아주 잘먹었습니당 ㅎㅎ,positive,0.992,0.992,0.008
328,7020317,957,5,현G,맛있어요,positive,0.8078,0.8078,0.1922
329,7020386,632,5,실프정,너무 간단하지만 포만감좋은 건강한 한끼로 이 레시피 강추입니다. 밤에 배고플때도 소스 미리 준비해두고 전자렌지로 뚝딱 해도 좋을듯하네요 저는 야채가 마늘쫑만 있어서 좀 잘라넣었더니 식감좋아서 그것도 나름 괜찮았어요,positive,0.9919,0.9919,0.0081
330,7020386,645,5,아라,간편하고 너무 맛있어요 채소먹고싶을때 뚝딱 해먹을께요,positive,0.9923,0.9923,0.0077
331,7020389,840,5,주부삼단,생강가루만 있어서 생강가루+올리고당+물엿을 넣어줬어요. 밑반찬 하나 뚝딱이네요^^,positive,0.9919,0.9919,0.0081
332,7020419,449,5,마하,매우 간단하면서도 맛있는 레시피 감사합니다! 전분이 없어서 부침가루로 대신했는데 맛이 좋더라고요 덕분에 갑자기 들어와서는 단백질 필요하다고 보채던 배고픈 아들녀석 식사 해결했어요.,positive,0.9922,0.9922,0.0078
333,7020424,577,5,서울의여름,맛있어요,positive,0.8078,0.8078,0.1922
334,7020474,810,5,임미정,"시래기 국만 해 보고, 첨으로 나물 했는데, 맛 좋아영",positive,0.9911,0.9911,0.0089
335,7020503,263,1,권태연,이 레시피대로 했다가 망했어요 설탕 2스푼을 티스푼으로 넣어야 덜달구여 뭔가 빠진맛나는것같아서 레몬즙 넣으니까 딱이네요. 저 레시피대로하면 진짜 의문??이거뭐지?? 하는맛나옴.,positive,0.9083,0.9083,0.0917
336,7020506,828,5,정주용,와.. 여기 크림브륄레 레시피 중에 이 레시피 완성도가 단연 으뜸입니다. 카페에서 파는 크림브륄레 맛이었어요. 크림브륄레 용기가 탐나네요. 저는 소스 접시에 했더니 뭔가 엉성한..,negative,0.9867,0.0133,0.9867
337,7020508,4,5,-슈퍼맨-,최고의 레시피 감동입니다~~~,positive,0.9898,0.9898,0.0102
338,7020508,956,5,허순영,요리의세계는 무한도전,negative,0.8428,0.1572,0.8428
339,7020518,627,5,신다슬,너무 간단하고 맛있네요 간단 맛도리 레시피 감사함당♡♡,positive,0.9923,0.9923,0.0077
340,7020523,72,5,Naomi,맛있게 잘 먹었어요! 양배추 양념이 심플한데도 김치처럼 맛있어져서 놀랬어요. 전 아보카도까지 얹어먹으니 더 좋았네요 ㅎ,positive,0.9922,0.9922,0.0078
341,7020523,720,5,요꼬하마,집밥 간단히 만들어봐요~ 건강에 좋은 양배추로 무엇을 만들어 먹을 수있을지 고민하다 발견 넘꿀맛인데요~ 자주해먹을꺼같아요 다욧된다니 걱정없이 한그릇 뚝딱해결했어요,positive,0.9921,0.9921,0.0079
342,7020548,96,5,[헤헤],송이버섯 처리하려고 했구요 버섯이 달라서 그런지 송이버섯에는 밑간이 세게 들어가네요 대신 꽈리고추가 조금 삼삼해서 같이 먹으면 괜찮아요.,negative,0.5817,0.4183,0.5817
343,7020548,772,5,은어송,표고버섯 넣고하니까 색다르고 맛있었어요,positive,0.9919,0.9919,0.0081
344,7020587,672,5,양초딩,소금으로 간해서 깔끔한 맛이네요~ㅋㅋ 아이도 맛있데요~ 잘 먹을께요~,positive,0.9918,0.9918,0.0082
345,7020587,194,5,youarelove,맛있네요^^,positive,0.9812,0.9812,0.0188
346,7020591,216,5,ㅅr이다,버섯을 싫어하는데 이렇게 먹으니 맛있네요~~ 좋은 레시피 감사해요~~,positive,0.9921,0.9921,0.0079
347,7020594,549,5,부기,맛있게 만들어 먹었어요! 근데 계란빵에는 코팅안된 유산지 절대 쓰지마세요~~ 다 달라붙어서 유산지랑 나눠먹어야합니다 ㅋ,positive,0.9448,0.9448,0.0552
348,7020609,734,5,요리한번해볼까,"해외살이중 닭고기가 신선해서 뭘 해먹을까하다가 이 레시피로 두번째! 달콤짭조름, 자극적이지않고 아주 맛있어요 아들이 너무 맛있게 먹었어요!",positive,0.9923,0.9923,0.0077
349,7020609,675,5,어지짱,간단하고 너무 맛있어요 설탕이랑 물엿대신 김빠진콜라 넣었더니 그것도 괜찮네요~,positive,0.9921,0.9921,0.0079
350,7020614,818,5,저녁하는남자-,시금치된장국만 해서먹었는데 간단하고 쉽고 맛있는 레시피 알려주셔서 아침에 맛있게 먹었습니다,positive,0.9921,0.9921,0.0079
351,7020614,39,5,GUK NA RI,진짜 아침국으로 딱. 간편하니 좋아요,positive,0.9917,0.9917,0.0083
352,7020629,260,5,국화꽃향기,맛있어요! 감사합니다.^^,positive,0.9885,0.9885,0.0115
353,7020632,521,5,박혜진,맛있고간편하게 잘 해먹었어요~ 치킨스톡 대신 참치액을 넣어서 접근성이 더 좋았네요^^,positive,0.9922,0.9922,0.0078
354,7020632,465,5,몽글,엄지 척b 진짜 맛있어요. 참치액을 사용해서 더 간편하게 해 먹었어요~ 꿀팁 감사합니다!!,positive,0.9922,0.9922,0.0078
355,7020632,674,5,어린환자,알리오올리오 좋아하는데 간단히 맛있게 잘 먹었습니다,positive,0.99,0.99,0.01
356,7020640,10,5,13sun,계란은 너무 요리하기 좋은 제료랍니다 지단이 예쁘게 안 되서 ~sorry,positive,0.868,0.868,0.132
357,7020641,179,5,soojin cho,후딱 했는데 맛있어요~~,positive,0.9917,0.9917,0.0083
358,7020649,422,5,레몬트리,레시피대로 했는데 시간이 오래걸리는거 말고는 다 만족이에요!!아주 맛있게 먹었어요,positive,0.992,0.992,0.008
359,7020667,966,5,홍지현,무슨 촛물에 소금을 1/2스픈 넣으레요!!! 한꼬숩 넣으면 돼요. 비싼식초 썼는데 짜서못먹음. 소금 테러. 대박,negative,0.9958,0.0042,0.9958
360,7020705,744,5,운땡,맛있어요 좀 짜게되어서 다음엔 간장양을 좀 줄여서 해봐야겠어요~^^,positive,0.99,0.99,0.01
361,7020705,389,5,동글이양파,간단한데 맛있어요 저는 편마늘도 조금 넣어봤어요 감사합니다,positive,0.9893,0.9893,0.0107
362,7020705,819,5,전유현 01087978500,여태까지 요리해본 꽈리멸치볶음중 최고로맛나요,positive,0.9922,0.9922,0.0078
363,7020705,573,5,생각 키우기,정말 맛있네요. 감사합니다!^^,positive,0.9903,0.9903,0.0097
364,7020705,794,5,이재희데보라,따라했는데 맛있네요,positive,0.989,0.989,0.011
365,7020716,265,5,그냥주부당,어묵 볶음 자주하는데 늘 맛이 거기서 거기라 식구들도 딱히 맛있다고 하질 않는데 이 레시피로 했더니 너무 감칠맛 나고 맛있어요 자주 해먹게 될것 같아요,positive,0.9921,0.9921,0.0079
366,7020716,211,5,♡행복지수♡,최고!!,positive,0.9908,0.9908,0.0092
367,7020739,442,5,마리아사랑,맛이 좋았어요 근데 줄기가 길어서 4등분 하면 좋을거 같아요,positive,0.9563,0.9563,0.0437
368,7020739,409,5,똘망선우,맛나요. 감사합니다.,positive,0.9576,0.9576,0.0424
369,7020802,672,5,양초딩,간단하게 맛있는 국 완성이요~ 아이가 잘 먹어줬으면 좋겠네요~ 잘 먹을께요^^,positive,0.9921,0.9921,0.0079
370,7020808,323,5,꼬마뙈지,진짜진짜 바삭바삭맛있어요,positive,0.9914,0.9914,0.0086
371,7020842,73,5,Nastya Baskaeva,남편과 아이가 너무 맛있다고 날마다 해달라고 하네요^^; 감사합니다!,positive,0.9922,0.9922,0.0078
372,7020842,170,5,printemps,마늘 좋아해서 만들었는데 쉽고 엄청 맛있어용,positive,0.9921,0.9921,0.0079
373,7020842,916,4,티별,간편하게 만들어 먹을수 있어서 좋더라구요 다음에도 해먹을 생각입니다.,positive,0.9904,0.9904,0.0096
374,7020868,529,5,범그림,저녁에 간단히 먹고싶어서 시도해 보았는데 정말 맛있어요^^ 자주 이용할 레시피네요 고맙습니다!,positive,0.9923,0.9923,0.0077
375,7020878,52,5,Janet Kang,만드는 게 너무 간단하고 맛은 짱입니다매번 이런 방식으로 아침 식사를 합니다. 남편이 중국집 볶음밥맛같다고 합니다.감사합니다,positive,0.9906,0.9906,0.0094
376,7020886,392,5,두비두밥,소고기도 넣었는데 걸쭉 고소하니 맛있어요! 유아식하는 아기도 잘먹었어요,positive,0.9922,0.9922,0.0078
377,7020886,161,5,mjㅎ,오! 정말 간단한데 고소하고 맛나요 간도 저희한테 딱이네요~~ 요똥에게 자비를 베풀어주셔서 감사합니닷 ㅋㅋ,positive,0.9923,0.9923,0.0077
378,7020886,784,5,이슬기,코인육수 없어 그냥 제외하고 했는데 슴슴하니 맛있어요! 15갤 아기랑 잘먹어볼게요! 저녁엔 남편과 5살아이도~~~,positive,0.9921,0.9921,0.0079
379,7020886,467,5,무심이,간편하고 맛있게 만들수 있어 좋아요,positive,0.9895,0.9895,0.0105
380,7020896,907,5,킴으니으니,와!! 너무 맛있어요!! 집에 표고가 남은게 있어서 추가했더니 맛나네요~~ 맛있는 레시피로 후딱 만들어서 저녁먹었어요~~^^,positive,0.9924,0.9924,0.0076
381,7020924,50,4,JH. SEO,치킨스톡이 없어서 쇠고기다시다랑 코인 사골육수 써서해봤어요 다시다 조절에 실패해서 조금 짰지만ㅠ 맛있게 한끼먹었습니다 감사해요~,positive,0.9895,0.9895,0.0105
382,7020937,550,5,부울어라아바아람아,이거 진짜 맛있음,positive,0.9674,0.9674,0.0326
383,7020937,123,5,gotoe,잘 먹었습니다,positive,0.7428,0.7428,0.2572
384,7020969,672,5,양초딩,간단하면서도 맛있어요~ 아이 참나물 첫 도전인데 잘 먹었으면 좋겠네요~ 제 입맛엔 딱이예요~ 감사해요^^,positive,0.9923,0.9923,0.0077
385,7020969,137,5,jaesook,네 딸이 맞있다고하네요 또 사다가 딸해주워어요. 맞있네요 감사합니다,positive,0.9892,0.9892,0.0108
386,7021009,672,5,양초딩,가족들과 함께 잘 먹어써요~ 조리도 간단하고 재료도 집에 있는 것들도 해서 쉽게 했어요~ 소스도 아이가 맛있데요~ 감사해요~,positive,0.9924,0.9924,0.0076
387,7021009,268,5,글인,"감사합니다...소스도 맛있게 되고, 다 큰 애들인데 맛있다네요^^ 뿌듯뿌듯♡♡♡",positive,0.9924,0.9924,0.0076
388,7021009,877,5,초미니,아들이 처음 접하는 오무라이스. 처음에는 싫다더니 맛보고는 다음에 또 해달래요. 성공입니다~ 소스 맛도 묽기도 입맛에 딱입니다.,positive,0.9922,0.9922,0.0078
389,7021009,825,5,정예은,쉽고 맛있어요 ㅎㅎ 돈까스 소스는 없어서 그냥 케찹만 뿌렸는데 맛있습니다!,positive,0.9918,0.9918,0.0082
390,7021009,784,5,이슬기,"소스만 케찹 5큰술, 돈가스 소스 5큰술, 굴소스 반큰술, 물 100~120ml, 후추 아주 조금 요렇게 만들어봤는데 정말 맛있었어요!!",positive,0.9909,0.9909,0.0091
391,7021009,461,5,명랑소녀,넘 맛있어서 아이들이 다 긁어 먹었네요 좋은 레시피 감사드립니다~~,positive,0.9922,0.9922,0.0078
392,7021009,93,5,YooJoohyun,레시피 감사해요. 아이가 맛있다면서 잘먹어요,positive,0.992,0.992,0.008
393,7021009,616,5,스베리,애들이 맛있다고 매번 만들어 달라고 해요,positive,0.9919,0.9919,0.0081
394,7021009,238,5,개딸램꼬몽♡,아이들저녁메뉴로 해줬는데 너무맛있다고,positive,0.9919,0.9919,0.0081
395,7021009,479,5,미니양,정말 맛있어요! 가족들이 잘 먹네요,positive,0.9921,0.9921,0.0079
396,7021009,287,5,김성일,맛있어요 4남매 모두 잘 먹었어요,positive,0.9919,0.9919,0.0081
397,7021009,118,5,egg9404,재료도 간단하고 맛도 좋네요,positive,0.9886,0.9886,0.0114
398,7021009,776,5,음소희,조리도 쉽고 너무너무 맛나용~,positive,0.9921,0.9921,0.0079
399,7021009,262,5,권나현,했는데 너무 맛있었어요!,positive,0.9918,0.9918,0.0082
400,7021009,4,5,-슈퍼맨-,늘 감사합니다,positive,0.9685,0.9685,0.0315
401,7021009,926,5,풀문,맛있어용,positive,0.9214,0.9214,0.0786
402,7021068,728,5,요리왕이되고십다,맛있어엽,positive,0.9665,0.9665,0.0335
403,7021080,71,5,Nak keun.Kim,이런 수육이 있다니 정말 최고에요,positive,0.9916,0.9916,0.0084
404,7021091,720,5,요꼬하마,양배추로 뭘할까하다 발견한 요리 마침 맛살있길래 재료도 있겠다 만들어 봤습니다. 좋은 레시피 감사해요,positive,0.9917,0.9917,0.0083
405,7021091,685,3,엘라,좋은 레시피를 보고 쉽게 따라할수있어서 참좋네요,positive,0.9916,0.9916,0.0084
406,7021110,142,5,jm,저는 들어가는 재료 참고만하고 써는것도 계량도 맘대로 했는데 첨 먹어보는 나물이지만 생각보다 계속 손이가고? 괜찮네요~~ 소금은 조금에 참치액이랑 들기름도 곁들였더니 제 자극적인 입맛에는 더 맞음ㅋㅋ 레시피 감사해용,positive,0.9897,0.9897,0.0103
407,7021110,124,5,hahahoho2,맛있어요 양배추라페 느낌도 나고 ㅎㅎ 후기보고 식초1 했는데 딱 좋았어요,positive,0.9921,0.9921,0.0079
408,7021110,672,5,양초딩,처음 먹어보는 색다른 맛인데 매력있어요~ 제가 해본 양배추 요리중에 최고네요~ 감사해요~ 잘 먹을께요^^,positive,0.9923,0.9923,0.0077
409,7021110,468,5,무지개77,설마... 했는데 오~~~ 괜찮네요~~~~맛있어요~ 후기들보니 식초1T 넣으라고 되있어서 1T했어요~ 감사합니다,positive,0.9916,0.9916,0.0084
410,7021110,691,5,여씩씩,정말 맛있어요.저는 새콤할걸 싫어해서 식초1큰수로 바꾸고 통들깨 추가로 넣었어요~~ 맛있는 레시피 감사합니다,positive,0.9922,0.9922,0.0078
411,7021110,766,5,윤혜경,간단한데 맛있어요 양배추 식전디저트로 해먹을때 자주 해먹어야겠어요,positive,0.9915,0.9915,0.0085
412,7021110,808,5,임,양배추 요리중 제일 깔금해요! 저도 식초 한숙갈만 넣었습니당 굿,positive,0.9921,0.9921,0.0079
413,7021110,664,5,애꼼맘,오- 이거 별미네요!! 완전 맛있어요!!,positive,0.9904,0.9904,0.0096
414,7021110,199,5,zlzlrkdbs,식초를 반절만 넣는게 좋을듯,negative,0.865,0.135,0.865
415,7021162,408,5,또이,너무 맛있어요. 갑자기 스팸마요 주먹밥이 땡겨서 레시피 찾다가 해먹어봤는데 진짜 추천추천!!! 다른 레시피들은 여러번 해먹어봤지만 뭔가 맛있다눈 느낌을 못받았는데 스팸을 양념과 졸여서 먹으니까 진짜 감칠맛이 미쳤네요!!! 자주 해먹을게요 레시피 감사합니다,positive,0.9922,0.9922,0.0078
416,7021167,379,5,달려라자전거,맨날 쪄먹으려고 브로콜리 사다놓고 냉장고에 방치하기 일수라 다른 방법으로 먹을 수 있는게 없나 찾다가 발견했어요. 저는 모짜렐라가 짜서 소금을 안넣어도 될듯. 담에는 빼고 해볼까봐요. 적당히 익혀야겠더라구요. 진갈색으로 익혔더니 바삭바삭 ㅋㅋㅋ 암튼 잘 먹었습니다.,positive,0.9789,0.9789,0.0211
417,7021184,290,5,김수진,갈배랑 과일이 없어서 안들어가는 레시피 고르다가 따라해봤는데 정말 맛있어요 생강청은 없어서 매실청 넣고 생강가루 넣었습니다~~ 맛도리~~! 제사 산적맛 날줄 알았는데 정말 돼지갈비맛 나요 목심으로 해도 맛잇네요,positive,0.9921,0.9921,0.0079
418,7021184,555,5,브로콜리좋아요,"생강청대신 알룰로스와 생강가루로 대체했고 참기름향 강한게 싫어서 1만 했는데요, 아이들이 지금까지 먹은 돼지갈비중에 제일 맛있대요^^",positive,0.9922,0.9922,0.0078
419,7021205,788,5,이영희,남편이 전골요리 좋아해서 진짜 맛있게 먹었습니다 !! 당면 넘 마시쎠영 레시피 감사합니다ㅠㅠㅠ❤️,positive,0.9922,0.9922,0.0078
420,7021205,755,5,유밍밍,"감기걸려서 뜨끈 얼큰한거 뭐있을까 찾아보다가 만들어봤는데 세상에나!! 너무 맛있네여!! 버섯, 콩나물, 당면 다 좋아하는 것들이라 너무너무 맛있게 먹었습니다 ~~ 저한테는 좀 싱거워서 액젓 두 숟갈 정도 더 넣었어요ㅎㅎ",positive,0.9922,0.9922,0.0078
421,7021205,242,5,겸짱~,다먹고 찍은거라 예쁘게 못찍었네요 ㅎㅎ;; 일단 맛은 슴슴한 소고기국 같은 맛이예요 슴슴해서 설탕이랑 액젓 쪼금 더 넣었구요 제가 워낙 맵게 먹는편이라 담엔 청량고추 팍팍 더 넣어 먹어야겠어요 만들기도 엄청 쉽고 소주 안주로도 괜찬할듯요,positive,0.9777,0.9777,0.0223
422,7021205,331,5,꿀,맛있었어효!!!!!! 큰 기대 안했는데 넘 맛있어서 놀랐어요 ㅋㅋㅋ 맛소금으로 추가간만 했어요!!!! 그리고 양파반개 넣었어요 ㅋㅋ,positive,0.9922,0.9922,0.0078
423,7021205,796,5,이주연,"맛있습니다! 전 좀 간이 부족한 거 같아서 소금 조금, 다시다 1스푼, 올리고당 2바퀴 정도 추가했어요!",positive,0.9907,0.9907,0.0093
424,7021209,175,5,ruseu,사골없이도 간 좀 더해서 진짜 맛있게 먹었어요 ㅠㅠ 감사합니당,positive,0.992,0.992,0.008
425,7021209,542,5,보미니맘마,신랑이 맛있대요~^^레시피 감사합니다 ~^^,positive,0.9917,0.9917,0.0083
426,7021209,927,5,퓨리링,덕분에 후다닥 맛있게 먹었어요!!,positive,0.9918,0.9918,0.0082
427,7021209,202,5,★KJM★,자~~~알 먹었습니다. 감사합니다.,positive,0.9862,0.9862,0.0138
428,7021210,141,5,jjun♡Kyung,둘째아이가 양송이스프를 요즘 부쩍 찾아서 해줬는데~너무 맛나네요~감사해요^^,positive,0.9923,0.9923,0.0077
429,7021224,411,5,똥똥찌아맘 김은서,저는 계란을 부침개처럼 부치지않고 살짝 스크램블처럼 해줬어요. 맛난 레시피로 간단 아침밥 완성입니다.,positive,0.992,0.992,0.008
430,7021249,612,5,슈비쥬,와... 추가 간 하지 않고 레시피대로 딱 했는데 너무 맛있어요 ㅠㅠㅠㅠ 항상 된장찌개는 쉽지 않았는데 쉬운데다가 넘 맛있어요 감사합니다❤️❤️❤️,positive,0.992,0.992,0.008
431,7021249,646,5,아리샘,맛있습니다. 잘 먹었어요.~,positive,0.9899,0.9899,0.0101
432,7021252,251,5,광프로,아주 간단하네요 맛점할게요 ~^^,positive,0.9903,0.9903,0.0097
433,7021257,314,5,까미,독특한 비밥이에요~~ 감칠맛이 돌면서 청양고추매콤함이 더해 새로운 맛을 보았어요 남편도 맛있다하네요~^^ 잘먹었어요 레시피 저장해놓고 또 해먹어야겠어요,positive,0.9924,0.9924,0.0076
434,7021267,712,5,오일밸리,저희집 에프로는 30분 넘게 돌린 것 같아요~ 과자처럼 빠삭하게 해보려니 이정도는 해야되네요~ 넘나 맛있네요^^,positive,0.9922,0.9922,0.0078
435,7021267,174,5,rkdgowlwk,다이어트 간식으로 딱이에요! 불리고 삶는 과정이 오래 걸리지만 만들어두면 유용해요,positive,0.9921,0.9921,0.0079
436,7021270,35,5,E.Han,"쉽고 맛있어요. 명란을 올리브유 약한불에 타거나 튀지 않게 천천히 구웠어요. 다이어트 하시는 분은 마요네즈 대신 그릭 요거트, 알룰로스 조금만 섞어 하시면 맛나요. 저는 저염 명란젓이 아니라 오이를 두껍게 잘랐어요.",positive,0.9919,0.9919,0.0081
437,7021297,101,5,ami,"정말 간단하게 휘리릭 만들어서 먹기 좋아요. 달달 짭조름한 소스와 부드러운 달걀, 팽이버섯이 씹히는 식감과 크래미가 잘 어울리네요. 잘 먹었습니다~",positive,0.9923,0.9923,0.0077
438,7021336,751,5,윈터아이,담백하게 먹는다고 소금으로만 했었는데 이렇게 먹으니 훨씬 손이 더 자주가네요^^ 맛있어요. 굿,positive,0.9923,0.9923,0.0077
439,7021336,793,5,이재철,레시피대로 따라하니 맛난 보기좋은 표고버섯 볶음완성,positive,0.9915,0.9915,0.0085
440,7021338,80,5,Sarah kwak,음~~ 넘 맛있어요. 돼지고기 잘 안 먹는데 양념이 깔끔해요. 냉장고에 고수가 있길래 같이 쌈 싸먹으니,positive,0.9918,0.9918,0.0082
441,7021364,47,5,Hw A,맛있어용 일본된장으로 만드는 것도 좋아여 소스 많이 바르면 짜니까 많이 안발라도 돼요,positive,0.9919,0.9919,0.0081
442,7021365,742,5,우진마미,오늘 아들래미 좋아하는 재료를 넣고 계란찜을 해봤는데요 완전 대성공 했어요,positive,0.9916,0.9916,0.0084
443,7021365,931,5,플로라,항상 궁금했었는데 레시피데로 했더니 폭탄처럼 보글보글~~ 감사합니다^^,positive,0.9914,0.9914,0.0086
444,7021365,745,5,운평,레시피덕분에 맛있게 만들어 먹었읍니다 감사합니다,positive,0.9915,0.9915,0.0085
445,7021365,764,5,윤찬윤아맘,늘 실패했던 폭탄 계란찜였는데 드뎌 성공이요^^,positive,0.987,0.987,0.013
446,7021382,563,5,삐양이,매콤하니 맛있어요 ㅎㅎ 색다른 만두 요리에요 ;) 물을 다음에는 더 넣어야 겠어요,positive,0.9915,0.9915,0.0085
447,7021403,78,5,RANYea,덕분에 맛있게 잘 만들었어요! 감사합니당 :),positive,0.9916,0.9916,0.0084
448,7021403,107,5,beauty5535,감사합니다 맛있게 되었네요,positive,0.8869,0.8869,0.1131
449,7021408,98,5,^^,"대~~박여^^ 요즘 식단하면서 양배추,당근,사과 많이 먹는데 좀 색다른게 먹을게 없다 찾아보다^^ 넘 맛있어요^^ 자주 만들어 먹을거같아여~",positive,0.9923,0.9923,0.0077
450,7021414,360,5,노병헌,맛있게 잘 해먹었습니다 ^^,positive,0.9901,0.9901,0.0099
451,7021418,912,5,태현맘이유,소스가 너무 맛있어요. 아이둘 밥 순삭!! 저는 스팸이 너무 짜서 밥 많이 넣고 볶음밥처럼 했어요.,positive,0.9916,0.9916,0.0084
452,7021453,130,5,hmy9782,자주 따라하는 레시피입니나~^^맛나게 잘 먹었습니다,positive,0.9921,0.9921,0.0079
453,7021472,773,5,은옥,처음햇는데요 레시피따라 햇더니 넘~맛나게 요리가됫어요,positive,0.9908,0.9908,0.0092
454,7021472,779,5,이나용용,맛있고 간단해요~^^,positive,0.9907,0.9907,0.0093
455,7021474,74,5,Nev L,채썰기를 잘 못해서 다졌더니 못생겼지만 맛있었어요! 피자먹고 싶었는데 요거먹고 그 생각이 싹 사라졌네요 감사히 잘 먹을게요!,positive,0.992,0.992,0.008
456,7021474,689,5,여노마미,맛있어요~^^ 근데.. 소금은 안넣어도 될듯해요ㅋ 짭쪼롬하니 술 안주네요ㅎ,positive,0.9906,0.9906,0.0094
457,7021474,667,5,야호55,요리에 서툴어서 채써는데 오랜시간 걸렸지만 완성하고 보니 맛있어요,positive,0.9916,0.9916,0.0084
458,7021474,544,5,복순이엄마,덕분에 맛있게 해먹었어요,positive,0.989,0.989,0.011
459,7021474,608,4,수리수리이,맛있게 잘됐어요~ 얇게 채썰고 기름넉넉히 부으니 모양나왔네요,positive,0.9895,0.9895,0.0105
460,7021474,497,1,밍님09,감자 전분 넣어야 하는데 레시피에 없어서 그냥 안 넣고 만들었더니 감자가 붙지 않고 다 흩어져서 잘 안 되었어요. 감자전분 넣어야 되요.,negative,0.997,0.003,0.997
461,7021482,880,5,초초기,치킨스톡과 카레가루는 없어 그건 빼고 혼다시가 있어 고걸 조금 넣었는데 깔끔하고 맛나요! 저탄중이라서 고구마도 뺐답니다!,positive,0.9923,0.9923,0.0077
462,7021493,249,5,곡성의봄,ㅎㅎ 레시피대로 했더니 너무 맛있습니다 딸도 맛있다고 엄지척 해주네요 감사합니다^^,positive,0.9924,0.9924,0.0076
463,7021496,324,5,꼬모랑두부,"와우~~ 상큼한 레몬이 들어가 쿠키가 더 맛있어졌네요~~^^ 레몬이 많이 생겨서 뭐할까 레시피 검색하다 찾았는데, 보물을 발견한것 같아요. 앞으로도 종종 만들것 같아요. 좋은 레시피 감사드려요. 참, 데코는 레몬대신 예전에 만들어두었던 청귤청이 있어서 그걸로 했어요^^",positive,0.992,0.992,0.008
464,7021507,454,5,맛난거 묵자,덕분에 맛있는 칼국수 잘먹었습니다.가족들이 다 맛있다고 한냄비 다 먹었네여.사진은 깜빡하고 못 찍었습니다.감사합니다.,positive,0.9919,0.9919,0.0081
465,7021507,606,5,수뚜니,갯벌체험에서 캐온 동죽 어쩌나..하고 있었는데 간단한 레시피에 넘 시원하고 맛있는 국물맛이어서 온 가족 잘 먹었답니다. 어른들 거엔 고추랑 미원 조금 더 추가했어요.^^,positive,0.9923,0.9923,0.0077
466,7021521,458,5,매화-강지연/소나무-강보성,첫 청국장 도전 이 레시피 보고 잘 끓였어요 맛나요~,positive,0.9923,0.9923,0.0077
467,7021526,162,5,my K,고소해요 맛있어요~,positive,0.9895,0.9895,0.0105
468,7021528,711,5,오오메시,어색해도 요리하는 멋도 나고 ㅎㅎ 고맙습니다~!!,positive,0.9922,0.9922,0.0078
469,7021531,79,5,SH,아기 반찬 해주려고 버섯육수를 써잇는거에 두배로 써서 요리했는데 촉촉하고 넘 맛나서 잘먹네요 레시피 감사해요,positive,0.9921,0.9921,0.0079
470,7021535,64,5,Lydia aka 주미,고기를 별로 안좋아해서 고기 없이 무국을 끓이는 방법이 없나 팢고 있었는데...횡재를 했네여! 건새우가 톡톡히 한몫을 하네여. 감사합니다 ~,positive,0.9895,0.9895,0.0105
471,7021535,672,5,양초딩,간단하게 잘 끓였어요~ 잘 먹을께요^^ 감사해요~,positive,0.9909,0.9909,0.0091
472,7021536,147,5,kimdinggu,맛있게 잘 먹었습니다! 생각보다 짭짤해서 액젓 조금만 덜 넣어도 될 것 같아요~,positive,0.9915,0.9915,0.0085
473,7021536,657,5,안수정,맛있게 잘 먹었습니다,positive,0.9187,0.9187,0.0813
474,7021536,236,4,강정미,생으로 먹고싶어 찾다가 발견 밥 비벼 먹어두 되겠어요 맛있어요 감사합니다,positive,0.9919,0.9919,0.0081
475,7021543,672,5,양초딩,만두랑 어묵을 따로는 끓여봐써도 같이 끓이긴 처음이네요~ 아이가 좋아하겠어요~ 잘 먹을께요~,positive,0.9914,0.9914,0.0086
476,7021543,128,5,himnae,무가 없어서 걱정은 했는데 만두가 있어서 국물이 더 걸죽하고. 맛있었습니다.,positive,0.9919,0.9919,0.0081
477,7021543,136,5,ironman0202,20분내로 5인분을 완성했음. 담부터는 더 맛있는 어묵을 사용하면 더욱 맛있는 요리가 될 듯..,negative,0.9044,0.0956,0.9044
478,7021546,10,5,13sun,무에서 단맛이 나오고 김치 없이도 밥 한그릇 뚝딱입니다,positive,0.9918,0.9918,0.0082
479,7021550,341,5,나도,간고설굴식 54321 꿀팁이네요 잘 기억했다가 활용합니다,positive,0.962,0.962,0.038
480,7021551,441,5,마랄아,"너무 맛있었어요., 식구들이 먹고 담이 난다고 하네요 ㅎㅎㅎㅎ",positive,0.9917,0.9917,0.0083
481,7021562,470,5,문정,맛있습니다. 엄마가 해주신맛은 못 따라가지만 맛나요. 엄마가 보내 주시기로 했지만 한번 만들어 보고싶어 궈궈!!!!! 액젖을 추가했어요. 깔끔하니 좋습니당~잘 먹었습니다.,positive,0.9922,0.9922,0.0078
482,7021562,30,5,Clannad,잘못해서 통깨를 부어버렸는데 오히려 더 맛있어요^^ 엄마 멸치무침처럼 촉촉하게 되진 않았지만 맛나게 먹었습니다. (저는 청양 3개 넣고 간장이랑 참기름 조금 더 넣었어요) 감사합니다.,positive,0.9918,0.9918,0.0082
483,7021566,11,5,14071407,맛있게 잘 먹었습니다.,positive,0.9448,0.9448,0.0552
484,7021569,231,5,강다혜.민주맘(박은정),맛있게 저녁한끼 먹었어요,positive,0.9901,0.9901,0.0099
485,7021574,947,5,한통,쌈장 진짜 맛있어요!!! 양배추는 처음 삶아봐서 이뿌게 못말았지만 저장해놨다가 또 만들어 먹을래용,positive,0.9922,0.9922,0.0078
486,7021598,657,5,안수정,맛찐입니다,positive,0.5051,0.5051,0.4949
487,7021606,579,5,서현선율맘,금방 뚝딱 만들었어요!! 남편이 맛있다고 하네요. 시간상 한번만 튀겼지만 그래도 맛있어요!! 좋은 레시피 감사합니다^^,positive,0.9923,0.9923,0.0077
488,7021649,87,5,Vlloy,감사해요 남편이 너무 맛있다고 또해달라고 가문어를 사왔네요 ㅋㅋㅋ,positive,0.9916,0.9916,0.0084
489,7021652,424,5,레시피필수,오호~~처음 만들어봤는데 대성공이에요^^ 적당히 달달하고 맛있어요. 처음엔 설탕 물엿 적게 들어가는걸로 했다가 실패했었는데 이건 성공입니다~~맛있는 레시피 감사해요^^,positive,0.9922,0.9922,0.0078
490,7021679,134,5,hyejinjiii,맛있어요 액젓대신 국간장 넣고 멸치육수 대신 코인육수 넣고 간부족한것은 다시다넣었어요 부드럽고 아침으로 먹기 좋네요,positive,0.992,0.992,0.008
491,7021843,279,5,김미애,한입 두입 먹다보니 먹을만해요 ㅎㅎㅎ 오트밀사놓고 처치곤란이었는데 감사합니다,positive,0.9907,0.9907,0.0093
492,7021857,432,5,루피,엄마레시피를 이제야 찾았네요. 엄마고향이 부산이신데 어렸을때 부터 먹던 요게 얼마나 먹고싶었던지... 엄마는 정확하게 계량을 안하셔서 제가 하면 항상 실패했거든요ㅋ 기가막힙니다♡♡♡,positive,0.9895,0.9895,0.0105
493,7021869,336,5,뀨,크 저는 부추버섯 조금 이것저것넣엇는데 소스가 딱 좋아요 제 입맛이에여!!!! 맛나게 되서 기분좋아요!!!감사합니당!!♡♡,positive,0.9923,0.9923,0.0077
494,7021869,173,5,richard.park,맛나게 먹었습니다.. 감사합니다. 새우와만두로 했습니다.,positive,0.9906,0.9906,0.0094
495,7021871,885,5,최은미,간단하고 넘 맛있어요~~ 사진을 넘 못찍었네요~ 요리초보에 굿,positive,0.9923,0.9923,0.0077
496,7021874,754,5,유또유상,도토리묵이 생각나는 맛이네요 어렵게 생각했는데 두부부쳐 맛있게 무쳐 먹었어요,positive,0.9575,0.9575,0.0425
497,7021874,717,5,와니고,감사합니다 너무 맛있네요ㅎ,positive,0.6159,0.6159,0.3841
498,7021874,638,5,썬282,맛있게 잘 먹었습니다!,positive,0.9844,0.9844,0.0156
499,7021882,672,5,양초딩,제가 먹어보니 맛있네요~ 아이반찬이라 아이도 잘 먹으면 좋겠어요~ 감사해요^^,positive,0.9923,0.9923,0.0077
500,7021882,200,5,союн,굿 입니다 ㅎ 전 파프리카도넣고 그대러따라햇는데 맛좋습니다~,positive,0.9921,0.9921,0.0079
501,7021882,362,4,누수주의,확실히 굴소스가 빠지니 약간 밍밍한? 맛이 나는 것 같아요. 설탕은 1스푼만 넣어도 적당해서 더 안 넣었습니다ㅎㅎ,positive,0.8985,0.8985,0.1015
502,7021936,898,5,코코아123,간단한데 맛은 고오급져요! 감사합니다,positive,0.974,0.974,0.026
503,7022045,852,5,지지쥬,고기를 물에 넣는 요리를 두려워하는데 레시피대로 했더니 고기냄새도 안 나고 맛있었어요 7살 아이도 잘 먹었어요,positive,0.9913,0.9913,0.0087
504,7022045,97,5,\- 맛있게,정말 맛있어요 ~^^남편이 맛있다고 놀라워해요 ㅎㅎ,positive,0.9914,0.9914,0.0086
505,7022132,602,5,솜사탕 ♡,레몬수가쓴맛이나면어떻게해야하나요씨를다뺐는데도쓴맛이나요,positive,0.5051,0.5051,0.4949
506,7022233,964,5,홍나비,덕분에 첨으로 궁채장아찌 만들어보았어요~감사합니다 맛있어져라!!!^^,positive,0.9923,0.9923,0.0077
507,7022239,859,5,쩡ㅇ아,감사합니다 잘먹겠습니다,negative,0.5504,0.4496,0.5504
508,7022270,316,5,까칠한코알라,문어 숙회 자체를 처음 해보는데 야들야들 하고 진짜 맛있게 됐어요,positive,0.992,0.992,0.008
509,7022273,633,5,심아무어,맛있게 잘 먹었어요 ~~ 함께 한 분들 칭찬이 엄청났어요,positive,0.988,0.988,0.012
510,7022279,585,5,설잌,와...3차발효까지 부풀고 육안상 완벽했는데 180도15분 에프가문제였는지ㅜㅜㅜㅜㅜ걍 딱딱한^^..그래도 안쪽은 제법 아주약간 빵 비스무리한듯하고 겉에쪽은 전부 걍 과자네요...첫베이킹이라 너무설렜는데ㅠㅠㅠ아쉽..담에 하게된다면 다시한번 잘해볼게여...ㅠㅠ,negative,0.9644,0.0356,0.9644
511,7022381,117,5,ee22,와~ 레시피대로 하니 맛나네요. 정말 대용량이라 냉동실에 소분해두고 먹으려구요.,positive,0.9924,0.9924,0.0076
512,7022381,762,5,윤윤,건강하고 맛있는 음식 감사해요,positive,0.9909,0.9909,0.0091
513,7022381,209,5,♡조금씩날마다꾸준히♡,레서피 감사해요~~~,positive,0.971,0.971,0.029
514,7022430,108,5,ccc77,따라하기 했는데 깻잎반찬 좋아요~♡,positive,0.9913,0.9913,0.0087
515,7022463,77,5,Potato,강아지용이라 통밀가루 대신 쌀가루 사용해서 만들었어요. 강아지들이 너무 좋아해요. 만들기도 쉽고 만드는데 오븐 포함 30분도 안걸렸어요. 레시피를 잘 적어 올려주셔서 쉽게 따라했습니다. 대형견 세마리 키워서 한조각 반씩 나눠줬어요. 너무 좋아하길래 하나 더 만들어서 박스에 Pawzza hut적어서 시어머니네 강아지 가져다줬더니 그 친구도 엄청 좋아했습니다. 좋은 레시피 공유해주셔서 감사해요.,positive,0.9922,0.9922,0.0078
516,7022534,834,5,조윤미,오오 정말 맛있어요!! 식초 들어가니 감칠맛 폭발입니다~ 감사합니다^^,positive,0.9923,0.9923,0.0077
517,7022604,230,5,감뿌르,꿀은 꼭 안넣어두 괜찮은건가용~?? 한번 만들어 봤는데 꿀 없이해서 그런지 그냥 못해서 그런지.. 조금 이상하더라구요 ㅋㅋ 그래도 안쪽은 맛있었어용 좋은 레시피 감사합니다^^,positive,0.9427,0.9427,0.0573
518,7022630,915,1,통사발,"이게 맛있다구요?~~~흠 가족들에게 해주기전에 일단 먹어 볼려고 정확히 계량해서 만들었는데 왜 레몬즙이 들어가야 하는지~~꼭짠 참치에 마요,간장,레몬즙을 넣으니 걸쭉한 비호감에 먹어보니 시큼하니 ~ 남아도는 참치 처리할려고 레시피대로 기대하고 만들어 봤는데 억지로 아까워서 겨우 먹었습니다. 참으로 맛이 있어서 올렸는지 너무 궁금합니다. 이건 호불호도 없을듯 다먹고 너무 짜증나서 올릴려니 남은 재료만",negative,0.9826,0.0174,0.9826
519,7022673,470,5,문정,"물이많았지만, 간딱맞고 맛있게 잘먹었습니다^^ 차리느라사진이없네요^^ 감사합니다",positive,0.992,0.992,0.008
520,7022673,805,5,인초니,진짜 맛있게 먹었네요 먹다보니 사진도 안찍었네요ㅜ,positive,0.9913,0.9913,0.0087
521,7022673,344,5,나만의세상님,음식이 맛깔납니다,positive,0.9801,0.9801,0.0199
522,7022673,352,5,남수연 Sue,맛있어요!^^,positive,0.9875,0.9875,0.0125
523,7022673,225,5,가으니,맛있어요!!,positive,0.9808,0.9808,0.0192
524,7022684,355,5,내이름,밑반찬을 하려 했는데 메인요리였네요 맛있게 잘 먹었습니다,positive,0.9917,0.9917,0.0083
525,7022740,507,5,박매란,저는 더덕을 다듬은 후 소금물에 약 10분 정도 담가두었더니 끋적임이 덜해서 좋았어요. 그리고 설탕 대신 매실액을 2TS 넣었어요!,positive,0.9083,0.9083,0.0917
526,7022766,694,5,연희병아리,맛있었어요^^ 오이랑 명란이 잘어울려서 자주해먹을거같아요!,positive,0.9923,0.9923,0.0077
527,7022766,397,5,드봉♡,"생각보다 너무 맛잇어요~ 3,5살아이들과 함게 먹었습니다~",positive,0.9921,0.9921,0.0079
528,7022775,672,5,양초딩,너무너무 맛있어요~ 제가 한 시금치무침 중에 최고예요~ 아이들이 잘 먹을 것 같네요~ 감사해요^^,positive,0.9924,0.9924,0.0076
529,7022775,418,5,러브쿡80,너무 맛있게 잘되었어요^^잘 먹겠습니다,positive,0.991,0.991,0.009
530,7022775,478,5,미니멀혼밥,맛있어용 ~,positive,0.9751,0.9751,0.0249
531,7022910,457,5,매일등산,정말 안부서지네요. 간도 잘 배어서 좋아요. 감사합니다.,positive,0.9907,0.9907,0.0093
532,7022933,145,5,keri,간단하고 짭쪼름하고 넘나 맛있어용,positive,0.9911,0.9911,0.0089
533,7022945,895,5,캔디처럼이,맛있어요~^^ 감사해요,positive,0.9868,0.9868,0.0132
534,7023043,978,5,후니❤,맛있어용,positive,0.9214,0.9214,0.0786
535,7023051,311,5,김태린,남편이랑 간단하게 너무 잘 먹었어요 저는 양파 반 개도 썰어 넣었습니다~~,positive,0.9919,0.9919,0.0081
536,7023064,42,5,HYGGERY30 Park,들깨가루 없어서 빼고 했어요... 식재료의 맛을 잘 살리는 좋은 레시피입니다. 고맙습니다.,positive,0.9903,0.9903,0.0097
537,7023064,833,5,조우동,하라는대로 했더니 맛있네요. 감사합니다,positive,0.9912,0.9912,0.0088
538,7023077,61,5,Kju8m,전 맛있었는데 좀 짜다고 하시네요 맛보고 소금첨가하는것도 좋을듯요 올리브오일없어서 들기름대체 설탕은뺏어요 그래도 쉽고 맛있어요 감사합니다,positive,0.9879,0.9879,0.0121
539,7023077,690,5,여니혀니복이탱이,맛있게 잘 먹었어요! 절임 없는 레시피 찾다가 해먹었는데 쉽고 맛있어요 저는 설탕을 알룰로스로 대체하고 레몬즙이 없어 양조식초를 넣었답니다~,positive,0.9922,0.9922,0.0078
540,7023077,517,5,박종빈,소스 비유을 몰랐는대 좋네요,positive,0.9815,0.9815,0.0185
541,7023077,649,5,아아이래우,잘해먹었습니다!!,positive,0.9826,0.9826,0.0174
542,7023078,409,5,똘망선우,맛있어요. 파는 뺐어요. 감사 합니다.,positive,0.9911,0.9911,0.0089
543,7023092,281,5,김민주,아주대용량으로1키로만들었어요 표고가너무맛있어서다음번엔더욱많이넣어야겠어요ㅎㅎ 간편하게요리할수있게 적어주셔서감사해요 저는 다시마는 건져내고 메츄리넣었구용 대파1대넣고 다끓이곤 빼냈어요~^^,positive,0.9916,0.9916,0.0084
544,7023171,896,5,코끼리13,옛날 생각이 나서 만들어 봤어요 먹어만 봐서 자신이 없었는데 결과는 대성공이었어요^^ 고추장만으로 무쳐서 볶아도 맛있을 것 같아요,positive,0.9919,0.9919,0.0081
545,7023171,295,5,김영수,간단하고 정말 맛있고 성취감도 있네요,positive,0.9915,0.9915,0.0085
546,7023187,950,5,해와,저는 간편하게 만드는 것을 선호하는데요. 이 레시피는 간단하면서도 새우살이 통째로 씹히는 식감이 좋았어요. 소금 후추에 타임을 조금 더 넣었고 너무 맛있었어요.,positive,0.9911,0.9911,0.0089
547,7023280,187,5,tulins92,"언니 생일 케이크로 만드려고 이것저것 찾아보다가 자도르님의 딸기케이크가 눈에 띄였어요, 그래서 레시피를 이것저것 찾아보다가 만개의레시피에 윤토피아님이 제일 친절하고 정확하게 알려주셔셔 똑같이 만들어보았는데, 예습을 철저히 했더니 능숙능란하게 할수있었습니다! 감사합니다♡",positive,0.9921,0.9921,0.0079
548,7023359,835,5,조트레버스,저도 어린 시절에 쑥버무리 자주 먹었는 데 쑥을 엄청 좋아하는 사람으로써 한번 집에서 만들어서 먹어보고 싶어서 만들어봤는 데 잘 된것 같아요~^^,positive,0.9923,0.9923,0.0077
549,7023393,743,5,운경,"오늘 아침 하라는 레시피 대로 했네요 지금 김 빼고 있네요 맛있게 됬을거라 기대하고 있습니다,좋은 하루 보내세요 ^^",positive,0.9912,0.9912,0.0088
550,7023393,787,5,이영경,처음으로 압력밥솥에 밥 해먹었는데 덕분에 잘 먹었습니다 어려울줄 알고 겁먹었는데 전기압력밥솥보다 쉽네요,positive,0.991,0.991,0.009
551,7023393,553,5,붕경이,쌀은 불려뒀고 밥솥은 고장나고 다행히 압력밥솥은 있고 이 방법대로해서 맛있는 밥 해먹었네요 감사해요,positive,0.9906,0.9906,0.0094
552,7023393,889,5,최형숙,많은도움 되었습니다 ^^,positive,0.9854,0.9854,0.0146
553,7023431,887,5,최종방♥,처음 레시피보고 만들어보았는데.맛있게 잘먹었어요~사진은 못찍어 ㅠ,positive,0.9913,0.9913,0.0087
554,7023456,91,5,Yeom Jihye,저는 겉피한 들깨가루가 있어 같이 넣어 무치니 고소하고 맛있었어요~ 파를 이렇게 많이 먹긴 처음 입니다 ㅎ,positive,0.9921,0.9921,0.0079
555,7023456,382,5,더워도 푸르름 속에 있으니 좋구나~,쪽파를 지인이 주셔서 레시피 찾아보다 따라 해 봤는데 맛있게 잘 먹었어요,positive,0.9918,0.9918,0.0082
556,7023456,305,5,김주희,맛있게 됬어요~ 간단한데 맛있네요,positive,0.9888,0.9888,0.0112
557,7023475,103,5,apple,"네, 아주좋았어요. 사진과후기 정책은 어떻게하는지 몰라서 올리지못해서 미안해요.",positive,0.9462,0.9462,0.0538
558,7023496,703,5,오기♥️,맛있어요.,positive,0.9258,0.9258,0.0742
559,7023607,703,5,오기♥️,맛있어요.,positive,0.9258,0.9258,0.0742
560,7023625,547,5,봄토토끼,배추 양이 적어서 소스 반배합 했는데 5살아이랑 같이 맛있게 잘먹었습니다~ 감사합니다,positive,0.9919,0.9919,0.0081
561,7023625,703,5,오기♥️,맛있어요.,positive,0.9258,0.9258,0.0742
562,7023640,5,5,. . .,쌈장엔 한번도 안해봤는데 상당히 맛있었어요. 이렇게 또 하나 배우네요.,positive,0.99,0.99,0.01
563,7023640,896,5,코끼리13,아주 맛있었어요~ 만드는 레시피도 간단해서 만들어 먹기 쉬웠어요,positive,0.9923,0.9923,0.0077
564,7023722,650,5,아이들 사랑,나오는 재료로 해보니 너무 맛있어요,positive,0.9914,0.9914,0.0086
565,7023754,703,5,오기♥️,맛있어요,positive,0.8078,0.8078,0.1922
566,7023979,308,5,김지영,막판에 누룽지 빨리 생기라고 센불로 했다가 다 태워먹을뻔..ㅜㅜ 또 하나 배웠어요 누룽지는 약불에서 만들어진다는것!!ㅎㅎ 비록 누룽지는 실패했지만 닭백숙 너무 맛있게 잘 먹었습니다^^ 저는 통 닭다리 백숙 해먹었어요ㅋ간편하고 자세한 레시피 감사해요♡♡,positive,0.9922,0.9922,0.0078
567,7024045,626,5,신shi,올리브유 대신 설탕...인데 올리고당 아닌가요 ㅠㅠ,negative,0.9927,0.0073,0.9927
568,7024094,526,5,배다울이,정말 맛있게 먹었어요~!! 간도 딱 맞아서 남은 소스로 볶음밥도 해 먹었답니다♡ 계속 실패했었는데 이번에는 성공해서 너무 기분좋은 저녁이었요 감사합니다 ♡ 먹느라 사진도 못찍었네요 ㅎㅎ,positive,0.9923,0.9923,0.0077
569,7024119,747,5,워니혀기애비,덕분에 빠른시간에 맛있는 제육을 만들었습니다. 감사합니다.,positive,0.9914,0.9914,0.0086
570,7024119,658,5,안연화,맛있쪄요 저녁에 울아들 볼땡이 터지것어요 감사감사~~^^,positive,0.9346,0.9346,0.0654
571,7024119,552,5,불멸계산기,저녁에 맛있게 먹을게요,positive,0.9863,0.9863,0.0137
572,7024143,144,5,kbird,너무 맛있네요!! 저는 개두릅양이 많아서 양념을 조금씩 더 넣었더니 꿀맛이네요!,positive,0.9921,0.9921,0.0079
573,7024143,955,5,허브향기애,특유의 쓴맛과 양념이 조화롭네요♡ 넘 맛있어용,positive,0.9924,0.9924,0.0076
574,7024201,217,5,ㅇㅅㅇ,아침에 레시피 순서대로 하니까 대기시간없이 후루룩 잘 만들어 먹었어요 감사합니다:),positive,0.9918,0.9918,0.0082
575,7024201,781,5,이미연,아이들에게 두부만 부쳐서 해주다가 이 레시피 알고나서는 이것만 해주고있어요. 식물성동물성 단백질 골고루 섭취할수있고 맛도 있어서 애들도 잘 먹으니 좋더라구요ㅎㅎ 레시피 공유해주셔서 감사합니다.^^,positive,0.9923,0.9923,0.0077
576,7024201,953,5,햄토리,"저는 두부에 소금뿌리고 수분제거하는게 귀찮아서 계란물이 담가서 부친뒤에 만들었어요 맛술이 떨어져서 청양고추 조금 넣었고, 유부초밥 만들어서 같이 먹었는데 맛있네요^^",positive,0.9916,0.9916,0.0084
577,7024201,741,5,우웅,진짜 맛있어요 아이도 완밥 구운 두부에 간이 잘 베어서 더 맛있네요,positive,0.9921,0.9921,0.0079
578,7024201,913,5,토끼토요리사,맛있어요:) 간단하게 만들기 좋고 맛도 있어서 좋아요~~,positive,0.9921,0.9921,0.0079
579,7024201,547,5,봄토토끼,정말 맛있게 잘먹었습니다~,positive,0.987,0.987,0.013
580,7024211,758,5,유준엄마☺,고기랑 같이 먹으니 최고입니다,positive,0.9919,0.9919,0.0081
581,7024219,815,5,장주현,간단하고 쉽네요 먹을만큼 나누어서도대니,positive,0.9917,0.9917,0.0083
582,7024245,863,5,쭈노당,저는 생크림이 없어서 모양잡기는 실패했네요 다음에 생크림넣고 다시 해볼게요,negative,0.9232,0.0768,0.9232
583,7024519,15,5,52o,덕분에 쉽게 삶을 수 있었어요,positive,0.9871,0.9871,0.0129
584,7024580,171,5,qwaszxc,우와! 후기없어서 쪼금 반신반의했는데 왠만한 양꼬치집 온면보다 나은거같아요!ㅋㅋㅋ 옥수수면이 없어서 중면으로 했고 따로삶기 싫어서 후라이팬에 중간쯤 넣어서 걸쭉하게햇는데 진짜개마싯어여,positive,0.9913,0.9913,0.0087
585,7024668,936,5,하늘이하얗다,그대로 따라했는데ㅠㅠ고추장을 안넣는게 좋을 것 같아요..ㅠㅠ,negative,0.8869,0.1131,0.8869
586,7024671,672,5,양초딩,아이가 열나서 끓여봐써요~ 조리법도 쉽고 보기에도 좋네요~ 잘 먹이고 나을께요~ 감사해요^^,positive,0.9924,0.9924,0.0076
587,7024671,668,5,얄로루,몸이 아팠는데 정말 맛있게 잘 먹었어요 감사해요-!,positive,0.9922,0.9922,0.0078
588,7024687,653,5,안뇽,덩어리 않나오고 잘 섞기내요 감사합니다,positive,0.9783,0.9783,0.0217
589,7024692,169,5,pk0527,애들이 좋아해요 맛있어요,positive,0.9906,0.9906,0.0094
590,7024803,604,5,송도경,된장넣고삶는게 신의한수였더거갔습니다,negative,0.8704,0.1296,0.8704
591,7024855,68,5,Michelle P,맛있어요~ 간단하게 해먹기 좋네요^^,positive,0.9921,0.9921,0.0079
592,7024885,14,5,525,삶은달걀 레시피를 몰라서 우연히 찾다가한번 골라서 저도 해봤어요~!^^ 좋은 정보 감사해요 ㅎㅅㅎ,positive,0.9921,0.9921,0.0079
593,7024885,523,5,방@봉,너무맛있는게 먹었어요 ㅎ,positive,0.9757,0.9757,0.0243
594,7024887,603,5,솜솜,맛있네요 저는 팽이랑 당근추가해서 먹었습니다 요리과정도 간단하고 한끼로 너무맛있어요,positive,0.9922,0.9922,0.0078
595,7024950,654,5,안뉴야,저 심각한 a1을 무료나눔하려다 맛도리 소스로 만들어주다니 김사하옵니다,negative,0.977,0.023,0.977
596,7025081,703,5,오기♥️,맛있어요,positive,0.8078,0.8078,0.1922
597,7025108,568,5,새로미7,"정리하다가 툭 튀어나온 건죽순 한봉지를 요리 해야겠기에 레시피를 찾다가 티나선생님 레시피를 발견했네요 언제 말렸는지 기억도 가물거리는 죽순을 물에 불리고 삶아 놓은지 삼일째 되는날!!! 멸치육수 한스푼, 다시마, 참치액... 집에 있는 재료 넣고 따라했더니 완전 고기맛이네요~ 좋은 레시피 공유해 주셔서 감사합니다~^♡^",positive,0.992,0.992,0.008
598,7025169,376,5,단미88,명란1개로해서 양념 조금 줄여서 했더니 밥 한공기 뚝딱했어요! 넘나 맛있네요,positive,0.9922,0.9922,0.0078
599,7025216,863,5,쭈노당,참치 마요 덮밥 만들어보았습니다 맛은 최고 이고 김가루도 넣으면 맛있지만 후추는 언제 넣는지는 몰라서 패스 했습니다 레시피에 안적혀 있어서요,positive,0.9075,0.9075,0.0925
600,7025216,477,5,미니럽,맛있게 먹었습니다^^,positive,0.9857,0.9857,0.0143
601,7025216,353,5,남지화,굿~~ 너무 맛있어요,positive,0.9837,0.9837,0.0163
602,7025286,30,5,Clannad,항상 잘 따라해먹고 있어요^^ 늘 쉽고 맛있는 레시피 감사합니다~~,positive,0.9922,0.9922,0.0078
603,7025310,587,5,성장하며 행복한 여자,맛있어요~~,positive,0.9306,0.9306,0.0694
604,7025367,941,5,하융으왕,ㅎㅎ재밌는 레시피로 묵혀둔 꽃게로 찜해서 잘먹었습니다. 감사합니다.,positive,0.9919,0.9919,0.0081
605,7025373,905,5,클로우버,너무 맛있네요~ 처음에는 마늘쫑에 양념이 안배어 따로 노는것 같았는데 조금식으면서 괜찮아졌어요 계속 집어 먹게되네요^^,positive,0.992,0.992,0.008
606,7025373,978,5,후니❤,맛있어용,positive,0.9214,0.9214,0.0786
607,7025424,363,5,뉴뉴뉴냐냐년,사진이 없는데 이거 진짜 맛있어요!! 저는 무 삶은 물에 코인육수 하나 넣고 온통 다 청양고춧가루로만 했더니 밥 비벼먹으면 최고예여ㅠㅠㅠㅠ,positive,0.9918,0.9918,0.0082
608,7025424,629,5,신종국,청량고추 안 넣어도 매콤한게 무무에 양념이 잘 배겨 맛있습니다. 전 마지막에 약한불로 20분 조렸습니다,positive,0.9893,0.9893,0.0107
609,7025424,36,5,EUNJINCHOI,완전맛있어요!!ㅋㅋㅋㅋㅋ 두번째 해먹는중입니다!,positive,0.9924,0.9924,0.0076
610,7025442,623,5,시우니엄마,"쌀이 수분많은 백진주쌀이라 물을 좀 덜 잡았더니 밥이 눌었어요~ 다음엔 레시피대로 잡아야겠어요! 근데 너무맛있어요~! 간이 진짜 딱 떨어지네요. 요리과정도 복잡하지 않아서, 자주 해먹게 될 것 같아요.",positive,0.9922,0.9922,0.0078
611,7025442,534,5,별가,맛있어요! 햇님님꺼 먹방 영상 보고 따라해봤어요! 저는 그린 올리브 사려다 집에 블랙 올리브 많길래 그걸로 해봤는데 그것도 맛있었어요! 스팸도 없어서 베이컨으로 대체하고 올리브유도 많지는 않아서 양파랑 베이컨 볶을때 버터 넣고 마지막 마무리에만 올리브유 둘렀는데 좀더 양식 느낌 나고 좋네요~,positive,0.9922,0.9922,0.0078
612,7025442,965,5,홍수정,매번 잘 해먹고 있습니다. 최애 레시피예요. :),positive,0.9911,0.9911,0.0089
613,7025483,224,5,가영화-,스테이크 소스 빼고 했는데 최고의 맛이었어요,positive,0.992,0.992,0.008
614,7025527,368,5,다시일상으로,만들기도 쉽고 맛도 최고입니다 국물에 밥비벼 먹으니 완전 꿀맛이네용~,positive,0.9925,0.9925,0.0075
615,7025527,763,5,윤은주,아들과 함께 맛있게 만들었어요~!!,positive,0.9916,0.9916,0.0084
616,7025533,378,5,단풍나무,감사드려요,negative,0.6348,0.3652,0.6348
617,7025585,275,5,김경순/sun127899,좋은정보 감사합니다,positive,0.8142,0.8142,0.1858
618,7025589,240,5,걸크러쉬수달,감사 합니다. 덕분에 우리 아들에게 요리 해줬어욤^ ^,positive,0.9902,0.9902,0.0098
619,7025589,3,4,-갈지마오2,늘 잘보고있어요. 감사합니다,positive,0.9885,0.9885,0.0115
620,7025626,576,4,서연,맛있어요,positive,0.8078,0.8078,0.1922
621,7025646,545,5,복이와요,어주 맛있게 잘 먹었습니다 ~!!!,positive,0.9916,0.9916,0.0084
622,7025703,857,5,진우민재,"몇번째 해먹고 있어요~ 재료, 요리법 간단한데 맛있는 가성비 요리법인 듯",positive,0.9922,0.9922,0.0078
623,7025703,922,5,펭랍,너무 맛있게 먹었어요! 초간단하니 짱짱,positive,0.9921,0.9921,0.0079
624,7025762,610,5,수현파더,새우젖이 없어서 까나리 넣었더니 그것도 갠춘갠춘 입니다.맛나게 성공!! 레시피 감사드립니다,positive,0.9921,0.9921,0.0079
625,7025762,978,5,후니❤,맛있어용,positive,0.9214,0.9214,0.0786
626,7025801,905,5,클로우버,구수하니 맛있네요~레시피 감사해요^^,positive,0.992,0.992,0.008
627,7025801,248,5,고성댁♡,너무고소하고 너무맛있어요!!,positive,0.992,0.992,0.008
628,7025833,836,5,죠세핀리,저는여기에다진마늘살짝추가해봤어여ㅋ그것도나쁘지않네요~덕분에맛있게잘만들었서욤♡♡,positive,0.992,0.992,0.008
629,7025833,206,5,♡새벽별♡,오늘 만들어봤습니다^^ 멸치액젓과 국간장은 0.3~0.5Ts이 짜지않고 제경우엔 괜찮았습니다.. 레서피 감사해요♡,positive,0.9916,0.9916,0.0084
630,7025833,932,5,피오나여왕,매콤한 콩나몰 무침 아주 굿 이였습니다,positive,0.9921,0.9921,0.0079
631,7025833,672,4,양초딩,저는 조금 싱거워서 마지막에 맛소금 쪼금 더 넣었더니 살짝 짜져써요~ 그래도 맛있게 잘 먹을께요^^,positive,0.9881,0.9881,0.0119
632,7025833,145,4,keri,잘 먹었습니당,positive,0.943,0.943,0.057
633,7025990,444,5,마요,진짜진짜 넘 맛있어요!!!!!! 소스도 넘 맛있움! 냉동 닭다리살은 저희 집 쟁여템이라서 조만간 또 만들어 먹을 거 같아용! 레시피 넘 감사합니다♥️♥️,positive,0.9924,0.9924,0.0076
634,7025990,769,5,율들이,맛있어요! 올리고당은 1수저 줄였어요~ 감사합니다,positive,0.9916,0.9916,0.0084
635,7025990,33,5,DaAe Kim,우왕! 엄청 맛있어요! 감사합니다,positive,0.9917,0.9917,0.0083
636,7025990,620,5,시링구,맛있어요 ㅎㅎ,positive,0.965,0.965,0.035
637,7025990,822,5,정민경,맛있네요,positive,0.7847,0.7847,0.2153
638,7025990,304,5,김종훈,맛있어요,positive,0.8078,0.8078,0.1922
639,7025990,761,5,윤연숙,최고,positive,0.8068,0.8068,0.1932
640,7026010,145,5,keri,엄마 생신때 끓여드렸어요^^,positive,0.9892,0.9892,0.0108
641,7026034,967,5,홍홍홍1212,맛있어요!!! 꿀빼고 만들었는데 브로콜리 싫어하는 아이가 싹싹 먹었어요,positive,0.9922,0.9922,0.0078
642,7026034,340,5,나니별화,맛있어요! 반찬으로 충분해요!,positive,0.9923,0.9923,0.0077
643,7026150,512,5,박선화,너무 맛있어요^^,positive,0.9878,0.9878,0.0122
644,7026152,80,5,Sarah kwak,쉽고 자세한 설명 감사드려요. 이젠 자주 해먹을것 같아요,positive,0.9917,0.9917,0.0083
645,7026182,151,5,ks670520,시집간 딸이 임신을해서 간장게장을 넘먹고싶어해서 떨리는 맘으로 기절꽃게를 사서 게딱지 다떼고 처음간장게장에 도전해보았습니다 성공했습니다 재료주신거 하나도 안빼고 해보았는데 넘 맛있다고 딸아이가 앉은자리에서 3마리나 먹더라구여 ㅋ 좋은요리정보 넘감사합니다 건강하시고 행복하셔요~^^,positive,0.9922,0.9922,0.0078
646,7026187,816,5,재영정현아빠,아내가 엄청 좋아해요.,positive,0.9868,0.9868,0.0132
647,7026203,731,5,요리좋아하는아빠,덕분에 잘먹고 있어요 이건 아닌건 같다 싶은건 다 뜯어냈어요 먹고 자고 일어나서 리뷰 썼어야하나,positive,0.975,0.975,0.025
648,7026245,343,5,나를 찾는 시간,머늘종 먹고 싶어 햤는데 같이 볶은 멸치도 넘 맛있어서 순삭했어요~! 이 레시피 스크랩~♡,positive,0.9923,0.9923,0.0077
649,7026245,646,5,아리샘,맛있게됬습니다.~잘먹겠습니다.^^,positive,0.9813,0.9813,0.0187
650,7026278,897,5,코스트코출퇴근러,처음 도전해봐서 걱정이었는데 너무 맛있어요 자신감이 생겼어요 감사합니다,positive,0.9918,0.9918,0.0082
651,7026278,209,5,♡조금씩날마다꾸준히♡,레서피 감사해요! 오이가 너무 굵어서 싸기가 좀 힘들었네요. 다여트 식단에 추가합니다.,positive,0.9892,0.9892,0.0108
652,7026278,229,5,갈이,아 사진이 없는데 의외로 맛있어요!! 쌈장없어서 대신 초고추장 올려서 먹고 크래미샐러드있길래 올려먹었는데 둘다 겁나맛있네요ㅋ,positive,0.9919,0.9919,0.0081
653,7026278,746,5,울트라앵심이,단촛물&땡초쌈장이 치트키네요~,negative,0.6681,0.3319,0.6681
654,7026292,593,5,셈솜맘,영상보고 오늘 해볼려고 하는데 자세한 어남선생 레시피 감사해용^^ 생강 1T가 아니고 2T네요ㅋㅋ 어제 미리 양념숙성해놓을라고 양념만 해놓고 맛봤는데 어쩐지 생강향이 많이 안난다했어요ㅎㅎ 오늘가서 1T 더 넣어야겠어욯ㅎ,positive,0.9816,0.9816,0.0184
655,7026292,83,5,TAK이네,아들이 좋아해서 처음으로 해봤어요. 정말 맛있게 됐어요. 물+식초에 20분 재웠더니 비린내도 없이 잘 됐어요. 자세한 레시피 감사해요. 어머니 드릴려고 또 만들었어요. 3일째 드릴거예요. 팁 하나드리자면 먹기 힘든 집게발은 라면 끓일때 넣어 보세요. 국물이 끝내줘요.,positive,0.9921,0.9921,0.0079
656,7026292,414,5,뚱이뭉치,"어려운줄알았는데덕분에넘쉽게만들수있어서감사드리고평생이방법을고수할께요,ㅋ 감사합니다!",positive,0.9912,0.9912,0.0088
657,7026292,655,5,안도연,저도 도전해보려구요 식초에 담가놓고 그담에 헹구나요?,positive,0.9275,0.9275,0.0725
658,7026299,719,5,왕초보,완성작을 못 찍어서 먹다 찍은 사진으로ㅋㅋㅋ 토마토랑 배추김치의 조합이 너무 좋네요!,positive,0.9921,0.9921,0.0079
659,7026299,726,5,요리연굽,호기심에 마침 토마토도 있어서 레시피데로 해봤는데 완전 환상적인 고급요리네요.새요리 배워서 넘 기뻐요 감사합니다,positive,0.9922,0.9922,0.0078
660,7026299,334,5,꿈먹은벙어리,토마토 조금 넣었는데 더 넣어서 다시 해 볼게요!,positive,0.986,0.986,0.014
661,7026464,921,5,퍼떡먹고치아뿌라,옛날에 해먹었던 갱죽이 생각나 레시피를 찾아 보았더니 많이 올라와 있네요. 주의할것은 콩나물을 일찍 넣으면 비린내가 안 나요. 조리 순서를 바꿔보았더니 맛있네요.,positive,0.9896,0.9896,0.0104
662,7026469,34,5,Dexter,정말맛있는 레시피입니다! 파프리카는없어서 안넣었지만 시골에고추가많아서 처음으로 해봤는데 밥도둑이네요,positive,0.9922,0.9922,0.0078
663,7026469,893,5,칼미아,여름필수 밥도둑 쉬운 레시피덕에 잘 만들었네요,positive,0.9918,0.9918,0.0082
664,7026503,145,5,keri,감동적인 맛이에요❤,positive,0.9445,0.9445,0.0555
665,7026549,770,5,으응 난,맛있게 잘 먹었습니다,positive,0.9187,0.9187,0.0813
666,7026599,732,5,요리초보솔,이 레시피 참고해서 마요네즈 2.5 큰술 와사비 3 작은술 알룰로오스 한바퀴 식초 조금 해서 먹었는데 파는것만큼이나 맛있었어요 좋은 레시피 감사합니다^^,positive,0.9923,0.9923,0.0077
667,7026641,293,5,김연희,묵은지로 도전^^~,positive,0.9796,0.9796,0.0204
668,7026699,775,5,은찬,너무 맜있어요 중2남자인데요즘 요리하면서 힐링하네요,positive,0.8823,0.8823,0.1177
669,7026699,269,5,금계당,맛있고 저한테 필요한 요리였어요.,positive,0.9917,0.9917,0.0083
670,7026699,210,5,♡쩡~여사^^♡,우유랑 치즈로 이런맛을 내다니,negative,0.9231,0.0769,0.9231
671,7026723,893,5,칼미아,와~~맛이 미쳤네요ㅎ,negative,0.9329,0.0671,0.9329
672,7026760,703,5,오기♥️,맛있어요,positive,0.8078,0.8078,0.1922
673,7026776,844,5,준이 빈이 엄마,정신 차리니까 다 먹고 없어서 사진은 못찍었어요. 양념장으로 미리 비벼 놓으니까 국수가 더 진한 국물로 변해서 맛있었어요.,negative,0.5132,0.4868,0.5132
674,7026841,24,5,BongjiNoodle,덕분에 맛있게 먹었습니다 감사합니당,positive,0.9889,0.9889,0.0111
675,7026873,812,5,임종애,기발한 아이디어내요,positive,0.8428,0.8428,0.1572
676,7026912,374,5,단결!!!,맛있는 레시피 감사합니당~~^^,positive,0.991,0.991,0.009
677,7026914,209,5,♡조금씩날마다꾸준히♡,맛있게 잘 먹었습니다.,positive,0.9448,0.9448,0.0552
678,7026923,178,5,solnyang,만들어서 순삭했네요ㅎㅎ 생와사비는 없어서 못넣었지만ㅜㅜ 그래도 맛있게 잘먹었습니다~!,positive,0.9913,0.9913,0.0087
679,7026944,568,5,새로미7,감자반찬 할때마다 부서져서 속상했는데 이 레시피로 하니 정말 하나도 안 부서지네요 준비하는 과정만 시간이 좀 걸리는데 다른일 하면서 충분히 가능해요 별 재료없이 반찬하나 뚝딱해서 너무 기뻐요ㅎㅎ,negative,0.8723,0.1277,0.8723
680,7026983,551,5,불멸,쉐프님은 항상 부지런하세요 오늘도 마늘 조림 맛있게 해먹었어요 제철이어서 그런지 더 쫀득하고 맛있네요 감사합니다^^,positive,0.991,0.991,0.009
681,7027008,760,5,윤슬18,마침 냉장고에 재료가 다 있어서 불 앞에 있기도 버거운 날에 맛나게 잘 먹었습니다,positive,0.9914,0.9914,0.0086
682,7027008,342,5,나란련좋은련,너무맛있어요 !!! 식초가없어서 못넣고 매실청대신 갈아만든배를 넣엇지만 너무맛있는 저녁이엇어요,positive,0.992,0.992,0.008
683,7027008,709,5,오수현,양념을 좀 많이 넣어서 그렇지 맛있어요!,positive,0.9897,0.9897,0.0103
684,7027008,383,3,뎌니,제 입에는 짰어요ㅠㅠ한번 먹어본것만으로 만족합니다,positive,0.9212,0.9212,0.0788
685,7027044,704,5,오누렁,이 소스 정말 맛있어요! 야채는 있는데 드레싱소스가 없어 고민하다 요 레시피보고 바로 따라해봤는데요 까다로운 남편한테도 완전 취향저격입니다^^ 올리브오일이랑 후추조합도 한번 먹어봐야겠어요 감사해요~~~♡♡,positive,0.9923,0.9923,0.0077
686,7027044,9,5,1201호새댁,소스 너무 맛있어요! 마트에서 샐러드 소스 살 필요가 없네요ㅋㅋ 레시피 감사합니다!!^_^,positive,0.9923,0.9923,0.0077
687,7027044,707,5,오드리915,급하게 만든건데 맛있어요,positive,0.9894,0.9894,0.0106
688,7027044,388,5,동그래,진짜 간단하고 맛있어요,positive,0.9875,0.9875,0.0125
689,7027077,960,5,혜성맘 까꿍,맛있게 먹었어요,positive,0.9467,0.9467,0.0533
690,7027080,631,5,신현덕,레시피대로 만들었더니 만족스럽게 그리고 맛있게 잘 만들어졌네요 감사합니다~~,positive,0.9923,0.9923,0.0077
691,7027134,842,5,주얼리,"양념레시피대로 무쳤는데,,,너무 맛있네요ㅎ수육이랑 먹었는데,,,너무 잘먹었습니다^^",positive,0.9919,0.9919,0.0081
692,7027153,703,5,오기♥️,맛있어요,positive,0.8078,0.8078,0.1922
693,7027157,390,5,두릎두릎,잡내나 느끼함 없이 맛있네요 첫 수육 이었는데 덕분에 대성공 이었습니다,positive,0.9922,0.9922,0.0078
694,7027157,970,5,화이팅맘47,첫 수육인데 냄새안나고 부드럽고 아들이 맛있다고 잘 먹네요,positive,0.9921,0.9921,0.0079
695,7027181,145,5,keri,맛있어용~~~,positive,0.961,0.961,0.039
696,7027293,877,5,초미니,들깨 씻는 법도 배우고 통들깨 처음으로 볶았어요. 쿠키에 넣을 재료인데 잘 사용할게요~,positive,0.992,0.992,0.008
697,7027361,443,5,마리앤,"맛있네요.ㅎ 계란노른자, 대파, 김자반 까지 넣으니까 더 맛있어요.",positive,0.9919,0.9919,0.0081
698,7027443,338,5,나나,레시피대로 하긴했으나 오리훈제 기름은 최대한 없애고 해도 맛잇네여!! 레시피덕분에 맛나게햇네용ㅎ.ㅎ감사합니다!,positive,0.9922,0.9922,0.0078
699,7027505,341,5,나도,오이 얇게 자르고 소금간 후 물기 꼭 짜서 참기름 살짝 오도독오도독,negative,0.7288,0.2712,0.7288
700,7027511,930,5,프로하로맘,먹을수록 끌리는 맛이네요.. 살빼야되는데 빵을 두개나 먹어버렸어요ㅠㅠㅠ,negative,0.9606,0.0394,0.9606
701,7027511,935,5,하늘의그리움,일전에 건조딜로 만들었을때는 그저 그랬는데 오늘 싱싱한 딜과 레몬을 짜서 만들었더니 너무 맛있네요~ 감사합니다~~^^,positive,0.9922,0.9922,0.0078
702,7027511,937,5,하니뽀,먹을 수록 끌리는 맛! 베이글과 찰떡궁합입다. 오이 식감이 좋아요,positive,0.9921,0.9921,0.0079
703,7027511,178,5,solnyang,베이글이나 빵에 발라먹기 너무 좋습니다 잘 만들어 먹었습니다 :),positive,0.9922,0.9922,0.0078
704,7027511,617,5,스파니엘,"단백한 맛~ 빵, 야채 ㅈ 다 잘어울리는 맛이에요~",positive,0.9917,0.9917,0.0083
705,7027511,917,5,파워걸걸,딜없이 맹글어 봤네요 맛이 엄청나군요^^,positive,0.9451,0.9451,0.0549
706,7027518,848,5,지수 맘,두부찌개 맛있게 잘먹었습니다. 새우젖으로 한건 첨인데 제입맛에 딱이에요~~~!,positive,0.9921,0.9921,0.0079
707,7027518,195,5,youngbin park,엄차으싱겁고맛이없네요 따로 간을해야할듯요,negative,0.997,0.003,0.997
708,7027519,569,5,새벽녘,안먹던 아이가 맛있다고 더달라고 하네요 감사합니다~~~,positive,0.9905,0.9905,0.0095
709,7027519,145,5,keri,양념이 짱이에요~~,positive,0.9909,0.9909,0.0091
710,7027523,434,5,류호문,맛있게 잘먹었습니다 감사합니다,positive,0.9538,0.9538,0.0462
711,7027533,208,5,♡정미희♡,햄 대신 어묵이 집에 있어서 했어요 아이가 맛있다고 해서 기분 좋았네요^^ 다음에 또 해보려구요 감사합니다,positive,0.9923,0.9923,0.0077
712,7027560,380,5,당근잉,여기서 몇가지 골라서 해봤는데 여기 레시피가 최고네요 !! 콩나물을 처음부터 안넣고 중간에 넣는게 아삭함을 살릴 수 있어서 좋네요 ♡,positive,0.9921,0.9921,0.0079
713,7027560,268,5,글인,덕분에 맛있는 음식 만들어 먹었어요..간단하게 만들면서 맛은 최고,positive,0.9915,0.9915,0.0085
714,7027624,630,5,신종주,맑은 미역국을 좋아하는데 여름에 냉미역국으로 드시면 정말 좋습니다. 식초 조금 넣고 오이 채썰어 넣고...,positive,0.9809,0.9809,0.0191
715,7027676,163,5,mydreamed,"저는 쇠고기다시다를 큰수저한스푼더 넣었더니 더맛있었어요. 약간 밍밍 하였는데, 올해심은 청량고추 모종이 고추가 어찌나 맵던지~그래서 해보게되었는데 맛나게 잘먹을께요 ^o^",positive,0.9914,0.9914,0.0086
716,7027676,736,5,요린이주방장,조리후 너무 매워서 먹을수 있을까~?? 했는데 칼칼하고 고기랑 같이 먹어도 좋을것같아요~ 너무 맛나네요♡♡,positive,0.9923,0.9923,0.0077
717,7027794,674,5,어린환자,담백하면서도 밥이 술술 잘 넘어가네요! 간단하고 맛있습니다,positive,0.9924,0.9924,0.0076
718,7027794,366,5,닉네임이중복되었읍니다,쉽고 불 안쓰고 맛잇어요 두번 해먹엇어요,positive,0.9919,0.9919,0.0081
719,7027913,413,5,뚱♩♪♬,저는 소고기. 파.무.숙주만 넣고 했어요( 액젓만빼고)양념가르쳐주셨는데 저희집은 액젓들어간 국은 잘안먹어서ㅎㅎ 암튼 오즈님 감사합니다,positive,0.5698,0.5698,0.4302
720,7027916,749,5,위사,살짝 매콤하면서 달콤해서 맛있게 먹었어요~^^,positive,0.9921,0.9921,0.0079
721,7027953,841,5,주아,간단하고 조리하기 쉬워요 :) 엄청 맛있습니당 ㅎㅎ,positive,0.9921,0.9921,0.0079
722,7027984,725,5,요리도 잘 하고 싶어요,먹기 편하게 썰어서 버무려 봤어요 샐러리 향도 덜하고 맛있네요 맛있는 레시피 감사합니다,positive,0.9912,0.9912,0.0088
723,7027984,196,5,yunatomy,레몬없어서 쌈장.마요네즈만 넣어도 맛있네요,positive,0.9912,0.9912,0.0088
724,7028099,693,5,연희♡♡,너무 맛있게 잘 담았어요~~~ 가족들이 너무 맛있데요 감사합니다^^,positive,0.9915,0.9915,0.0085
725,7028151,504,5,바보귤,엄마가 맛있다고 또 해달래요 ㅋㅋㅋㅋ 아빠입맛에도 딱이라고 좋아하셨어요,positive,0.9922,0.9922,0.0078
726,7028155,791,5,이은영안또니아,자녀가 너무 맛있게 먹네요 먹었던 떡볶이중에 최고로 맛있어요 감사합니다 최고십니다!,positive,0.9922,0.9922,0.0078
727,7028185,70,5,Minmin7,맛있게 잘 만들어 먹어요. 전 식초양을 20 미리 줄였어요.,positive,0.9908,0.9908,0.0092
728,7028339,463,5,모모2,"얼마전 사놓은 앞살이 있고 단짠이 땡겨 먼저 퇴근해 시도 해밧는데,간단한 레시피에 아내와 감탄하면서 한끼 잘 먹었습니다~ 좋은 레시피 알려 주셔서 감사합니다~",positive,0.9923,0.9923,0.0077
729,7028339,152,5,lalala,이거 정말 맛있어요 !! 목살 갈비 다른 레시피 따라했다가 몇번 망했는데 이건 정말 맜있네요,positive,0.9921,0.9921,0.0079
730,7028339,886,5,최은형,덕분에 아주 맛있게 ~성공했어요~ 감사합니다~~^-^,positive,0.9906,0.9906,0.0094
731,7028339,900,5,콩언니,달달하니 맛있어요~~ 감사합니다^^,positive,0.9913,0.9913,0.0087
732,7028339,250,5,공산당,맛있네요 감사합니다,positive,0.6721,0.6721,0.3279
733,7028383,41,5,Guard,복날 맛있게 너무 잘 보냈어요 레시피 감사합니다,positive,0.9912,0.9912,0.0088
734,7028397,145,5,keri,누구나 좋아할 맛이네요!!,positive,0.9906,0.9906,0.0094
735,7028466,753,5,유니홍홍,"마요네즈가 똑 떨어져서 만들어하느라 시간이 좀 걸린거..안 그랬다면 정말 후다닥! 만들어 도시락 싸 보낼 수 있어요. 맛도 좋고, 싸기도 좋고.. 또 맛있는거 올려주세용~~~^^",positive,0.9924,0.9924,0.0076
736,7028466,325,5,꽁아짱,오~ 맛있어요~♡ 크래미넣으니 더맛나요~ 감사합니다 ♡.♡,positive,0.9918,0.9918,0.0082
737,7028466,256,5,구리구리당당,맛있어요,positive,0.8078,0.8078,0.1922
738,7028479,1,5,%★￦,잔멸치로했는데 맛있어요! ㅎㅎ 기름 없이 멸치볶을때 덜 볶아졌나봐요. 다음에 더 볶아서 바삭하기만 하면 완벽할 거 같아요.,positive,0.9921,0.9921,0.0079
739,7028479,535,5,별과나,맛있어요 견과류가 호두밖에 없어서 좀 아쉽지만 ^^ 질 먹겠습니다,positive,0.9909,0.9909,0.0091
740,7028479,580,5,서현아,"중 멸치는 처음이였는데, 자심이 조금 생기네요.",negative,0.7446,0.2554,0.7446
741,7028479,26,5,Bruce - LEE,그냥 감탄!^^ 나도 할수있구나! 멸치볶음 정복,positive,0.9862,0.9862,0.0138
742,7028479,371,5,다정이,너무 맛있어요 감사합니다 ~~^^,positive,0.9877,0.9877,0.0123
743,7028552,204,5,♡♡,레시피가 너무 간단해서 따라해봤는데 너무 맛있고 무가 들어가서 시원해요~~ 울아들이 맛있다고 하네요 간단한 레시피 올려주셔서 감사해요♡♡,positive,0.9923,0.9923,0.0077
744,7028552,483,5,미소,간단하면서 맛있네요 감사합니다,positive,0.9858,0.9858,0.0142
745,7028555,837,5,주말꿀템,맛있어요 파스타 처음해보는데 맛있데요,positive,0.9909,0.9909,0.0091
746,7028555,218,5,ㅇㅇㅈ,간단하게 할 수 있는데 넘 맛나용,positive,0.9901,0.9901,0.0099
747,7028564,919,5,팬더11,진짜 맛있게 잘됬어요! 좋은 레시피 감사합니다!,positive,0.9923,0.9923,0.0077
748,7028648,354,5,내 사랑 찌후,간단하게 맛있게 만들었네요. 백주부님 레시피보다 저는 이게 더 맛있어요.,positive,0.9917,0.9917,0.0083
749,7028655,274,5,김경민,맛있게 잘 먹었습니다~~,positive,0.9699,0.9699,0.0301
750,7028655,145,5,keri,너무 맛있어용!,positive,0.9903,0.9903,0.0097
751,7028725,204,5,♡♡,제가 비빔국수를 잘 못했었는데 레시피대로 하니깐 새콤달콤 맛있네요 다음에도 좋은 레시피 부탁할게요~~^^♡♡,positive,0.9922,0.9922,0.0078
752,7028822,722,5,요똥손,맛있어요~ 저는 단맛을 넣고 싶어서 요리당 조금 넣었어요!,positive,0.9918,0.9918,0.0082
753,7028822,282,4,김보미,봄참외가 맛있네요. 저는 참외만 먹는 게 좀 더 좋아요ㅎㅎ,positive,0.9889,0.9889,0.0111
754,7028955,672,5,양초딩,미니 단호박으로 하니 양도 많지않고 딱 조아요^^ 전 마지막에 조금 묽은 느낌이라 체다치즈 하나 더 넣었어요~ 아이주려고 했는데 잘 먹네요~ 감사해요^^,positive,0.9924,0.9924,0.0076
755,7028955,800,5,이혜림/감귤/연화,이 레시피 참조해서 맛있게 잘 만들었습니다,positive,0.9919,0.9919,0.0081
756,7028987,890,5,쵸르,최고의 다대기 이십니다. 정말 딱 적당 그자체 근데 준비물에는 식초가 빠져있어요. 과정에는 들어가있어요 암튼 맛있게 잘먹었어요. 팁: 만들어놓고 냉장고에서 30분정도 숙성하면 더 맛있음,positive,0.9671,0.9671,0.0329
757,7028987,882,5,최 인찬,좋아요.,positive,0.6041,0.6041,0.3959
758,7029033,464,5,모야내꼬,감자삶기 은근 어려운데 너무 쉽게 성공했어요 감사합니다!!,positive,0.9921,0.9921,0.0079
759,7029068,509,5,박미숙,이 레시피가 젤 맘에들어요~~ 쌀조청을 어찌쓸까 고민했는데말입니다^^,positive,0.9921,0.9921,0.0079
760,7029076,13,5,2607bird,마침 오이 두개가 있길래 해봤는데 너무 맛나요 제 입맛에 딱이예요! 역시 믿고 만드는 옥이님 레시피네요~~~^^,positive,0.9923,0.9923,0.0077
761,7029076,427,5,로베르또빠륵,맛있게 잘먹었습니다,positive,0.9354,0.9354,0.0646
762,7029101,438,5,리언이,너무 만족하게 잘 되었슴다 진짜 초간단 재료.,positive,0.9915,0.9915,0.0085
763,7029104,629,5,신종국,짜지않고 맛있내요~^^ 아이들이 좋아할것 같아요,positive,0.9922,0.9922,0.0078
764,7029104,558,5,비둘기7704,덕분에 잘해 먹었습니다. 감사합니다.,positive,0.9861,0.9861,0.0139
765,7029131,382,5,더워도 푸르름 속에 있으니 좋구나~,앞다리 살을 좋은 가격에 팔기에 사다가 레시피 참조하여 저녁 반찬으로 맛있게 먹었어요,positive,0.9908,0.9908,0.0092
766,7029131,846,5,지뇽2,300그램 기준으로 줄여서 계량하여 만들었어요. 생강청이 없어서 생강가루를 넣었고 미원 조금 추가. 조리 끝난 후 참기름 추가로 두르면 맛이 확 살아요. 오랜만에 정말 맛있게 돼서 남편이 극찬을 하며 먹었습니다. 정말 맛있었어요!,positive,0.9923,0.9923,0.0077
767,7029131,618,5,슬기,제육을 항상 실패했는데 처음으로 성공했어요 레시피 감사합니다 요걸로 정착할게요^^,positive,0.9921,0.9921,0.0079
768,7029131,962,5,호호지니,저는 앞다리살 말고 목살로 했늠데 양념이 달지 않고 맛있어요 ~~,positive,0.9919,0.9919,0.0081
769,7029150,700,5,예진,"와.. 너무 맛있었어요. 다른 레시피보다 간단해서 따라해봤는데 감자,두부 먼저 굽고 식히고 하는게 킥이였네요.",positive,0.9914,0.9914,0.0086
770,7029150,102,5,ampgirl98,간단한 레시피로 맛있게 만들어 손님들과 먹었어요~ 감사합니다,positive,0.9922,0.9922,0.0078
771,7029150,135,5,iameh,매콤하고 단백하니 맛있어요~ 밥 한그릇 뚝딱 했네요 ^^,positive,0.9923,0.9923,0.0077
772,7029175,506,5,박 용매,넘 쫄깃하게 되었고 물없이 어묵조림 정말 맛있어요,positive,0.9922,0.9922,0.0078
773,7029175,786,5,이시연(정흠승흠),정말 맛있었어요! 제가 원하던 맛입니다,positive,0.9919,0.9919,0.0081
774,7029194,69,5,Minh Thư,"이 요리는 쉽게 만들 수 있고, 저는 모유 수유 중이라 매운 음식은 만들 수 없어요. 이 요리는 냉장고에 있는 재료만 있으면 아주 적합해요. 고맙습니다♡",positive,0.9842,0.9842,0.0158
775,7029194,121,5,gettoogo,진짜 너무 맛있어요 ㅜㅜ 두 명이 먹고 미리 반 덜어서 냉장고 넣다가 다음날 먹으면 짱이에요~,positive,0.9923,0.9923,0.0077
776,7029194,243,5,경미,집에 마침 감자가있어서 해봐여 !ㅎㅎ 저녁밥 걱정없네용 ㅎㅎ,positive,0.9919,0.9919,0.0081
777,7029194,672,5,양초딩,아이들 주려고 했는데~ 너무 간단하고 맛있네요~ 감사해요^^,positive,0.9923,0.9923,0.0077
778,7029194,641,5,아기우주,맛있게 잘 먹었습니다^^ 금방 간단히 만들었어요!,positive,0.9918,0.9918,0.0082
779,7029194,788,5,이영희,맛있게 잘 먹었습니다 ~~!!!,positive,0.9879,0.9879,0.0121
780,7029194,393,5,둘래,간단하면서도 맛있네요 ~,positive,0.9912,0.9912,0.0088
781,7029194,601,5,솔이,레시피대로 해봤어요 ^^,positive,0.9885,0.9885,0.0115
782,7029194,539,5,보라망고,맛있네요!!,positive,0.9815,0.9815,0.0185
783,7029194,782,5,이선,맜있어요,positive,0.5051,0.5051,0.4949
784,7029194,6,5,..,맛있어요,positive,0.8078,0.8078,0.1922
785,7029194,423,5,레시피없이뚝딱,굿,positive,0.9546,0.9546,0.0454
786,7029234,831,5,제제의 나무,아들이 너무 좋아하네요~~^^따라하기도 쉽고 맛도 좋고!! 좋은 레시피 감사합니다~~,positive,0.9924,0.9924,0.0076
787,7029234,345,5,나모냥,와이프점심으로 만들어줬어요!맛있답니다!,positive,0.9923,0.9923,0.0077
788,7029292,335,5,꿈하늘,두번째 해서 먹었어요. 처음에 해먹고 두번째는 레시피가 뭐였는지 못찾아서 다른 걸 보고 해먹고 이번엔 다시 찾아서 맛있게 먹었네요. 올리고당은 넣지 않았고 설탕은 아주 쪼금 뿌렸어요. 단 걸 좋아하지 않아서요. 왜인지는 모르겠지만 이 레시피로 하면 시래기가 부드러워져서 식구들이 고기만큼 시래기도 잘먹네요.,positive,0.9833,0.9833,0.0167
789,7029307,90,5,XOXO,간단하게 정말 건강하고 맛있는 간식 만들었네요! 레시피대로 만들면 저한테는 조금 짜서 소금을 덜 넣어서 만들거에요~,positive,0.9921,0.9921,0.0079
790,7029307,942,5,하잇이,감사해요 저도 아이들도 맛있게 먹었습니다. ^^ 하기도 간편하고 좋네요! 더 달라고 해서 한 번 더 해줘야겠어요ㅎㅎ,positive,0.9924,0.9924,0.0076
791,7029307,678,5,엄또청,처음 만들어보는데 맛있네요^^ 감사합니다,positive,0.9923,0.9923,0.0077
792,7029308,145,5,keri,간도 딱맞고 너무 맛있어서 감탄하면서 먹었어요!,positive,0.9923,0.9923,0.0077
793,7029379,557,5,블루s,오늘 오랫만에 만들었어요,positive,0.9717,0.9717,0.0283
794,7029392,566,5,삼다수,항상 잘 먹고있어요~!,positive,0.9904,0.9904,0.0096
795,7029407,914,5,토리맘,매콤하고 맛있어요! 전 단맛을 안좋아해서 설탕은 조금 줄였어요^^,positive,0.9917,0.9917,0.0083
796,7029407,40,5,Goldfish,맛있게 잘 먹었어요. 좋은 레시피 감사합니다~,positive,0.9916,0.9916,0.0084
797,7029407,451,5,맑은동그라미,맛있게 무쳐졌네요. 밥 한공기 뚝딱입니다~~~,positive,0.992,0.992,0.008
798,7029407,398,5,디디,맘대로 만들었는데도 맛있었어요,positive,0.9915,0.9915,0.0085
799,7029407,565,5,살찐기니,너무 좋은 레시피 감사합니다.,positive,0.9851,0.9851,0.0149
800,7029407,228,5,갈비5,너무 맛있어요~!!!!!,positive,0.9872,0.9872,0.0128
801,7029415,95,5,[진형'ㅡ'],고기 밑간할 때 진간장으로 해서 간이 조금 세지긴 했지만 감자도 포슬하고 국물도 감칠맛 있어서 맛있게 먹었어요! 감사합니다:),positive,0.9922,0.9922,0.0078
802,7029415,883,5,최강집순이,진짜 별 것 안들어갔는데도 맛있네요~~!!남편이 넘 맛있다고 좋아해요!!!!멸치액젓대신 참치액젓 넣었는데 그래두 정말 맛나요ㅎㅎ,positive,0.9921,0.9921,0.0079
803,7029415,435,5,리다,간단하고 맛있게 성공했어용,positive,0.9879,0.9879,0.0121
804,7029415,197,5,yuree,간단하면서도 맛있네요,positive,0.9895,0.9895,0.0105
805,7029455,328,5,꽃지안♡꽃지유맘,너무 맛나게 잘해먹었어요 아이들도먹을거라 고추장은 안넣었는데도 맛나요~ 자주해먹을것같아요^^,positive,0.9922,0.9922,0.0078
806,7029455,132,5,hwa0204,맛있어요..생각보다 후추를 좀 많이 넣어서인지 매운거 잘먹는편은 아닌 저는 딱 좋았고 땡초까지는 안넣어도 충분했어요. 양념은 갈치조림과도 어울릴거 같아요.,positive,0.992,0.992,0.008
807,7029486,212,5,♥성이♥,쇼츠에서 냉수육하는거 보고 하고싶었는데 만개의레시피에는 다 있네요~ 전 앞다리살로 해서 알려준 양념장과 찍어먹고~ 기름장에도 찍어 먹었는데 둘 다 맛있네요~~,positive,0.9919,0.9919,0.0081
808,7029486,188,5,two안이엄마,간단한 방법으로 맛있게 잘 먹었습니다 ^^ 저희남편이 제가 한 요리 중에 제일 맛있다고 할 정도로 맛있었어요. 양념장도 완전 맛있었어요!,positive,0.9924,0.9924,0.0076
809,7029534,929,5,프로지망생,가지전은 처음 해보는데요 맛있고.식구들도 잘먹어요 감사합니다^^,positive,0.9924,0.9924,0.0076
810,7029534,369,5,다영마미♡,맛은 있지만 아이랑 같이 먹기엔 조금 짜운 느낌이 있어요..,negative,0.783,0.217,0.783
811,7029620,326,5,꽃길,좋네예 맛있어요ㅡ,positive,0.9137,0.9137,0.0863
812,7029684,273,5,김검사,맛있어요 치즈가 신의한수였어요,positive,0.9908,0.9908,0.0092
813,7029804,740,5,우수한 전사,맛있어요 찜기로 쪄서 먹는게 좋을듯,positive,0.9884,0.9884,0.0116
814,7029844,145,5,keri,단짠단짠 최고에요!,positive,0.9919,0.9919,0.0081
815,7029966,672,5,양초딩,아이반찬으로 슴슴하게 했어요~ 맛소금이 있는지 알았는데 없어서 그냥 소금으로 간했어요~ 잘 먹을께요^^,positive,0.9882,0.9882,0.0118
816,7029966,969,5,화ᆞ정네맘,덕분에 새로운 호박반찬 득템했어요~남편이 맛있데요~ 사진을 미쳐 못 찍었네요~,positive,0.9914,0.9914,0.0086
817,7029966,377,5,단우파파,4살 아이 아빠입니다! 덕분에 쉽게 만들어서 아이랑 맛있게 잘먹었습니다.,positive,0.9923,0.9923,0.0077
818,7030089,515,5,박운공,정말 맛있었어요!! 근데 올리고당을 2스푼으로 하면 더 좋을것 같아요,positive,0.9895,0.9895,0.0105
819,7030095,190,5,wendy04,정말 간단하고 맛나네요 잘 먹었습니다^^,positive,0.9918,0.9918,0.0082
820,7030095,672,4,양초딩,조리 방법이 간단해요~ 빠르게 완성했어요^^,positive,0.992,0.992,0.008
821,7030130,798,5,이해경,맛있었어요!감사합니다!^^,positive,0.9879,0.9879,0.0121
822,7030132,613,5,슈슈,처음해보는 요리인데 너무맛있게 잘됐어요 !!ㅜ 누가 만들어준거같아용 ㅋㅋ 완벽한레시피네여,positive,0.9922,0.9922,0.0078
823,7030132,911,5,태성일(호대10번 현진애비),시구들이 맛있다고 난리네요~~감사합니다,positive,0.991,0.991,0.009
824,7030132,500,5,바라바라바밤바,진짜 맛있어요~~ 2번째 해먹어요,positive,0.9918,0.9918,0.0082
825,7030132,845,5,중딩둘!초딩하나!,아이들이 맛있게 먹었어요!,positive,0.9911,0.9911,0.0089
826,7030132,663,5,암키,덕분에 저녁잘먹었어요~,positive,0.9902,0.9902,0.0098
827,7030132,347,5,나원형,굳이다,positive,0.6988,0.6988,0.3012
828,7030132,590,5,세브너,맛도리,positive,0.9036,0.9036,0.0964
829,7030323,382,5,더워도 푸르름 속에 있으니 좋구나~,은근 맛이 살지않아 몇번 끓여도 실패하는 고추장 찌개였는데 레시피따라 끓여보니 맛있네요 호박대신 두부넣고 바글바글 끓여 저녁반찬으로 맛있게 먹었어요,positive,0.9918,0.9918,0.0082
830,7030323,905,5,클로우버,맛있네요 입맛이 없어서 끓여 본건데 더워도 맛있어서 잘먹었어요~,positive,0.9919,0.9919,0.0081
831,7030323,157,5,mambosun,두번째 만들어 먹어요 레시피가 잘 맞아 너무 맛있어요!,positive,0.9924,0.9924,0.0076
832,7030415,145,5,keri,소세지랑 떡까지 넣으니 정말 맛나용,positive,0.9921,0.9921,0.0079
833,7030489,370,5,다있대,고소한게 넘 맛있었어요 감사합니다~~,positive,0.9906,0.9906,0.0094
834,7030537,261,5,권나은,저는 올리고당을 좀 덜넣었어요 맛있어요,positive,0.99,0.99,0.01
835,7030553,980,5,희우주,맛있게 잘 됐어요~,positive,0.9789,0.9789,0.0211
836,7030605,59,5,KOMAGAMI,정말 간단하게 잘 만들어 먹었습니다 ㅎㅎ 저는 양념에 고춧가루를 추가했는데 칼칼하니 더 좋네요!!,positive,0.9921,0.9921,0.0079
837,7030618,703,5,오기♥️,맛있어요,positive,0.8078,0.8078,0.1922
838,7030707,226,5,가은,자취생입니당 간편하고 여름에 시원한 오이향을 즐기기 좋은 한 끼였어요❤️ 맛나용,positive,0.9924,0.9924,0.0076
839,7030707,420,5,레라,너무 맛있어요,positive,0.9662,0.9662,0.0338
840,7030757,466,5,몽시르으,저는 닭가슴살을 볶아 먹었어요! 넘 맛나여 스리라차소스!,positive,0.9923,0.9923,0.0077
841,7030853,451,4,맑은동그라미,쏘쏘 하네요.,negative,0.9806,0.0194,0.9806
842,7030859,154,5,lindsay,간단히 해먹을거 찾다가 만들어봤어요. 남편이 너무 맛있다고 다음에 또 해달라하네요,positive,0.9924,0.9924,0.0076
843,7030859,668,5,얄로루,와..진짜 맛있게 잘 먹었어요!!!,positive,0.9916,0.9916,0.0084
844,7030903,81,5,Seong-Ick Moon,"사실은 냉짬뽕이란 것을 먹어 본 적은 없지만 알려주신 조리법을 따라 잘 만들어 먹었습니다. 저는 꿩육수에 치킨스톡을 조금 넣었습니다. 애들이 처음에는 야채 썰어 놓은걸 보고 월남쌈하냐고 했는데, 저도 이걸 볶아야되지 않나 계속 레시피를 읽어 봤죠. 다음에는 해물육수 직접 뽑아서 해 보겠습니다.",positive,0.9902,0.9902,0.0098
845,7030960,862,5,쪽빛가을하늘,맛있게 잘 만들어 먹었어요 ~~,positive,0.9846,0.9846,0.0154
846,7031022,26,5,Bruce - LEE,따라해 봤는데!^^성공이야요!^^,positive,0.9912,0.9912,0.0088
847,7031022,425,5,령아야~,간도 잘맞고 맛있어용~~,positive,0.9923,0.9923,0.0077
848,7031104,893,5,칼미아,여름무우 맛없는데 ᆢ 오늘은 기가막히게 맛이납니다 바로 먹어도 될듯요ㅎ,negative,0.9894,0.0106,0.9894
849,7031128,594,5,셩태우맘,맛있어요~~ 잡채만 해서 먹었을때도 맛있긴하지만 씹히는식감이 덜해 심심하다면 콩나물도 같이넣으니 아삭아삭 식감이 제가 좋아하는 식감이에요~~♡ 자주해먹을것같아요~~,positive,0.9922,0.9922,0.0078
850,7031141,351,5,남기성,"와우,,,덕분에 맛난 간식 준비했네요~!",positive,0.992,0.992,0.008
851,7031141,103,5,apple,오늘맛있는한끼해먹었어요,positive,0.9849,0.9849,0.0151
852,7031175,670,5,얌전이3,후딱 만들어서 맛있게 잘 먹었습니다~♡,positive,0.9918,0.9918,0.0082
853,7031175,381,5,더두리,간단한데 정말 맛있어요!,positive,0.9916,0.9916,0.0084
854,7031227,127,5,heavenm74,맛있어요 오징어 볶음 하면 늘 물이 생기고 맛은 2% 부족했는데 꾸덕꾸덕하니 맛나요 밥을 두 배로 먹어버렸네요 ㅎㅎ 사진 찍기전에 다먹어 버려서 다음에 사진 올릴게요,positive,0.991,0.991,0.009
855,7031248,337,5,나꾸뇽,미니단호박이 아니라 그냥 단호박으로 해서 단호박 익히는데 시간이 좀 더 걸렸어요. 치즈 듬뿍 넣어서 만들었더니 너무 맛있어요.,positive,0.9914,0.9914,0.0086
856,7031255,756,5,유복규,호박과 가지가 이런 맛을 내네요. 감사합니다,positive,0.9341,0.9341,0.0659
857,7031282,19,5,??,속초사는 멍때리는 나그네인데 속도허해서 닭백숙 레시피 알려준데로했더니 찐짜 쥑이네여~~~~~^^ 감사합니다,positive,0.9585,0.9585,0.0415
858,7031284,207,5,"♡연진,윤진,호준맘♡",레시피에 부침가루조금첨가해서했어요~~가족들이 잘먹네요,positive,0.9913,0.9913,0.0087
859,7031284,703,5,오기♥️,맛있어요,positive,0.8078,0.8078,0.1922
860,7031356,370,5,다있대,전 풋고추로 했는데요 넘 맛있네요!밥도둑이에요 김사합니다~~,positive,0.9921,0.9921,0.0079
861,7031359,89,5,WeezzleF마술,라이스페이퍼가 붙어서 찢어지긴 하지만 맛있게 잘 먹었어요. 너무 맛있어서 다이어트가 안되는 것 같아요ㅋㅋㅋ,positive,0.965,0.965,0.035
862,7031370,646,5,아리샘,양배추와 부추의 조합! 맛있습니다. 잘먹었습니다.^^,positive,0.9924,0.9924,0.0076
863,7031419,164,5,noopyls,맛있게 잘 만들어먹었습니다,positive,0.9582,0.9582,0.0418
864,7031419,703,5,오기♥️,맛있어요,positive,0.8078,0.8078,0.1922
865,7031468,457,5,매일등산,트레이더스에서 필렛 사서 숙성시켜 가족들 모두 만족스럽게 실컷 먹었습니다. 자세히 설명해주셔서 그대로 따라하니 맛있게 숙성되었어요.숙성 전 먹었던 생연어랑 비교해보니 확실히 감칠맛이 업그레이드 되었습니다. 좋은 방법 공유해주셔서 감사해요~ ^^,positive,0.9924,0.9924,0.0076
866,7031471,475,5,미1미1미,후토마키 도전해봤는데 레시피 따라서 하니 요리하기 쉽고 맛있네요^^ 감사합니다,positive,0.9923,0.9923,0.0077
867,7031515,237,5,강향옥,손쉽게 할수 있어서 최고입니다. 자주 해먹을듯 싶어요.,positive,0.9923,0.9923,0.0077
868,7031537,674,5,어린환자,아래 님 말씀대로 레시피 양념으로 2인분으로 했더니 딱 좋네요! 그리고 너무 맛있어요! 마음에 드는 레시피입니다,positive,0.9923,0.9923,0.0077
869,7031537,20,5,Absinth,맛있어요. 2인분이 맞아요. 김가루 넣고 오이올리면.. 캬. 저희집은 고추가루도 청량고추가루인데 이마에 살짝 땀이나요. 매콤하게 맛있었어요.,positive,0.9917,0.9917,0.0083
870,7031537,167,5,ouo0906,"설탕 3숟갈반,고춧가루 2스푼반",negative,0.9214,0.0786,0.9214
871,7031537,364,4,늘예솔,맛이 있기는 한데 양념이 2인분 양이고요 조금 매워요...우린 맵찔이가 아니라서 궁물은 먹을수가 없었네요.,negative,0.9027,0.0973,0.9027
872,7031539,469,5,무카,윤토피아님 오늘 또 만들어 먹었어요. 정말 최고의 레시피예요. 감사합니다.,positive,0.9924,0.9924,0.0076
873,7031539,855,5,진땍,남편이 맛있다구 해줬어요!! 맛있게 잘먹었습니당,positive,0.992,0.992,0.008
874,7031570,382,5,더워도 푸르름 속에 있으니 좋구나~,목살을 세일하여 샀는데 어떤 요리를 할 까 하고 찾아보던중 레시피가 맘에 들어 만들어보았는데 역시 맛있네요,positive,0.9917,0.9917,0.0083
875,7031635,592,5,세진,만둣국은 첨 만들어보는데 엄청 간단하고 자취생도 편하게 먹을수있어서 좋아요 계란국이랑 똑같이 만드는군요 조리시간도 얼마 안걸리고 맛도 있고 맛있게 잘먹었습니다,positive,0.9923,0.9923,0.0077
876,7031635,510,5,박상학,마지막 조미김을 넣으니 국물이 확 맛있어 지네요 ㅎㅎㅎ,positive,0.9919,0.9919,0.0081
877,7031635,703,5,오기♥️,맛있어요,positive,0.8078,0.8078,0.1922
878,7031635,103,5,apple,좋아요,negative,0.615,0.385,0.615
879,7031635,672,4,양초딩,저는 소금을 너무 많이 넣었나 봐요~ 살짝 짠데 그래도 맛있어요~ 잘 먹을께요^^,positive,0.9913,0.9913,0.0087
880,7031646,330,5,꾸기,너무 맛있어요 자주 해먹을듯 맥주 사다가 먹었어요,positive,0.9922,0.9922,0.0078
881,7031756,823,5,정소영,맛있어요! 용량을 제대로 확인을 못해서 저는 좀 짰지만 ㅜㅜㅜ 다들 적당히 넣으셔요!,positive,0.9916,0.9916,0.0084
882,7031756,145,5,keri,항정살로 해봤는데 쫄깃하고 맛있어요!,positive,0.9923,0.9923,0.0077
883,7031816,703,5,오기♥️,맛있어요,positive,0.8078,0.8078,0.1922
884,7031863,8,5,.맛장미,작년에 만들어서 두고두고 너무 잘먹어서 또 만들어 봤어요 나는 식용유에 볶지않고 양념들 섞어서 재료들에 굴소스랑 마늘도 듬뿍넣고 바로 볶았어요 매워서 맛을 많이 보지는 못하겠고 밥하고 상추쌈싸서 맛있게 먹어야겠어요 비주얼은 생각대로 잘 나온거같아요~^^,positive,0.992,0.992,0.008
885,7031884,661,5,알아차림,가는소금으로했더니배추가좀싱거운걸빼곤최고네요!! 이걸로쭉입니다^----^,positive,0.9889,0.9889,0.0111
886,7031897,186,5,totoya,"맛있는자반고등어나눔받아서ᆢ 머라와 코리는조림으로ᆢ 가운데트막은구이로했는데 이방식으로조링을하니, 간도 딱 맞고ᆢ맛있어요. 감사합니다~",positive,0.9921,0.9921,0.0079
887,7031920,867,5,쭈쩡마미,새송이 버섯이 없어서 있는버섯으로만 끊었어요 칼칼한게 넘 맛있었어요,negative,0.9189,0.0811,0.9189
888,7031967,402,5,딸기아로아,무더위에 상큼한 샐러드 너무 좋아요. 감사드립니다,positive,0.9919,0.9919,0.0081
889,7032067,277,5,김명근,시원한맛이 일품이네요.'역시 최고,positive,0.9918,0.9918,0.0082
890,7032067,738,5,욜린이,깔끔하게 맑은 미역국 맛있어요,positive,0.9911,0.9911,0.0089
891,7032072,703,5,오기♥️,맛있어요,positive,0.8078,0.8078,0.1922
892,7032079,672,5,양초딩,꽈리고추가 색다른 반찬이 됐네요~ 손은 많이 가지만 맛있어요~ 잘 먹을께요~,positive,0.9913,0.9913,0.0087
893,7032079,869,5,차니맘,꽈리고추가마니매워요 그래서 전 감자랑고추데쳐서 요리했어요 요리시간단축도되고 맛난레시피감사합니다,positive,0.9907,0.9907,0.0093
894,7032079,37,5,Endless Summer,기대 안했는데. 저는. 국물멸치 몇개 랑 들기름 넣고 졸였어요 너무 맛있습니다 ^^,positive,0.9922,0.9922,0.0078
895,7032079,76,5,Plus7,출산으로 반찬만들기 힘든 며느리 반찬으로 만들어줬어요. 아들이 더 맛있게 먹네요.,positive,0.9914,0.9914,0.0086
896,7032079,289,5,김수미(연지예지맘),양념 맛있어요 물 많이 넣고 조릴줄만 알았는데 양념 잘 베고 짜지 않네요,positive,0.991,0.991,0.009
897,7032079,407,5,또룡,신랑이 감자좋아하는데 맛있게 잘해먹었어요 감사합니당,positive,0.9904,0.9904,0.0096
898,7032079,429,5,루니,도시락 반찬 찾다가 만들어봤어요 양념 너무 맛있어요,positive,0.9918,0.9918,0.0082
899,7032079,145,5,keri,양념 맛있어요 ㅎㅎ,positive,0.9894,0.9894,0.0106
900,7032092,402,5,딸기아로아,스팸을 잘라서 물에 살짝 데친 후 프라이팬에 구워 밥 위에 포개주면 정성이 배가 되겠죠? 꾹꾹 눌러 담을때 옆에 있는 가족과 함께하면 더욱 재미있을 것 같아요. 담기전에 입안으로 직행할 수도 있으니 넉넉히 준비하는 건 어떨까요?,positive,0.9864,0.9864,0.0136
901,7032092,43,5,Hanbit Lee,간단하고 맛있어요,positive,0.9803,0.9803,0.0197
902,7032267,595,5,소떡소떡을좋아해요,진짜 어어어엄청 맛있어요 제가 보기엔 팔아도 될듯;;; 너무 맛있어서 오두방정떨면서 엄마한테도 드렸는데 인정해주셨어요 동그랑땡? 느낌인데 너무 담백하고 참치 그냥 미쳣어요 고로캐먹는 것 같기도 한것이….. 다음에 또 해먹을 의향 2300000394894900%입니다,positive,0.9867,0.9867,0.0133
903,7032267,698,5,예둥이네,맛나게 잘 해무겄어용,positive,0.9825,0.9825,0.0175
904,7032267,703,5,오기♥️,맛있어요,positive,0.8078,0.8078,0.1922
905,7032380,981,5,힐링♡♡^.^,양념을 많이넣어서 그런가 맛나 보이긴합니다~~ 잘 맛있는요리를 하게 해주셔서 감사 드립니다~~~,positive,0.9911,0.9911,0.0089
906,7032421,703,5,오기♥️,맛있어요,positive,0.8078,0.8078,0.1922
907,7032529,605,5,송서현,사진찍어놓으니 비주얼은 좀 별론데요 맛은 최고였어요. 중화풍의 매운 잡채같아요. 매콤하니 너무 잘 먹었습니다.,positive,0.992,0.992,0.008
908,7032529,184,5,sunrain,양념이 너무 괜찮아요 이렇게 하니 하나도 남김없이 먹네요 버섯이나 고기류 요리할때도 넘 좋아요 감사합니다,positive,0.992,0.992,0.008
909,7032529,313,5,김희진7,요리초보자인데 배추 너무 많이 넣어서 간맞추는데 어려웠지만 나중에는 간 맞춰서 정말 맛있게 먹었어요 감사합니다,positive,0.9904,0.9904,0.0096
910,7032529,777,5,이거해죠,그 뒤로 5번은 더 해먹었어요 너무 맛있어요!,positive,0.9918,0.9918,0.0082
911,7032886,906,5,큼죨,맛있게 먹었어요!! 감사합니다,positive,0.989,0.989,0.011
912,7032961,402,5,딸기아로아,요즘 날씨에 불 앞에 오래 서 있지 않고 간단히 시원하게 만들어 먹을 수 있는 한끼를 공유해주셔서 감사드립니다,positive,0.9921,0.9921,0.0079
913,7032961,876,5,초록초록,맛있게 먹었습니다. 구이용소고기로 소스 레시피 이용해서 간단한 냉우동 아침식사 했어요.,positive,0.9916,0.9916,0.0084
914,7032961,866,5,쭈밍이,여름에 해먹기 딱이네요 간편하니 불앞에 계속 오랬동안 안있어도 될껏 같고 한번 만들어 먹어봐야겠네요 ㅎㅎ,positive,0.9922,0.9922,0.0078
915,7033069,460,5,먼지ᆞ,삭힌 깻잎 해보구 싶었는데 편한 방법 자세히 알려주셔서 감사해요 맛있을 것 같아요♡,positive,0.9919,0.9919,0.0081
916,7033069,382,5,더워도 푸르름 속에 있으니 좋구나~,처음부터 레시피보면서 해 봤어요 삭히기는 좀되었는데 오늘 드디어 양념 만들어 잘 저장했네요,positive,0.9912,0.9912,0.0088
917,7033069,494,5,민윤경,덕분에 맛있는 김치 만들었어요 준비과정이 어렵지 않고 집에 있는 재료로 뚝딱 했어요 감사드려요~~,positive,0.9922,0.9922,0.0078
918,7033242,402,5,딸기아로아,새콤달콤 샐러드로 잃어버린 입맛도 돌아올 것 같아요. 공유해주셔서 감사합니다,positive,0.9916,0.9916,0.0084
919,7033355,103,5,apple,분짜라는 음식을 먹어보고싶어서 직접만들었더니 맛있어여!! 또해먹을듯해용 쌀국수 면이 없어서 옥수수면으로 해먹었어여!!,positive,0.9922,0.9922,0.0078
920,7033463,447,5,마이콜,넘 맛있어요 ㅠㅠ 진감장 대신 혼쯔유4배농축액 3T랑 김자반 좀 넣어먹으니까 환상적입니다,positive,0.9918,0.9918,0.0082
921,7033482,826,5,정유숙,만드는 방법도 간단하고 쉽고 들깨가루를 넣어서 완전 꼬숩고 맛있어요,positive,0.9923,0.9923,0.0077
922,7033492,402,5,딸기아로아,들기름을 이용한 두부김치 너무 너무 맛있어 보여요. 특히 제가 좋아하는 두부가 참치와 김치의 조화로움을 부드러움으로 덮어주네요. 공유해주셔서 감사합니다,positive,0.9922,0.9922,0.0078
923,7033513,402,5,딸기아로아,만들기도 쉽고 깔끔한 어묵국수 만들어 봐야겠어요. 공유해주셔서 감사합니다,positive,0.9923,0.9923,0.0077
924,7033539,520,5,박진주,저녁에 카레해서 잘먹었습니다,positive,0.9899,0.9899,0.0101
925,7033640,797,5,이지은,깔끔한무국 너무 맛있어요 날씨 쌀쌀해져서 따끈한 무국이 먹고싶었는데 기뻐요~ 좋은레시피감사합니다,positive,0.9922,0.9922,0.0078
926,7033640,668,5,얄로루,맛있게 잘 먹었습니다-!,positive,0.9881,0.9881,0.0119
927,7033650,62,5,Longs,"레시피대로 했더니 너무나 맛있게 잘먹었습니다! 저는 단호박을 생각보다 오래 익혔더니 다 뭉글어져버렸지만, 그 나름대로 단호박향이 잘 퍼져서 맛있었어요. 보통 단호박안에 오리고기를 담아내는 요리가 많은데, 이 레시피가 더 맛있고 조화롭게 먹을 수 있는것같아 좋아요! :)",positive,0.992,0.992,0.008
928,7033838,402,5,딸기아로아,메추리알과 소시지는 사랑스런 조합인것 같아요. 알콩달콩 달짝지근함으로 입안이 꽉찰것 같아요,positive,0.906,0.906,0.094
929,7033921,385,5,독로아내,레시피 따라 만들었더니 쉽고 맛있게 되었습니다 감사합니다 ~^^,positive,0.9923,0.9923,0.0077
930,7033948,76,5,Plus7,"감자볶아서 결혼한 아들네, 자취하는 작은 아들 반찬으로 만들어줬어요. 맛있다고 잘 먹네요.",positive,0.9921,0.9921,0.0079
931,7033948,672,5,양초딩,저는 스팸 하나를 남기지 않고 다~넣었어요~ 아이가 너무 좋아하네요~ 잘 먹을께요^^,positive,0.9921,0.9921,0.0079
932,7033948,92,5,Yessica,맛있어요~~~,positive,0.9123,0.9123,0.0877
933,7033948,703,5,오기♥️,맛있어요,positive,0.8078,0.8078,0.1922
934,7034101,511,5,박서연,너무맛있어요 적당히 매콤칼칼해서 반찬으로도 술안주로 자주해먹습니다 레시피감사합니다,positive,0.9923,0.9923,0.0077
935,7034112,642,5,아나수나문,"사진은 못찍었지만 갈비찜 레시피중 최고였어요 돈버느라 음식솜씨 없는 50대 중반 입니다 아들 생일에 이레시피로 했는데 너무 잘먹네요 선생님 레시피는 불세기, 양념과 재료 양을 디테일하게 올려주시니 초보가 하기에 너무 좋아요. 갈비탕에 이어 이번엔 갈비찜까지 너무 맛있네요 덕분에 유튜브 도 자주 보고 있네요 좋은 레시피 올려주셔서 감사합니다",positive,0.9922,0.9922,0.0078
936,7034112,724,5,요리검색자,맛있어요. 갈비찜 어려워서 걱정했는데 자세한 설명 덕분에 크게 헤매지않고 만들었어요. 없는재료가 좀 있어서 비슷한걸로 최대한 대체했어요.,positive,0.9921,0.9921,0.0079
937,7034112,582,5,서희애미,"응용해서 표고버섯과 은행, 홍고추 고명으로 해봤어요. 2시간 핏물빼고-3분 데치고- 1시간 육수내며 끓이기- 양념장과 육수넣고 졸이기- 고명넣기 장난아니네요ㅠㅠ 맛은 넘 좋네요. 유튜브 영상도 보니 더 좋았어요. 저는 배가 없어서 키위잼-매실음료 넣고 갈았는데 먹을만 했습니다. 고맙습니다 선생님♡♡♡",positive,0.992,0.992,0.008
938,7034112,384,5,도레미,간단한 방법은 아니지만 소갈비찜에서 깊은 맛이 나요. 짜지않고 아주 맛있어요,positive,0.9903,0.9903,0.0097
939,7034112,727,5,요리왕꾸이엄마꾸,지난번 콩나물국 따라 했다가 반응이 넘 좋아서 큰 맘먹고 장장 이틀에 걸쳐 소갈비찜했어용ㅎㅎ 첫날에 채소 넣고 삶고나서 다용도실에 육수 내놓고나서 담날 기름 위에 굳은거 제거하고 전 싱거운거 좋아해서 고기 3kg에 2kg 기준 양념 넣었더니 딱이에요 심지어 돌쟁이 울 딸랑구도 입 크~게 벌리면서 잘먹네요ㅎㅎ 담에 어떤거 도전해 볼까 쭉 몇백개 레시피 훑어보다 리뷰 남겨요 진짜 훌륭한 레시피입니다❤️,positive,0.9921,0.9921,0.0079
940,7034233,899,5,코코투,내 입맛에 딱맞는 고구마줄기김치입니다. 데치지 않으니 더 아삭거리고 맛있어요^^,positive,0.9923,0.9923,0.0077
941,7034265,359,5,넝이,자취생인데 요깃거리로 꼭 해먹겠습니다!! 좋은 레시피 공유해주셔서 감사합니다^^^,positive,0.9923,0.9923,0.0077
942,7034265,785,5,이슬비,맛있는거 + 맛있는거 = 맛있는거!! 오이가 킥일거 같아요 기대됩니다~!,positive,0.9914,0.9914,0.0086
943,7034265,29,5,Chester Seo,간편하고 맛있어요,positive,0.9633,0.9633,0.0367
944,7034585,82,5,Sukyeoll Lee,저는 콜롬비아에 사는데 처음 해보니 맛있었습니다. 감사합니다,positive,0.9913,0.9913,0.0087
945,7034585,306,5,김지선3212,800미리는 너무 많아요~절반만 붓고 했습니다!,negative,0.9247,0.0753,0.9247
946,7034735,974,5,황지민,부모님 삶아 드렸는데 잘 삶았대요,positive,0.9901,0.9901,0.0099
947,7034769,484,3,미소천사 뿅,양념이 모자랐어요.,negative,0.9856,0.0144,0.9856
948,7034774,15,5,52o,고마와요 도움이 되었네요,positive,0.9358,0.9358,0.0642
949,7034774,302,5,김은미,너무십게요리합니다,negative,0.9565,0.0435,0.9565
950,7034930,703,5,오기♥️,맛있어요,positive,0.8078,0.8078,0.1922
951,7035117,402,5,딸기아로아,어디선가 아플때 먹었던 생선죽이 생각나네요. 그 생선죽은 잊을 수가 없어요,negative,0.9191,0.0809,0.9191
952,7035222,940,5,하얀생쥐,호박대신 가을 무로 했더니 달달하니 넘 맛있습니다 레시피 감사합니다,positive,0.9922,0.9922,0.0078
953,7035222,58,5,Jooaa,레시피 감사드립니다 :)정말 개운하고 맛있어요,positive,0.9918,0.9918,0.0082
954,7035222,767,5,윤혜림,와 완젼 맛있어요~~ 간단한데 최고네요,positive,0.992,0.992,0.008
955,7035222,427,5,로베르또빠륵,맛있게 잘먹었습니다,positive,0.9354,0.9354,0.0646
956,7035222,532,5,변성은,맛있어옹,positive,0.9715,0.9715,0.0285
957,7035279,625,5,시카시카,사진보단 간장과 마요네즈가 섞여 색이 좀 탁하지만 맛있어요! 호박의 변신♡,positive,0.9923,0.9923,0.0077
958,7035284,527,5,배틀스윙,참고해서 만들었습니다. 감사합니다~,positive,0.9893,0.9893,0.0107
959,7035396,201,5,ᵞᴼᵁᴹᴱ,양이 많은것같아서 시지않을까 걱정했는데 딱좋아요!! 너무맛있어요:) 감사합니다!!!,positive,0.9921,0.9921,0.0079
960,7035396,405,5,딸바주스,"초대리 만드는것 찾고있었는데 애들 입맛에도 맞는 좋은 레시피ㄱㅅ합니다 너무 요긴하게 쓰고있습니다 너무 맛있다고 해서 7,8 살 에 어른둘. 4명이서 기존 레시피 5배로 해서 먹고있네요",positive,0.9918,0.9918,0.0082
961,7035545,488,5,미진 장금이,애호박 간장국수는 처음이라 레시피대로 해 보았어요. 맛있게 먹었습니다. 전 데코를 중요시해서 계란까지 얹어서 !!,positive,0.9918,0.9918,0.0082
962,7035545,266,5,그르미,정리 잘 해주서 감사합니다!,positive,0.9876,0.9876,0.0124
963,7035581,62,5,Longs,오리불고기 정말 좋아하는데 레시피대로 해봤더니 사먹는것보다 더 맛있었어요!,positive,0.9918,0.9918,0.0082
964,7035581,755,5,유밍밍,오리불고기 처음 해봤는데 넘 맛있네용~~ 좋은 레시피 감사합니다!,positive,0.9922,0.9922,0.0078
965,7035645,402,5,딸기아로아,클럽클럽 아삭아삭 사각사각 식빵도 필요하겠죠?,positive,0.8952,0.8952,0.1048
966,7035725,672,5,양초딩,아이가 정말 맛있어해요~ 국물이 조금 부족해서 밥에 비벼먹기 조금 어렵긴 했지만~ 잘 먹었어요^^,positive,0.9919,0.9919,0.0081
967,7035725,103,5,apple,진짜 맛있었어요!! 집에 만두만 있으면 자주 해먹을것같아요!!,positive,0.9922,0.9922,0.0078
968,7035725,716,5,옹이k,"헐~~ 진짜 간단한데, 어찌 이렇게 맛있죵? 감사합니다 ~",positive,0.9108,0.9108,0.0892
969,7035725,145,5,keri,너무 맛있게 잘 먹었어요!!,positive,0.9917,0.9917,0.0083
970,7035725,851,4,지인,괜찮네요,negative,0.6007,0.3993,0.6007
971,7035738,546,5,봄봄봄봄보미왔어요,잘만들었습니다~ 부족한간은 맛보면서 만들었어요~ 뚝딱이네요ㅎㅎ,positive,0.9873,0.9873,0.0127
972,7035738,131,5,hoinyou,맛있게 잘 묵읐으요~~^^,positive,0.9893,0.9893,0.0107
973,7035773,111,5,dandelion1,오 확실히 면이 더 탱글하고 맛있어요!,positive,0.992,0.992,0.008
974,7035858,686,5,엘렌775,돼지머리를 사서 어떻게 하나 고민하다가 레시피를 보고 요리를 했는데 정말 맛있었어요. 감사합니다 ~~,positive,0.992,0.992,0.008
975,7035971,492,5,민스토랑,라면이 특별한 요리가 되네요🤩,negative,0.9642,0.0358,0.9642
976,7036177,715,5,올리브0007,맛있게 한끼 잘 먹었습니다,positive,0.9901,0.9901,0.0099
977,7036177,446,5,마이쪙마이쪙,맛있어요!,positive,0.9764,0.9764,0.0236
978,7036298,45,5,Hani0106,"아이들과 맛나게 먹었어요. 새송이버섯은 없어 못 넣고 , 마지막에 깻잎 추가해서 먹었는데 고기간이.잘 베어있어서 맛났어요 ㅎㅎ 감사합니다",positive,0.9919,0.9919,0.0081
979,7036348,180,5,ssavaa,처음 끓여봤는데 제 입에는 정말 맛있게 요리됐어요! 감사합니다♡,positive,0.9923,0.9923,0.0077
980,7036666,668,5,얄로루,정말 맛있게 잘 해 먹었습니다,positive,0.9742,0.9742,0.0258
981,7036849,901,5,콩이네,정말 맛있게 성공했어요,positive,0.9788,0.9788,0.0212
982,7036904,329,5,꽃필영,울아들 해주려구요. 다시 한번 레시피 보러 왔어요. 쉬워서 금방 했어요.,positive,0.9838,0.9838,0.0162
983,7036904,358,5,널사랑해,레시피 감사해요~ 어렵지 않아서 쉽게 할 수 있을 것 같네용 ㅎㅎㅎㅎ,positive,0.9922,0.9922,0.0078
984,7036904,768,5,율남매,너무 맛잇어요!,positive,0.9898,0.9898,0.0102
985,7036904,954,5,햇살도담,맛있겠어요 ㅎ,positive,0.9362,0.9362,0.0638
986,7037475,939,5,하쓰리자매네,설명 자세히 해주셔서 이해가 쏙쏙되요 이번 김장에 참고할게요!감사합니다,positive,0.9903,0.9903,0.0097
987,7037475,482,5,미미삐삐럽,덕분에 매년 실패없는 김장하고 있어요^^,positive,0.9913,0.9913,0.0087
988,7037850,548,5,부계륵,칼국수면은 전분때문에 따로 끓여서 넣는거 추천해요 저는 해물대신 어묵넣었어요! 쉽고 맛있습니다,positive,0.9921,0.9921,0.0079
989,7038030,644,5,아드리아,감사합니다 ^^잘 절여질거 같아요,positive,0.9866,0.9866,0.0134
990,7038050,244,5,경호,생강 제철에 만들어보니 너무 활용도가 좋을 거 같아요~~~,positive,0.9919,0.9919,0.0081
991,7038236,703,5,오기♥️,맛있어요,positive,0.8078,0.8078,0.1922
992,7038383,872,5,천년의약속,일단쉐프님알려주신데로맛있게김장하고나서다시후기올릴께요 감사합니다 ^-^♡♡♡,positive,0.9921,0.9921,0.0079
993,7038383,607,5,수록,여기와 똑 같이 재료 준비해서 정말 맛있게 김장했읍니다.,positive,0.9908,0.9908,0.0092
994,7038685,490,5,미형이,너무~~~맛있는 레시피에요~~~,positive,0.9885,0.9885,0.0115
995,7039214,868,5,찐빵대디,소스를 레시피보다 좀더 많이했더니 조금짠거같기도 ㅠ 꿀을 좀더 너을 걸 그랬네요. 바삭하게 튀기듯이굽는게 좋아요,negative,0.8523,0.1477,0.8523
996,7039214,78,5,RANYea,닭봉 구워서 알려주신 소스에 버무려 냈는데 맛있어요!,positive,0.9921,0.9921,0.0079
997,7039214,925,5,푸른눈물셩,아들이 엄지척하고 다 먹었습니다~~,positive,0.9891,0.9891,0.0109
998,7039214,145,5,keri,너무너무 맛있네요 ㅎㅎㅎ,positive,0.9792,0.9792,0.0208
999,7039262,114,5,diana,너어무 맛있어요 신랑이 흑백요리사 쉐프들이 레스토랑에서 에프타이저로 한조각 내어줄 것 같은 맛이래요,positive,0.9908,0.9908,0.0092
1000,7039515,839,5,주부4단♡,겨울 제철 배추를 1/4 포기 쪄서 이 소스를 부어먹으니까 참 맛있고 편하네요^^ 다진 마늘은 매워서 1 작은 숟갈 넣어도 괜찮네요~ 레시피 올려주셔서 감사합니다.,positive,0.9923,0.9923,0.0077
1001,7039557,30,5,Clannad,"정말 부드럽고 건강한 맛이네요. 조리과정도 간단하고, 조리시간도 짧고^^ 고기 없이도 충분히 맛있어요.",positive,0.9924,0.9924,0.0076
1002,7039557,536,5,별맛없네,평소에 카레 자주 해 먹는데 이방법은 더 훌륭합니다,positive,0.984,0.984,0.016
1003,7039557,596,5,소소,계란을 안 넣기는 했는데 맛있네요 ^^,positive,0.9919,0.9919,0.0081
1004,7039682,257,5,구리호수,약간 중식같은맛이 나네요. 맛잇게 잘 만들엇어요.~^^ 만개의 레시피 종종 보러올께요,positive,0.9904,0.9904,0.0096
1005,7039682,695,5,열매부,와 가지를 많이 안좋아하는데 양념이 너무 맛있어요~,positive,0.9912,0.9912,0.0088
1006,7040047,703,5,오기♥️,맛있어요,positive,0.8078,0.8078,0.1922
1007,7040738,687,5,엘리,넘 상큼하고 아삭한무의 식감과 비린내 안나는 파래 넘 맛나네요 끓여서 붓는건 첨해봐요 배움은 끝이없네요 감사합니다,positive,0.991,0.991,0.009
